Title,Artist,Lyrics Author,Composer,Producer,Copyright Owner,SHA256,File Name,Duration,Creation Date,Registration Date,Status
Adrian Cole - Nailed To The Spot,Adrian Cole,Aşkın Öztürk,Aşkın Öztürk,Esin Banu Öztürk,Aşkın Öztürk & Esin Banu Öztürk (AURA SONİC OFFİCİAL),8a3ee0eda83f2b4dee231cc3b15a5a94efb7f2b06aca2d316149f4f3fcfc2540,Adrian Cole - Nailed To The Spot.mp3,3:33,2026-07-11,2026-08-08,RADIO_ONLY
DON'T ASK ME TO HATE HER,Adrian Cole,Aşkın Öztürk,Aşkın Öztürk,Esin Banu Öztürk,Aşkın Öztürk & Esin Banu Öztürk (AURA SONİC OFFİCİAL),e70078e80b4a2a5bc972f03a5a78fde4e55f7ec0edce91c62ca06b33aa125457,ADRIAN COLE — DON'T ASK ME TO HATE HER.wav,3:15,2026-09-10,2026-09-10,RADIO_ONLY
DON'T TURN IT INTO A LESSON,Adrian Cole,Aşkın Öztürk,Aşkın Öztürk,Esin Banu Öztürk,Aşkın Öztürk & Esin Banu Öztürk (AURA SONİC OFFİCİAL),d5704a8222ccb428a27d4fb6575fbb97f595389a4d43756f697325250fafe66c,ADRIAN COLE — DON'T TURN IT INTO A LESSON — Mastered.wav,3:12,2026-09-10,2026-09-10,RADIO_ONLY
HALF A DEGREE,Adrian Cole,Aşkın Öztürk,Aşkın Öztürk,Esin Banu Öztürk,Aşkın Öztürk & Esin Banu Öztürk (AURA SONİC OFFİCİAL),4f193d87fb1c1d652a9db67ccaef3ee4190fdacf8758f1f85aa86c9c6d393885,ADRIAN COLE — HALF A DEGREE — Master.wav,3:02,2026-09-10,2026-09-10,RADIO_ONLY
LET THEM WAIT,Adrian Cole,Aşkın Öztürk,Aşkın Öztürk,Esin Banu Öztürk,Aşkın Öztürk & Esin Banu Öztürk (AURA SONİC OFFİCİAL),6599f9bab151b277faad88d7a69c4e193494d7ff734c44f7cf385a5246987cbc,ADRIAN COLE — LET THEM WAIT.wav,2:41,2026-09-10,2026-09-10,RADIO_ONLY
THE WEEK I SAID MAYBE,Adrian Cole,Aşkın Öztürk,Aşkın Öztürk,Esin Banu Öztürk,Aşkın Öztürk & Esin Banu Öztürk (AURA SONİC OFFİCİAL),e431017882ae343974ab7fdb4fe3d4c3d12a0ea90fb54848aa6350482148c046,ADRIAN COLE — THE WEEK I SAID MAYBE.wav,3:16,2026-09-10,2026-09-10,RADIO_ONLY
BANA DÖNMEDİM,Aras Veyn,Aşkın Öztürk,Aşkın Öztürk,Esin Banu Öztürk,Aşkın Öztürk & Esin Banu Öztürk (AURA SONİC OFFİCİAL),c6cd053e4854f534680bb49d6c4a14b26d9de769d5faba7981c8ac1b6b34b424,ARAS VEYN - BANA DÖNMEDİM.mp3,4:40,2026-07-18,2026-08-08,RADIO_ONLY
BEN SENİ BÖYLE KAYBETTİM,Aras Veyn,Aşkın Öztürk,Aşkın Öztürk,Esin Banu Öztürk,Aşkın Öztürk & Esin Banu Öztürk (AURA SONİC OFFİCİAL),85906689b499580e8fb882cb5fb888dd88a056e2dba75a93bde02612b1209f25,Aras Veyn-BEN SENİ BÖYLE KAYBETTİM.mp3,4:16,2026-08-02,2026-08-08,RADIO_ONLY
BENİM YERİME,Aras Veyn,Aşkın Öztürk,Aşkın Öztürk,Esin Banu Öztürk,Aşkın Öztürk & Esin Banu Öztürk (AURA SONİC OFFİCİAL),f76bf02524a9765efd63abcedb6fa05798137ed7e1a53c1b5f066c212d656b68,ARAS VEYN - BENİM YERİME.mp3,4:34,2026-07-18,2026-08-08,RADIO_ONLY
DÖNÜŞÜNÜ SEVDİM,Aras Veyn,Aşkın Öztürk,Aşkın Öztürk,Esin Banu Öztürk,Aşkın Öztürk & Esin Banu Öztürk (AURA SONİC OFFİCİAL),1a0d9ac60e7cc765f94c92b08ab0541d8d8e01afc82fb0a14de8dbdf5d7fecfd,ARAS VEYN - DÖNÜŞÜNÜ SEVDİM.mp3,4:02,2026-07-18,2026-08-08,RADIO_ONLY
FOTOĞRAFA GİRME,Aras Veyn,Aşkın Öztürk,Aşkın Öztürk,Esin Banu Öztürk,Aşkın Öztürk & Esin Banu Öztürk (AURA SONİC OFFİCİAL),65c8ab2a1331c34d8ca5f8bf5abb3aeb24f3671a4cde2a4688bd44d715b7f122,ARAS VEYN-FOTOĞRAFA GİRME.mp3,3:11,2026-08-02,2026-08-08,RADIO_ONLY
NET OL,Aras Veyn,Aşkın Öztürk,Aşkın Öztürk,Esin Banu Öztürk,Aşkın Öztürk & Esin Banu Öztürk (AURA SONİC OFFİCİAL),9c078eb803c327bd484f95ae0d1eb3fa8e93537d4922f79de798883d568af68b,ARAS VEYN-NET OL.mp3,2:37,2026-07-20,2026-08-08,RADIO_ONLY
Plakanı Bile Bilirim,Aras Veyn,Aşkın Öztürk,Aşkın Öztürk,Esin Banu Öztürk,Aşkın Öztürk & Esin Banu Öztürk (AURA SONİC OFFİCİAL),c8cb8101f4ed603e513c4474c06752a04d5af63dff690ca4ee9852db4dead0e8,ARAS VEYN Plakanı Bile Bilirim.mp3,3:02,2026-07-18,2026-08-08,RADIO_ONLY
Raconum Geçmişim,Aras Veyn,Aşkın Öztürk,Aşkın Öztürk,Esin Banu Öztürk,Aşkın Öztürk & Esin Banu Öztürk (AURA SONİC OFFİCİAL),24e3dc46df1a9583e130806c1a238521abc9361e4c970ab2991a7ddb5f25c1af,Aras Veyn - Raconum Geçmişim.mp3,3:03,2026-07-20,2026-08-08,RADIO_ONLY
SEN RAHAT UYU DİYE,Aras Veyn,Aşkın Öztürk,Aşkın Öztürk,Esin Banu Öztürk,Aşkın Öztürk & Esin Banu Öztürk (AURA SONİC OFFİCİAL),e7189357a4538a8506f7b26226f41f56239880d8e27d843a72519bc5554b7dc9,Aras Veyn-SEN RAHAT UYU DİYE.mp3,4:10,2026-08-02,2026-08-08,RADIO_ONLY
SOSU TAŞTI,Aras Veyn,Aşkın Öztürk,Aşkın Öztürk,Esin Banu Öztürk,Aşkın Öztürk & Esin Banu Öztürk (AURA SONİC OFFİCİAL),b8d546a632bacce6f89e46a3ab412db7028281757e9e4fe285448b1aaca140ec,ARAS VEYN-SOSU TAŞTI.mp3,3:24,2026-07-20,2026-08-08,RADIO_ONLY
Saatler Yalan Söyledi,Aras Veyn,Aşkın Öztürk,Aşkın Öztürk,Esin Banu Öztürk,Aşkın Öztürk & Esin Banu Öztürk (AURA SONİC OFFİCİAL),433fb9b9e7966e3d28ac5f70c712d2c656d1610939bffe5852ce26d825358c10,ARAS VEYN Saatler Yalan Söyledi.mp3,3:22,2026-07-18,2026-08-08,RADIO_ONLY
Sabahı Üstümüze Yaz,Aras Veyn,Aşkın Öztürk,Aşkın Öztürk,Esin Banu Öztürk,Aşkın Öztürk & Esin Banu Öztürk (AURA SONİC OFFİCİAL),ad7cc9b0a08d04f85ff3504257b17ee342f7a07fb18c3c6793927368d4c44285,ARAS VEYN Sabahı Üstümüze Yaz.mp3,3:20,2026-07-18,2026-08-08,RADIO_ONLY
Sandalye Boşalınca,Aras Veyn,Aşkın Öztürk,Aşkın Öztürk,Esin Banu Öztürk,Aşkın Öztürk & Esin Banu Öztürk (AURA SONİC OFFİCİAL),f2b05cbdd84132fa9cb969d67bc9ce3c44fe5c2d011584993541c406815188cb,ARAS VEYN Sandalye Boşalınca.mp3,3:24,2026-07-18,2026-08-08,RADIO_ONLY
Sosu Taştı,Aras Veyn,Aşkın Öztürk,Aşkın Öztürk,Esin Banu Öztürk,Aşkın Öztürk & Esin Banu Öztürk (AURA SONİC OFFİCİAL),1e40b00faf6486df1e897c6d1ce365c1193dea032936df796dc21ac595d2136c,Aras Veyn - Sosu Taştı.mp3,3:24,2026-07-20,2026-08-08,RADIO_ONLY
0 sen benden giderken,Aura Sonic,Aşkın Öztürk,Aşkın Öztürk,Esin Banu Öztürk,Aşkın Öztürk & Esin Banu Öztürk (AURA SONİC OFFİCİAL),96bfdf0cabb9f1a8d02b9252ae07576ce99a0b7614a0c5cd555d9252a8908af7,0 sen benden giderken.wav,5:55,2026-06-04,2026-08-08,RADIO_ONLY
01 CHAPTER I - MIDNIGHT ARRIVAL - Midnight Arrival,Aura Sonic,Aşkın Öztürk,Aşkın Öztürk,Esin Banu Öztürk,Aşkın Öztürk & Esin Banu Öztürk (AURA SONİC OFFİCİAL),421fcad2cb944bb8a7782990b3b0758cb66b81ec112d60f7fde03a18c2acffc3,01 CHAPTER I - MIDNIGHT ARRIVAL - Midnight Arrival.mp3,3:12,2026-07-14,2026-08-08,RADIO_ONLY
02 CHAPTER I - MIDNIGHT ARRIVAL - Midnight Arrival Reprise,Aura Sonic,Aşkın Öztürk,Aşkın Öztürk,Esin Banu Öztürk,Aşkın Öztürk & Esin Banu Öztürk (AURA SONİC OFFİCİAL),3b46613110ea2b76ddbae4e74071bdb2daf23075644690a408a1d1821ce93a14,02 CHAPTER I - MIDNIGHT ARRIVAL - Midnight Arrival Reprise.mp3,3:44,2026-07-14,2026-08-08,RADIO_ONLY
03 CHAPTER I - MIDNIGHT ARRIVAL - Serenade in Blue,Aura Sonic,Aşkın Öztürk,Aşkın Öztürk,Esin Banu Öztürk,Aşkın Öztürk & Esin Banu Öztürk (AURA SONİC OFFİCİAL),96abd48489896ba40bed47d01a5b1c56a8e8b8f3a5be0adb8ca5b365a66f54dd,03 CHAPTER I - MIDNIGHT ARRIVAL - Serenade in Blue.mp3,3:13,2026-07-14,2026-08-08,RADIO_ONLY
04 CHAPTER I - MIDNIGHT ARRIVAL - Velvet Keys at Midnight,Aura Sonic,Aşkın Öztürk,Aşkın Öztürk,Esin Banu Öztürk,Aşkın Öztürk & Esin Banu Öztürk (AURA SONİC OFFİCİAL),fc48dda7195dd4e56c5c8f01a3811707fd1cec9a3f56958a91f136b22aa7f7c5,04 CHAPTER I - MIDNIGHT ARRIVAL - Velvet Keys at Midnight.mp3,2:29,2026-07-14,2026-08-08,RADIO_ONLY
05 CHAPTER I - MIDNIGHT ARRIVAL - Blue Lamp,Aura Sonic,Aşkın Öztürk,Aşkın Öztürk,Esin Banu Öztürk,Aşkın Öztürk & Esin Banu Öztürk (AURA SONİC OFFİCİAL),570e7aebbaaed17440cb270849b47b4f91c81b8995b81c6ac078ca515764d5ff,05 CHAPTER I - MIDNIGHT ARRIVAL - Blue Lamp.mp3,3:29,2026-07-14,2026-08-08,RADIO_ONLY
06 CHAPTER I - MIDNIGHT ARRIVAL - Serenade by Lamplight,Aura Sonic,Aşkın Öztürk,Aşkın Öztürk,Esin Banu Öztürk,Aşkın Öztürk & Esin Banu Öztürk (AURA SONİC OFFİCİAL),46851796f7cd236ede3bb0d254af1611355f7fcfe7548d1712b7c70dac817908,06 CHAPTER I - MIDNIGHT ARRIVAL - Serenade by Lamplight.mp3,3:35,2026-07-14,2026-08-08,RADIO_ONLY
07 CHAPTER I - MIDNIGHT ARRIVAL - After the Last Train,Aura Sonic,Aşkın Öztürk,Aşkın Öztürk,Esin Banu Öztürk,Aşkın Öztürk & Esin Banu Öztürk (AURA SONİC OFFİCİAL),2450a8153b8dfc644c4b0f749d6ebf54efa047ca1bd6268aed00bfa4d92ae114,07 CHAPTER I - MIDNIGHT ARRIVAL - After the Last Train.mp3,3:39,2026-07-14,2026-08-08,RADIO_ONLY
08 CHAPTER I - MIDNIGHT ARRIVAL - Ballad at 2AM,Aura Sonic,Aşkın Öztürk,Aşkın Öztürk,Esin Banu Öztürk,Aşkın Öztürk & Esin Banu Öztürk (AURA SONİC OFFİCİAL),49cfd8170e6abd7f5b9d3cd285297df40c82e5d3bdea8ea97e6127beaed352dc,08 CHAPTER I - MIDNIGHT ARRIVAL - Ballad at 2AM.mp3,3:27,2026-07-14,2026-08-08,RADIO_ONLY
09 CHAPTER I - MIDNIGHT ARRIVAL - Empty Glass Reflection,Aura Sonic,Aşkın Öztürk,Aşkın Öztürk,Esin Banu Öztürk,Aşkın Öztürk & Esin Banu Öztürk (AURA SONİC OFFİCİAL),e022f5f50b344324cd8214bc08323c388198008c432e94734e0b0c2c99e3b178,09 CHAPTER I - MIDNIGHT ARRIVAL - Empty Glass Reflection.mp3,3:15,2026-07-14,2026-08-08,RADIO_ONLY
10 CHAPTER I - MIDNIGHT ARRIVAL - Smoky Hour,Aura Sonic,Aşkın Öztürk,Aşkın Öztürk,Esin Banu Öztürk,Aşkın Öztürk & Esin Banu Öztürk (AURA SONİC OFFİCİAL),4e6d220dd78626d8a896031de31d6df9d00a0c15dc8bf5b059d5e5704ad5348c,10 CHAPTER I - MIDNIGHT ARRIVAL - Smoky Hour.mp3,3:53,2026-07-14,2026-08-08,RADIO_ONLY
11 CHAPTER II - RAIN ON THE WINDOW - Rain Written on Glass,Aura Sonic,Aşkın Öztürk,Aşkın Öztürk,Esin Banu Öztürk,Aşkın Öztürk & Esin Banu Öztürk (AURA SONİC OFFİCİAL),3b9f515dbd01d8ab3b560505a0c0cc37867c07b1c0b5a0800b5762658b4ce8e1,11 CHAPTER II - RAIN ON THE WINDOW - Rain Written on Glass.mp3,4:19,2026-07-14,2026-08-08,RADIO_ONLY
12 CHAPTER II - RAIN ON THE WINDOW - Windowpane Noir,Aura Sonic,Aşkın Öztürk,Aşkın Öztürk,Esin Banu Öztürk,Aşkın Öztürk & Esin Banu Öztürk (AURA SONİC OFFİCİAL),9fc6fbd6900ef7041e610d2d6f10731517e3d6bf355db2a2ff3fb430535db98a,12 CHAPTER II - RAIN ON THE WINDOW - Windowpane Noir.mp3,4:14,2026-07-14,2026-08-08,RADIO_ONLY
13 CHAPTER II - RAIN ON THE WINDOW - Streetlight Drizzle,Aura Sonic,Aşkın Öztürk,Aşkın Öztürk,Esin Banu Öztürk,Aşkın Öztürk & Esin Banu Öztürk (AURA SONİC OFFİCİAL),1e5edae9c7dad0c9add7aa736e9a260500b3571853116353bab15b8c76e06c87,13 CHAPTER II - RAIN ON THE WINDOW - Streetlight Drizzle.mp3,4:04,2026-07-14,2026-08-08,RADIO_ONLY
14 CHAPTER II - RAIN ON THE WINDOW - Neon Rain on Bourbon,Aura Sonic,Aşkın Öztürk,Aşkın Öztürk,Esin Banu Öztürk,Aşkın Öztürk & Esin Banu Öztürk (AURA SONİC OFFİCİAL),0f4b7e527dc5c215bf78ccb6abcab2349002edb4eddf1dc98a9541cd5a1c6cf4,14 CHAPTER II - RAIN ON THE WINDOW - Neon Rain on Bourbon.mp3,3:59,2026-07-14,2026-08-08,RADIO_ONLY
15 CHAPTER II - RAIN ON THE WINDOW - Quiet Taxi Home,Aura Sonic,Aşkın Öztürk,Aşkın Öztürk,Esin Banu Öztürk,Aşkın Öztürk & Esin Banu Öztürk (AURA SONİC OFFİCİAL),b55c5134c591fa71960d8b750f8ce3c964f14fb6be1992938768b72d38eb9595,15 CHAPTER II - RAIN ON THE WINDOW - Quiet Taxi Home.mp3,3:26,2026-07-14,2026-08-08,RADIO_ONLY
16 CHAPTER II - RAIN ON THE WINDOW - Rearview Moonlight,Aura Sonic,Aşkın Öztürk,Aşkın Öztürk,Esin Banu Öztürk,Aşkın Öztürk & Esin Banu Öztürk (AURA SONİC OFFİCİAL),c521a57f59d4e3e7743074194bec2f360e8b39dc572ea130868c48a0eeeaf1a7,16 CHAPTER II - RAIN ON THE WINDOW - Rearview Moonlight.mp3,2:34,2026-07-14,2026-08-08,RADIO_ONLY
17 CHAPTER II - RAIN ON THE WINDOW - Umbrella Shadows,Aura Sonic,Aşkın Öztürk,Aşkın Öztürk,Esin Banu Öztürk,Aşkın Öztürk & Esin Banu Öztürk (AURA SONİC OFFİCİAL),8500d3d414109e4963338ee227e8d8a88d66e0d18cbcc96615c562ff5e8764c9,17 CHAPTER II - RAIN ON THE WINDOW - Umbrella Shadows.mp3,4:08,2026-07-14,2026-08-08,RADIO_ONLY
18 CHAPTER II - RAIN ON THE WINDOW - Wet Pavement Waltz,Aura Sonic,Aşkın Öztürk,Aşkın Öztürk,Esin Banu Öztürk,Aşkın Öztürk & Esin Banu Öztürk (AURA SONİC OFFİCİAL),2a1eaecc551c22e6829ae60d2d822073a92679acb3fda565edd34359be7219cf,18 CHAPTER II - RAIN ON THE WINDOW - Wet Pavement Waltz.mp3,4:07,2026-07-14,2026-08-08,RADIO_ONLY
19 CHAPTER II - RAIN ON THE WINDOW - Café After Two,Aura Sonic,Aşkın Öztürk,Aşkın Öztürk,Esin Banu Öztürk,Aşkın Öztürk & Esin Banu Öztürk (AURA SONİC OFFİCİAL),a7951bbabbc20aaa10ac4adaeafc69b4b20b1aeb002af5f969b10aa2abcf489f,19 CHAPTER II - RAIN ON THE WINDOW - Café After Two.mp3,3:28,2026-07-14,2026-08-08,RADIO_ONLY
20 CHAPTER II - RAIN ON THE WINDOW - Blue Cups at Closing,Aura Sonic,Aşkın Öztürk,Aşkın Öztürk,Esin Banu Öztürk,Aşkın Öztürk & Esin Banu Öztürk (AURA SONİC OFFİCİAL),064a18669d84b35bd55e0273add81de386fe7cc174bff13644863cdd93c03e27,20 CHAPTER II - RAIN ON THE WINDOW - Blue Cups at Closing.mp3,3:47,2026-07-14,2026-08-08,RADIO_ONLY
21 CHAPTER III - BLUE NOIR STREETS - Noir Avenue,Aura Sonic,Aşkın Öztürk,Aşkın Öztürk,Esin Banu Öztürk,Aşkın Öztürk & Esin Banu Öztürk (AURA SONİC OFFİCİAL),6d9784746caf746c99063e7ab0b2ffec6d16e5001fcb68b75130dc103f9e95f7,21 CHAPTER III - BLUE NOIR STREETS - Noir Avenue.mp3,4:13,2026-07-14,2026-08-08,RADIO_ONLY
22 CHAPTER III - BLUE NOIR STREETS - Alley Smoke Confession,Aura Sonic,Aşkın Öztürk,Aşkın Öztürk,Esin Banu Öztürk,Aşkın Öztürk & Esin Banu Öztürk (AURA SONİC OFFİCİAL),c2908f9e439228f443f30533af9ef9c0756b19276368fcbd23c9673e490d7d94,22 CHAPTER III - BLUE NOIR STREETS - Alley Smoke Confession.mp3,4:34,2026-07-14,2026-08-08,RADIO_ONLY
23 CHAPTER III - BLUE NOIR STREETS - Smoke Without Fire,Aura Sonic,Aşkın Öztürk,Aşkın Öztürk,Esin Banu Öztürk,Aşkın Öztürk & Esin Banu Öztürk (AURA SONİC OFFİCİAL),b994fd668a9ad447797e8654e9582d911fc02ff0fcce6582a5ccaa2e9aedfe5e,23 CHAPTER III - BLUE NOIR STREETS - Smoke Without Fire.mp3,5:14,2026-07-14,2026-08-08,RADIO_ONLY
24 CHAPTER III - BLUE NOIR STREETS - Ashes in Slow Motion,Aura Sonic,Aşkın Öztürk,Aşkın Öztürk,Esin Banu Öztürk,Aşkın Öztürk & Esin Banu Öztürk (AURA SONİC OFFİCİAL),416934b1b8f17417599db80f3b50dec022e925b8f05c7eed16e3637455789d52,24 CHAPTER III - BLUE NOIR STREETS - Ashes in Slow Motion.mp3,4:13,2026-07-14,2026-08-08,RADIO_ONLY
25 CHAPTER III - BLUE NOIR STREETS - Candle Smoke Reverie,Aura Sonic,Aşkın Öztürk,Aşkın Öztürk,Esin Banu Öztürk,Aşkın Öztürk & Esin Banu Öztürk (AURA SONİC OFFİCİAL),d3a0a959c55d598455848540d72148746e47ae42773fa4b31353dd62e461958e,25 CHAPTER III - BLUE NOIR STREETS - Candle Smoke Reverie.mp3,4:09,2026-07-14,2026-08-08,RADIO_ONLY
26 CHAPTER III - BLUE NOIR STREETS - The Detectives Window,Aura Sonic,Aşkın Öztürk,Aşkın Öztürk,Esin Banu Öztürk,Aşkın Öztürk & Esin Banu Öztürk (AURA SONİC OFFİCİAL),e99936c958bcd767bec4cfe5a96dc16d3fd66cdc3a79505f4aa1626517064dc3,26 CHAPTER III - BLUE NOIR STREETS - The Detectives Window.mp3,3:13,2026-07-14,2026-08-08,RADIO_ONLY
27 CHAPTER III - BLUE NOIR STREETS - Venetian Blind Blues,Aura Sonic,Aşkın Öztürk,Aşkın Öztürk,Esin Banu Öztürk,Aşkın Öztürk & Esin Banu Öztürk (AURA SONİC OFFİCİAL),eaf5150339974a574c25b4f678c33fd9b7dd437e86adb724e4f55d56fcad4d5c,27 CHAPTER III - BLUE NOIR STREETS - Venetian Blind Blues.mp3,3:19,2026-07-14,2026-08-08,RADIO_ONLY
28 CHAPTER III - BLUE NOIR STREETS - Brass in the Alley,Aura Sonic,Aşkın Öztürk,Aşkın Öztürk,Esin Banu Öztürk,Aşkın Öztürk & Esin Banu Öztürk (AURA SONİC OFFİCİAL),69cb10b4b9c3c8ebed5f2e453571838cf5147a817cdf212fb21161d6e3d45eb2,28 CHAPTER III - BLUE NOIR STREETS - Brass in the Alley.mp3,3:42,2026-07-14,2026-08-08,RADIO_ONLY
29 CHAPTER III - BLUE NOIR STREETS - Last Call in Blue,Aura Sonic,Aşkın Öztürk,Aşkın Öztürk,Esin Banu Öztürk,Aşkın Öztürk & Esin Banu Öztürk (AURA SONİC OFFİCİAL),a50fbf1b7ec22abcf52ef23ca8c6e61d0670e7c6563ce2b810c04310b86ab838,29 CHAPTER III - BLUE NOIR STREETS - Last Call in Blue.mp3,3:27,2026-07-14,2026-08-08,RADIO_ONLY
30 CHAPTER III - BLUE NOIR STREETS - Glass Rings at Midnight,Aura Sonic,Aşkın Öztürk,Aşkın Öztürk,Esin Banu Öztürk,Aşkın Öztürk & Esin Banu Öztürk (AURA SONİC OFFİCİAL),d34a7a13664e7907146652f095aef4a5abd75ad7f8241d76ef900a3b8b3151df,30 CHAPTER III - BLUE NOIR STREETS - Glass Rings at Midnight.mp3,4:12,2026-07-14,2026-08-08,RADIO_ONLY
31 CHAPTER IV - AFTER-HOURS COFFEEHOUSE - Warm Cup Slow Strings,Aura Sonic,Aşkın Öztürk,Aşkın Öztürk,Esin Banu Öztürk,Aşkın Öztürk & Esin Banu Öztürk (AURA SONİC OFFİCİAL),ca83107c66f9d3a7e2823741186fa79dda1566d209c110a274aee31dec6260b6,31 CHAPTER IV - AFTER-HOURS COFFEEHOUSE - Warm Cup Slow Strings.mp3,3:04,2026-07-14,2026-08-08,RADIO_ONLY
32 CHAPTER IV - AFTER-HOURS COFFEEHOUSE - After-Hours Pour,Aura Sonic,Aşkın Öztürk,Aşkın Öztürk,Esin Banu Öztürk,Aşkın Öztürk & Esin Banu Öztürk (AURA SONİC OFFİCİAL),7404a8a9230bcdbf8ec376bfa39597850cb867f577a95875f51eb756e74a14c1,32 CHAPTER IV - AFTER-HOURS COFFEEHOUSE - After-Hours Pour.mp3,2:43,2026-07-14,2026-08-08,RADIO_ONLY
33 CHAPTER IV - AFTER-HOURS COFFEEHOUSE - Wooden Chairs,Aura Sonic,Aşkın Öztürk,Aşkın Öztürk,Esin Banu Öztürk,Aşkın Öztürk & Esin Banu Öztürk (AURA SONİC OFFİCİAL),cc1edad900b3a892ca41d0449076d22b39362e9fdbd1a36d764d339266e5ebd6,33 CHAPTER IV - AFTER-HOURS COFFEEHOUSE - Wooden Chairs.mp3,2:27,2026-07-14,2026-08-08,RADIO_ONLY
34 CHAPTER IV - AFTER-HOURS COFFEEHOUSE - Empty Table Serenade,Aura Sonic,Aşkın Öztürk,Aşkın Öztürk,Esin Banu Öztürk,Aşkın Öztürk & Esin Banu Öztürk (AURA SONİC OFFİCİAL),f94e486eeb217731c18c680b99967bc44d43f12be9422330b078e227643896aa,34 CHAPTER IV - AFTER-HOURS COFFEEHOUSE - Empty Table Serenade.mp3,3:09,2026-07-14,2026-08-08,RADIO_ONLY
35 CHAPTER IV - AFTER-HOURS COFFEEHOUSE - Sunday at 1 AM,Aura Sonic,Aşkın Öztürk,Aşkın Öztürk,Esin Banu Öztürk,Aşkın Öztürk & Esin Banu Öztürk (AURA SONİC OFFİCİAL),255dc72f15955ae6823b7fdd97b56b789fc6b62b8c6f096647af658551dcd5ec,35 CHAPTER IV - AFTER-HOURS COFFEEHOUSE - Sunday at 1 AM.mp3,3:12,2026-07-14,2026-08-08,RADIO_ONLY
36 CHAPTER IV - AFTER-HOURS COFFEEHOUSE - Late Sunday Lanterns,Aura Sonic,Aşkın Öztürk,Aşkın Öztürk,Esin Banu Öztürk,Aşkın Öztürk & Esin Banu Öztürk (AURA SONİC OFFİCİAL),74a04e0c48d6242d8969a55da9b76cc4653bb3534be036d01a7722925142394b,36 CHAPTER IV - AFTER-HOURS COFFEEHOUSE - Late Sunday Lanterns.mp3,3:33,2026-07-14,2026-08-08,RADIO_ONLY
37 CHAPTER IV - AFTER-HOURS COFFEEHOUSE - Old Café Radio,Aura Sonic,Aşkın Öztürk,Aşkın Öztürk,Esin Banu Öztürk,Aşkın Öztürk & Esin Banu Öztürk (AURA SONİC OFFİCİAL),712769febb99a1dd517ec1eaaf5b39b38c5fe5a6182dbb14f2d263d0ffe8ed8c,37 CHAPTER IV - AFTER-HOURS COFFEEHOUSE - Old Café Radio.mp3,3:22,2026-07-14,2026-08-08,RADIO_ONLY
38 CHAPTER IV - AFTER-HOURS COFFEEHOUSE - Static Over Espresso,Aura Sonic,Aşkın Öztürk,Aşkın Öztürk,Esin Banu Öztürk,Aşkın Öztürk & Esin Banu Öztürk (AURA SONİC OFFİCİAL),81740bc6dc3953380f996c71cb6b98a46614ba14ad30985147f3653841c02fb8,38 CHAPTER IV - AFTER-HOURS COFFEEHOUSE - Static Over Espresso.mp3,2:49,2026-07-14,2026-08-08,RADIO_ONLY
39 CHAPTER IV - AFTER-HOURS COFFEEHOUSE - Honeyed Chords,Aura Sonic,Aşkın Öztürk,Aşkın Öztürk,Esin Banu Öztürk,Aşkın Öztürk & Esin Banu Öztürk (AURA SONİC OFFİCİAL),9d33cd4feda16532a60655b8326aa7b63410fa47bf8e8408797aa8a70e434fc1,39 CHAPTER IV - AFTER-HOURS COFFEEHOUSE - Honeyed Chords.mp3,3:29,2026-07-14,2026-08-08,RADIO_ONLY
40 CHAPTER IV - AFTER-HOURS COFFEEHOUSE - Golden Minor Seventh,Aura Sonic,Aşkın Öztürk,Aşkın Öztürk,Esin Banu Öztürk,Aşkın Öztürk & Esin Banu Öztürk (AURA SONİC OFFİCİAL),8ca9b766a868c2f575a3275ec03e2413c396e9df68ee5c1928ab6cffe29a462f,40 CHAPTER IV - AFTER-HOURS COFFEEHOUSE - Golden Minor Seventh.mp3,3:32,2026-07-14,2026-08-08,RADIO_ONLY
41 CHAPTER V - BLUE HOUR DREAMS - Blue Hour Letters,Aura Sonic,Aşkın Öztürk,Aşkın Öztürk,Esin Banu Öztürk,Aşkın Öztürk & Esin Banu Öztürk (AURA SONİC OFFİCİAL),d7a04ffdbaaf37538c9eb8d9e44521dd29944453a6f92deedd3784be6d9e72b8,41 CHAPTER V - BLUE HOUR DREAMS - Blue Hour Letters.mp3,3:44,2026-07-14,2026-08-08,RADIO_ONLY
42 CHAPTER V - BLUE HOUR DREAMS - Letters in Blue Hour,Aura Sonic,Aşkın Öztürk,Aşkın Öztürk,Esin Banu Öztürk,Aşkın Öztürk & Esin Banu Öztürk (AURA SONİC OFFİCİAL),edd7a5fdbd1022c597c16ccf6472f825c9eaa8659222c5a6d5a3d41d2eed5037,42 CHAPTER V - BLUE HOUR DREAMS - Letters in Blue Hour.mp3,3:49,2026-07-14,2026-08-08,RADIO_ONLY
43 CHAPTER V - BLUE HOUR DREAMS - Distant Harbor Lights,Aura Sonic,Aşkın Öztürk,Aşkın Öztürk,Esin Banu Öztürk,Aşkın Öztürk & Esin Banu Öztürk (AURA SONİC OFFİCİAL),ff13e5483d0a9eb279b3b7c4cc7f6e8b0fd0763dc6ef1d3875c7b6df49e6f274,43 CHAPTER V - BLUE HOUR DREAMS - Distant Harbor Lights.mp3,4:39,2026-07-14,2026-08-08,RADIO_ONLY
44 CHAPTER V - BLUE HOUR DREAMS - Fog Across the Pier,Aura Sonic,Aşkın Öztürk,Aşkın Öztürk,Esin Banu Öztürk,Aşkın Öztürk & Esin Banu Öztürk (AURA SONİC OFFİCİAL),706c01250f92ce84d6a0d12e846f2e26194ec1265bed176739ba41550b170d2d,44 CHAPTER V - BLUE HOUR DREAMS - Fog Across the Pier.mp3,3:53,2026-07-14,2026-08-08,RADIO_ONLY
45 CHAPTER V - BLUE HOUR DREAMS - Before Dawn Breath,Aura Sonic,Aşkın Öztürk,Aşkın Öztürk,Esin Banu Öztürk,Aşkın Öztürk & Esin Banu Öztürk (AURA SONİC OFFİCİAL),a0d9f72f9fa767a77f2d6aa022357df01d34cedd86499038279ef405f062b33d,45 CHAPTER V - BLUE HOUR DREAMS - Before Dawn Breath.mp3,3:07,2026-07-14,2026-08-08,RADIO_ONLY
46 CHAPTER V - BLUE HOUR DREAMS - Pale Air Prelude,Aura Sonic,Aşkın Öztürk,Aşkın Öztürk,Esin Banu Öztürk,Aşkın Öztürk & Esin Banu Öztürk (AURA SONİC OFFİCİAL),8a098bda1478baf66e2d1431b3f434424c40a298f6d63264484d74637f7473dc,46 CHAPTER V - BLUE HOUR DREAMS - Pale Air Prelude.mp3,2:59,2026-07-14,2026-08-08,RADIO_ONLY
47 CHAPTER V - BLUE HOUR DREAMS - Soft Gold Horizon,Aura Sonic,Aşkın Öztürk,Aşkın Öztürk,Esin Banu Öztürk,Aşkın Öztürk & Esin Banu Öztürk (AURA SONİC OFFİCİAL),dd7f0e63283b0acd477a5faebfa6a34368c579cf34182f4d7524c56a50d0102c,47 CHAPTER V - BLUE HOUR DREAMS - Soft Gold Horizon.mp3,3:09,2026-07-14,2026-08-08,RADIO_ONLY
48 CHAPTER V - BLUE HOUR DREAMS - Apricot Light Ballad,Aura Sonic,Aşkın Öztürk,Aşkın Öztürk,Esin Banu Öztürk,Aşkın Öztürk & Esin Banu Öztürk (AURA SONİC OFFİCİAL),9e0c131e400a6b1c5e7f31d29b80366c0721a621ff0a7ad8f8cca18e992ea86a,48 CHAPTER V - BLUE HOUR DREAMS - Apricot Light Ballad.mp3,4:18,2026-07-14,2026-08-08,RADIO_ONLY
49 CHAPTER V - BLUE HOUR DREAMS - The Room Turns Pale,Aura Sonic,Aşkın Öztürk,Aşkın Öztürk,Esin Banu Öztürk,Aşkın Öztürk & Esin Banu Öztürk (AURA SONİC OFFİCİAL),64c7ad030dd8589558312bd3ccd0a44fc36371c674fd91f9a741524df70f7466,49 CHAPTER V - BLUE HOUR DREAMS - The Room Turns Pale.mp3,3:43,2026-07-14,2026-08-08,RADIO_ONLY
50 CHAPTER V - BLUE HOUR DREAMS - Fading Wallpaper Blues,Aura Sonic,Aşkın Öztürk,Aşkın Öztürk,Esin Banu Öztürk,Aşkın Öztürk & Esin Banu Öztürk (AURA SONİC OFFİCİAL),9a627dc8dc61d663c6b50782466701a851e38527ba46bee20e5e1821933fa3f7,50 CHAPTER V - BLUE HOUR DREAMS - Fading Wallpaper Blues.mp3,3:21,2026-07-14,2026-08-08,RADIO_ONLY
51 CHAPTER VI - LAST LIGHT BEFORE DAWN - First Light on Keys,Aura Sonic,Aşkın Öztürk,Aşkın Öztürk,Esin Banu Öztürk,Aşkın Öztürk & Esin Banu Öztürk (AURA SONİC OFFİCİAL),30e962abe0146cf1a8bf6081b19bd310170ff4ab4b950b9d7bad5747cc55c08e,51 CHAPTER VI - LAST LIGHT BEFORE DAWN - First Light on Keys.mp3,2:43,2026-07-14,2026-08-08,RADIO_ONLY
52 CHAPTER VI - LAST LIGHT BEFORE DAWN - Keys Before Sunrise,Aura Sonic,Aşkın Öztürk,Aşkın Öztürk,Esin Banu Öztürk,Aşkın Öztürk & Esin Banu Öztürk (AURA SONİC OFFİCİAL),13fba7fa08e1a443a5ed4e50bb0d240a264edf957817b604334a7911d67142f1,52 CHAPTER VI - LAST LIGHT BEFORE DAWN - Keys Before Sunrise.mp3,2:32,2026-07-14,2026-08-08,RADIO_ONLY
53 CHAPTER VI - LAST LIGHT BEFORE DAWN - Sleeping City,Aura Sonic,Aşkın Öztürk,Aşkın Öztürk,Esin Banu Öztürk,Aşkın Öztürk & Esin Banu Öztürk (AURA SONİC OFFİCİAL),446abc574160a2e0345468a3d388a76d0a85af5528e30078edf1f5df5fcf8c77,53 CHAPTER VI - LAST LIGHT BEFORE DAWN - Sleeping City.mp3,3:14,2026-07-14,2026-08-08,RADIO_ONLY
54 CHAPTER VI - LAST LIGHT BEFORE DAWN - Rooftops Holding Their Breath,Aura Sonic,Aşkın Öztürk,Aşkın Öztürk,Esin Banu Öztürk,Aşkın Öztürk & Esin Banu Öztürk (AURA SONİC OFFİCİAL),66b328118d932b4978ca17e59a76e956c07f732a65062996eefcdc0f39253070,54 CHAPTER VI - LAST LIGHT BEFORE DAWN - Rooftops Holding Their Breath.mp3,3:17,2026-07-14,2026-08-08,RADIO_ONLY
55 CHAPTER VI - LAST LIGHT BEFORE DAWN - Quiet Departure,Aura Sonic,Aşkın Öztürk,Aşkın Öztürk,Esin Banu Öztürk,Aşkın Öztürk & Esin Banu Öztürk (AURA SONİC OFFİCİAL),2c586e35630a43ecf7fca029a75e83557d19d24c21c7d44b1400fa4ae69ff417,55 CHAPTER VI - LAST LIGHT BEFORE DAWN - Quiet Departure.mp3,3:54,2026-07-14,2026-08-08,RADIO_ONLY
56 CHAPTER VI - LAST LIGHT BEFORE DAWN - Suitcase by the Door,Aura Sonic,Aşkın Öztürk,Aşkın Öztürk,Esin Banu Öztürk,Aşkın Öztürk & Esin Banu Öztürk (AURA SONİC OFFİCİAL),3e0d107dcfa2cefe9274421be54e5c111a0541d5973143cf0aa7445d074ce79c,56 CHAPTER VI - LAST LIGHT BEFORE DAWN - Suitcase by the Door.mp3,3:33,2026-07-14,2026-08-08,RADIO_ONLY
57 CHAPTER VI - LAST LIGHT BEFORE DAWN - Platform Without Echoes,Aura Sonic,Aşkın Öztürk,Aşkın Öztürk,Esin Banu Öztürk,Aşkın Öztürk & Esin Banu Öztürk (AURA SONİC OFFİCİAL),b55e32e4a4491af0a804fa1389aeb28df77c2971addac3ada26471feb658c26b,57 CHAPTER VI - LAST LIGHT BEFORE DAWN - Platform Without Echoes.mp3,4:06,2026-07-14,2026-08-08,RADIO_ONLY
58 CHAPTER VI - LAST LIGHT BEFORE DAWN - Pale Morning,Aura Sonic,Aşkın Öztürk,Aşkın Öztürk,Esin Banu Öztürk,Aşkın Öztürk & Esin Banu Öztürk (AURA SONİC OFFİCİAL),3d9e95ade3cf49e17cd6a21ebe087bf04ac631e17eb3a4ee48159d9fb2ff1c55,58 CHAPTER VI - LAST LIGHT BEFORE DAWN - Pale Morning.mp3,3:54,2026-07-14,2026-08-08,RADIO_ONLY
59 CHAPTER VI - LAST LIGHT BEFORE DAWN - Silver Curtains Opening,Aura Sonic,Aşkın Öztürk,Aşkın Öztürk,Esin Banu Öztürk,Aşkın Öztürk & Esin Banu Öztürk (AURA SONİC OFFİCİAL),f7a2fd7b8af3b490ae7f2f38656149a50328de9df2bad8370d79621615edeca5,59 CHAPTER VI - LAST LIGHT BEFORE DAWN - Silver Curtains Opening.mp3,3:28,2026-07-14,2026-08-08,RADIO_ONLY
60 CHAPTER VI - LAST LIGHT BEFORE DAWN - Dawn Without Goodbye,Aura Sonic,Aşkın Öztürk,Aşkın Öztürk,Esin Banu Öztürk,Aşkın Öztürk & Esin Banu Öztürk (AURA SONİC OFFİCİAL),ade6951354cea274ff635029b207b72a9c7fccb289ccdae3585ad0639c6c5742,60 CHAPTER VI - LAST LIGHT BEFORE DAWN - Dawn Without Goodbye.mp3,3:37,2026-07-14,2026-08-08,RADIO_ONLY
61 CHAPTER VI - LAST LIGHT BEFORE DAWN - Last Blue Note Before Dawn,Aura Sonic,Aşkın Öztürk,Aşkın Öztürk,Esin Banu Öztürk,Aşkın Öztürk & Esin Banu Öztürk (AURA SONİC OFFİCİAL),ab18b44e2c6d02747f6eedd5e0a60181efa33dd8eaed35a49405ea44497b5e93,61 CHAPTER VI - LAST LIGHT BEFORE DAWN - Last Blue Note Before Dawn.mp3,3:16,2026-07-14,2026-08-08,RADIO_ONLY
A Letter Never Opened,Aura Sonic,Aşkın Öztürk,Aşkın Öztürk,Esin Banu Öztürk,Aşkın Öztürk & Esin Banu Öztürk (AURA SONİC OFFİCİAL),a92cfbd6d558a0dfd3a2327b5d5c0a4b97a5134457cbbab7149dd7b95f224ea0,A Letter Never Opened.mp3,3:39,2026-07-13,2026-08-08,RADIO_ONLY
A Single Leaf Falls,Aura Sonic,Aşkın Öztürk,Aşkın Öztürk,Esin Banu Öztürk,Aşkın Öztürk & Esin Banu Öztürk (AURA SONİC OFFİCİAL),ef53373993bf86e603de6f481d6f7d4e98d44764b2638721b09ad38018432695,A Single Leaf Falls.mp3,3:37,2026-07-13,2026-08-08,RADIO_ONLY
A Small Star in the Harp,Aura Sonic,Aşkın Öztürk,Aşkın Öztürk,Esin Banu Öztürk,Aşkın Öztürk & Esin Banu Öztürk (AURA SONİC OFFİCİAL),5b056c7cb0f75ac818113d0e477af70178408b363f8c9ab7de60d532b200aa5a,A Small Star in the Harp.mp3,2:53,2026-07-13,2026-08-08,RADIO_ONLY
A Window Beyond Mars,Aura Sonic,Aşkın Öztürk,Aşkın Öztürk,Esin Banu Öztürk,Aşkın Öztürk & Esin Banu Öztürk (AURA SONİC OFFİCİAL),9e389945398a503c598e748ad69292302eb33a935e22cd9740d3dd6b1f7cf920,A Window Beyond Mars.mp3,4:19,2026-07-13,2026-08-08,RADIO_ONLY
AFTER MIDNIGHT,Aura Sonic,Aşkın Öztürk,Aşkın Öztürk,Esin Banu Öztürk,Aşkın Öztürk & Esin Banu Öztürk (AURA SONİC OFFİCİAL),007056c89ff51a5ae4c8086a2454e1f6405edbb8079ab5958de11353f259c4cb, clean_AFTER MIDNIGHT.wav,3:05,2026-05-30,2026-08-08,RADIO_ONLY
AYAKLARIMDAKİ TOZ,Aura Sonic,Aşkın Öztürk,Aşkın Öztürk,Esin Banu Öztürk,Aşkın Öztürk & Esin Banu Öztürk (AURA SONİC OFFİCİAL),f539092e2696701266cf1c786b4d570b2ac6f69f497a4b5e4f86aaba410e052f,AYAKLARIMDAKİ TOZ.wav,4:51,2026-05-30,2026-08-08,RADIO_ONLY
AYNI AYIN ALTINDA,Aura Sonic,Aşkın Öztürk,Aşkın Öztürk,Esin Banu Öztürk,Aşkın Öztürk & Esin Banu Öztürk (AURA SONİC OFFİCİAL),4d77ddb46fc17568cf3d1109feb3f58ca1b748612f12dde64b5e0954e960af19, clean_AYNI AYIN ALTINDA.wav,4:22,2026-06-11,2026-08-08,RADIO_ONLY
After You Closed the Door,Aura Sonic,Aşkın Öztürk,Aşkın Öztürk,Esin Banu Öztürk,Aşkın Öztürk & Esin Banu Öztürk (AURA SONİC OFFİCİAL),8374f79d62a80e487439b8e5895180042f34c077c8fb408f8ab19b8628036724,After You Closed the Door.mp3,3:58,2026-07-13,2026-08-08,RADIO_ONLY
Afternoon in the Conservatory,Aura Sonic,Aşkın Öztürk,Aşkın Öztürk,Esin Banu Öztürk,Aşkın Öztürk & Esin Banu Öztürk (AURA SONİC OFFİCİAL),f2fc8b31e6dea770c27e42885c5e700aa7020f755368b487cc98fb6dab34908a,Afternoon in the Conservatory.mp3,2:59,2026-07-13,2026-08-08,RADIO_ONLY
Aire by Firelight,Aura Sonic,Aşkın Öztürk,Aşkın Öztürk,Esin Banu Öztürk,Aşkın Öztürk & Esin Banu Öztürk (AURA SONİC OFFİCİAL),1cf3862110aa986077f45f3bc242a37abe68952f3d262dfa5b9b595c4cff32df,Aire by Firelight.mp3,3:14,2026-07-13,2026-08-08,RADIO_ONLY
Amber Bourbon,Aura Sonic,Aşkın Öztürk,Aşkın Öztürk,Esin Banu Öztürk,Aşkın Öztürk & Esin Banu Öztürk (AURA SONİC OFFİCİAL),e9e952b4f44a42793fe7b4f9fa7e56936e2757e179cebe0ec752505762b03733,Amber Bourbon.mp3,4:09,2026-07-13,2026-08-08,RADIO_ONLY
Amber Hour in Blue,Aura Sonic,Aşkın Öztürk,Aşkın Öztürk,Esin Banu Öztürk,Aşkın Öztürk & Esin Banu Öztürk (AURA SONİC OFFİCİAL),4e40b22f9bd38e375ebb84d9f58a79f0b43eaa5fc13a15f28c723ddd968d812d,Amber Hour in Blue.mp3,3:43,2026-07-13,2026-08-08,RADIO_ONLY
Amber Lounge After Dark,Aura Sonic,Aşkın Öztürk,Aşkın Öztürk,Esin Banu Öztürk,Aşkın Öztürk & Esin Banu Öztürk (AURA SONİC OFFİCİAL),903406e58104785a3945a23cdf18e6ae7d4fc758508b041d8b6cd9ea310f694c,Amber Lounge After Dark.mp3,2:54,2026-07-13,2026-08-08,RADIO_ONLY
Amber Patio,Aura Sonic,Aşkın Öztürk,Aşkın Öztürk,Esin Banu Öztürk,Aşkın Öztürk & Esin Banu Öztürk (AURA SONİC OFFİCİAL),bd951cab1e83ef82c7b5d61210ea283b043151ddf6f1e948c028978063551ed0,Amber Patio.mp3,3:19,2026-07-13,2026-08-08,RADIO_ONLY
Amber Serenade,Aura Sonic,Aşkın Öztürk,Aşkın Öztürk,Esin Banu Öztürk,Aşkın Öztürk & Esin Banu Öztürk (AURA SONİC OFFİCİAL),e38ccb3241ce132a35494988c37495a8b1844216d7235c7516f165434eb1de50,Amber Serenade.mp3,3:34,2026-07-13,2026-08-08,RADIO_ONLY
Amber Serenata,Aura Sonic,Aşkın Öztürk,Aşkın Öztürk,Esin Banu Öztürk,Aşkın Öztürk & Esin Banu Öztürk (AURA SONİC OFFİCİAL),e9c5abe59352813dd4b2e07d203b40facb3b8af530ea35281e7a089f954bdc7e,Amber Serenata.mp3,3:17,2026-07-13,2026-08-08,RADIO_ONLY
Amber Smoke,Aura Sonic,Aşkın Öztürk,Aşkın Öztürk,Esin Banu Öztürk,Aşkın Öztürk & Esin Banu Öztürk (AURA SONİC OFFİCİAL),1bb14063ea4fd8d249e23c0cd29558dffcd38e17e84c0d14cc99dd13fd9e2ab5,Amber Smoke.mp3,3:34,2026-07-13,2026-08-08,RADIO_ONLY
Amber Smoke in Blue,Aura Sonic,Aşkın Öztürk,Aşkın Öztürk,Esin Banu Öztürk,Aşkın Öztürk & Esin Banu Öztürk (AURA SONİC OFFİCİAL),71274caa28649e5042d2eb715319e62d00a14b8ed62c5a103d53212b563e3961,Amber Smoke in Blue.mp3,3:22,2026-07-13,2026-08-08,RADIO_ONLY
Amber Waltz in Gold,Aura Sonic,Aşkın Öztürk,Aşkın Öztürk,Esin Banu Öztürk,Aşkın Öztürk & Esin Banu Öztürk (AURA SONİC OFFİCİAL),916e5e4b6afea6d6ed174a30ce48cc67f89d8c28f6bb17e5e58cd2aa9f4ecae1,Amber Waltz in Gold.mp3,3:04,2026-07-13,2026-08-08,RADIO_ONLY
Ancient Harp,Aura Sonic,Aşkın Öztürk,Aşkın Öztürk,Esin Banu Öztürk,Aşkın Öztürk & Esin Banu Öztürk (AURA SONİC OFFİCİAL),673deb8d495af0c2ed628385967c4ba02bcb2c3e7026d1a0580165166fb467cb,Ancient Harp.mp3,3:59,2026-07-13,2026-08-08,RADIO_ONLY
Ancient Reverie by Firelight,Aura Sonic,Aşkın Öztürk,Aşkın Öztürk,Esin Banu Öztürk,Aşkın Öztürk & Esin Banu Öztürk (AURA SONİC OFFİCİAL),8b946b1f19cb01b7ecfc528ea1076ba492a1d8e818dc3474966488f9d4dc696b,Ancient Reverie by Firelight.mp3,2:53,2026-07-13,2026-08-08,RADIO_ONLY
Ancient Vale at First Light,Aura Sonic,Aşkın Öztürk,Aşkın Öztürk,Esin Banu Öztürk,Aşkın Öztürk & Esin Banu Öztürk (AURA SONİC OFFİCİAL),2bd580347cdac80bc07b4c6cdf519c6af3340803ea957220a85dd7c213e67e49,Ancient Vale at First Light.mp3,5:13,2026-07-13,2026-08-08,RADIO_ONLY
April Light in Seville,Aura Sonic,Aşkın Öztürk,Aşkın Öztürk,Esin Banu Öztürk,Aşkın Öztürk & Esin Banu Öztürk (AURA SONİC OFFİCİAL),977b3b49edb0d9904e957b2aadb7f10519bab823f383907d69466316672de197,April Light in Seville.mp3,3:31,2026-07-13,2026-08-08,RADIO_ONLY
Aria at Dusk,Aura Sonic,Aşkın Öztürk,Aşkın Öztürk,Esin Banu Öztürk,Aşkın Öztürk & Esin Banu Öztürk (AURA SONİC OFFİCİAL),2be60f2ca40c3bfc76b4f550e6881f9e05a275166d4b5b372fb0522b69f25d22,Aria at Dusk.mp3,3:28,2026-07-13,2026-08-08,RADIO_ONLY
Aria in Candlelight,Aura Sonic,Aşkın Öztürk,Aşkın Öztürk,Esin Banu Öztürk,Aşkın Öztürk & Esin Banu Öztürk (AURA SONİC OFFİCİAL),c2a976e6c090787741022e32ce2a46e8f203d89caed2db7b80153088c7413b96,Aria in Candlelight.mp3,2:55,2026-07-13,2026-08-08,RADIO_ONLY
Aurora on the Harp Frame,Aura Sonic,Aşkın Öztürk,Aşkın Öztürk,Esin Banu Öztürk,Aşkın Öztürk & Esin Banu Öztürk (AURA SONİC OFFİCİAL),9fc0393acba4caf2cbc01d50e6fd8c50f6406f0014e308b0d3938cd282efdb10,Aurora on the Harp Frame.mp3,3:19,2026-07-13,2026-08-08,RADIO_ONLY
Autumn Aria,Aura Sonic,Aşkın Öztürk,Aşkın Öztürk,Esin Banu Öztürk,Aşkın Öztürk & Esin Banu Öztürk (AURA SONİC OFFİCİAL),66497eaa241ca8ac1d64c9f4dde99e20ca978cac1d9ad4d26c27cbc40ff8da6a,Autumn Aria.mp3,2:35,2026-07-13,2026-08-08,RADIO_ONLY
Autumn Aria for You,Aura Sonic,Aşkın Öztürk,Aşkın Öztürk,Esin Banu Öztürk,Aşkın Öztürk & Esin Banu Öztürk (AURA SONİC OFFİCİAL),a254f029a1f4fbd13b513c6d2c9dee216bed247a7cbfc659372c15772a2c7a89,Autumn Aria for You.mp3,3:48,2026-07-13,2026-08-08,RADIO_ONLY
AŞKIN ÖZTÜRK - BANA GEÇ KALDIN LIVE CONCERT VERSION,Aura Sonic,Aşkın Öztürk,Aşkın Öztürk,Esin Banu Öztürk,Aşkın Öztürk & Esin Banu Öztürk (AURA SONİC OFFİCİAL),a6f944ac276fb103e695b14640dc9412decb0596bd172e555798d504fe8a17c3,_AŞKIN ÖZTÜRK - BANA GEÇ KALDIN LIVE CONCERT VERSION.wav,6:09,2026-05-30,2026-08-08,RADIO_ONLY
AŞKIN ÖZTÜRK - CANIN SAĞ OLSUN DİYEMEM LIVE CONCERT VERSION,Aura Sonic,Aşkın Öztürk,Aşkın Öztürk,Esin Banu Öztürk,Aşkın Öztürk & Esin Banu Öztürk (AURA SONİC OFFİCİAL),77152bd4080c8b6e3562fc51b863f50ac5f6f6064303d9bdcea47cfe1c900b3b,_AŞKIN ÖZTÜRK - CANIN SAĞ OLSUN DİYEMEM LIVE CONCERT VERSION.wav,6:25,2026-05-30,2026-08-08,RADIO_ONLY
BENİ BÖYLE SEVME,Aura Sonic,Aşkın Öztürk,Aşkın Öztürk,Esin Banu Öztürk,Aşkın Öztürk & Esin Banu Öztürk (AURA SONİC OFFİCİAL),d90a66b2e447291c9e88eea39714a05a4f4d253606962e88c18632fcd0de2ad7, clean_BENİ BÖYLE SEVME.wav,3:39,2026-05-30,2026-08-08,RADIO_ONLY
BENİ BÖYLE SEVME-İrem Sezin,Aura Sonic,Aşkın Öztürk,Aşkın Öztürk,Esin Banu Öztürk,Aşkın Öztürk & Esin Banu Öztürk (AURA SONİC OFFİCİAL),cdd6b2dd708fe817932c7af8ce448c46f4dbf632086b37231b7c4de473b1ffa8, clean_BENİ BÖYLE SEVME-İrem Sezin.mp3,3:39,2026-07-28,2026-08-08,RADIO_ONLY
BURN IT DOWN,Aura Sonic,Aşkın Öztürk,Aşkın Öztürk,Esin Banu Öztürk,Aşkın Öztürk & Esin Banu Öztürk (AURA SONİC OFFİCİAL),a6392a847935f8c2f2ebadff7d13bbed574441116b3a3ad90e3fc37c758d3f30, clean_BURN IT DOWN.wav,4:07,2026-06-11,2026-08-08,RADIO_ONLY
Ballad After Dark,Aura Sonic,Aşkın Öztürk,Aşkın Öztürk,Esin Banu Öztürk,Aşkın Öztürk & Esin Banu Öztürk (AURA SONİC OFFİCİAL),e3772d28a953d9a996f4fbb64527b1bfb1197652d43b859f3119a30462ba824c,Ballad After Dark.mp3,3:20,2026-07-13,2026-08-08,RADIO_ONLY
Bamboo Breath at Dawn,Aura Sonic,Aşkın Öztürk,Aşkın Öztürk,Esin Banu Öztürk,Aşkın Öztürk & Esin Banu Öztürk (AURA SONİC OFFİCİAL),c717a430402dfc40cf35accb202046f7232888d8241e1b6e303193b18b28e121,Bamboo Breath at Dawn.mp3,3:24,2026-07-13,2026-08-08,RADIO_ONLY
Before Valencia Wakes,Aura Sonic,Aşkın Öztürk,Aşkın Öztürk,Esin Banu Öztürk,Aşkın Öztürk & Esin Banu Öztürk (AURA SONİC OFFİCİAL),4fd6417afa461dd29a670e96343ceb285384ad2e4daf0a795d77570d724c0dbf,Before Valencia Wakes.mp3,3:59,2026-07-13,2026-08-08,RADIO_ONLY
Before the Room Goes Quiet,Aura Sonic,Aşkın Öztürk,Aşkın Öztürk,Esin Banu Öztürk,Aşkın Öztürk & Esin Banu Öztürk (AURA SONİC OFFİCİAL),f22c1680b55dbf8ba71c75020dc8d3a20cff64109812079b38976294c3e37e24,Before the Room Goes Quiet.mp3,2:34,2026-07-13,2026-08-08,RADIO_ONLY
Before the Violin Sleeps,Aura Sonic,Aşkın Öztürk,Aşkın Öztürk,Esin Banu Öztürk,Aşkın Öztürk & Esin Banu Öztürk (AURA SONİC OFFİCİAL),5fbf2b7e7ca45e86d8d8d647303e0ff8d246f32ee8f7851211748e5bfe322dd5,Before the Violin Sleeps.mp3,3:33,2026-07-13,2026-08-08,RADIO_ONLY
Beneath the Curtain Light,Aura Sonic,Aşkın Öztürk,Aşkın Öztürk,Esin Banu Öztürk,Aşkın Öztürk & Esin Banu Öztürk (AURA SONİC OFFİCİAL),355c908d5ccbc45b7fc50111b96fc288865518db9a6fadc16980c7bd891bbbf3,Beneath the Curtain Light.mp3,2:19,2026-07-13,2026-08-08,RADIO_ONLY
Beni Böyle Sevme aşkın,Aura Sonic,Aşkın Öztürk,Aşkın Öztürk,Esin Banu Öztürk,Aşkın Öztürk & Esin Banu Öztürk (AURA SONİC OFFİCİAL),116663be472d72275098ff5a96c5ffd7a17a57f002a5c242a83d8da4f32e9c92,Beni Böyle Sevme_aşkın.wav,4:27,2026-05-30,2026-08-08,RADIO_ONLY
Billey Marten - Not for you,Aura Sonic,Aşkın Öztürk,Aşkın Öztürk,Esin Banu Öztürk,Aşkın Öztürk & Esin Banu Öztürk (AURA SONİC OFFİCİAL),a828bdcb963961346e23f266f96385de417b053450dfa78f3987fe80472ddef8,Billey Marten - Not for you.mp3,3:36,2026-07-11,2026-08-08,RADIO_ONLY
Blooded Neon - Blooded Neon,Aura Sonic,Aşkın Öztürk,Aşkın Öztürk,Esin Banu Öztürk,Aşkın Öztürk & Esin Banu Öztürk (AURA SONİC OFFİCİAL),a3199232dc1189d292c59d4fa3f689d4d5af7846108659ab631020b9e1f18a72,Blooded Neon - Blooded Neon.mp3,5:04,2026-07-11,2026-08-08,RADIO_ONLY
Bloom in Orbit,Aura Sonic,Aşkın Öztürk,Aşkın Öztürk,Esin Banu Öztürk,Aşkın Öztürk & Esin Banu Öztürk (AURA SONİC OFFİCİAL),290f94c05279999877ab50fa915e52c6b6990dc02ccc297b7f1f0e18cebe8950,Bloom in Orbit.mp3,3:32,2026-07-13,2026-08-08,RADIO_ONLY
Blue Ballad,Aura Sonic,Aşkın Öztürk,Aşkın Öztürk,Esin Banu Öztürk,Aşkın Öztürk & Esin Banu Öztürk (AURA SONİC OFFİCİAL),c3add2c585fb893d073367aba9f27e70f1f97200628a0bbb6d3536833b6a4fdd,Blue Ballad.mp3,3:29,2026-07-13,2026-08-08,RADIO_ONLY
Blue Ballad by Lamplight,Aura Sonic,Aşkın Öztürk,Aşkın Öztürk,Esin Banu Öztürk,Aşkın Öztürk & Esin Banu Öztürk (AURA SONİC OFFİCİAL),28ad21a9a57f4464089e170c086e9b703e0060d2094bc1b8c5d7bf38d08a4b15,Blue Ballad by Lamplight.mp3,7:59,2026-07-13,2026-08-08,RADIO_ONLY
Blue Bourbon,Aura Sonic,Aşkın Öztürk,Aşkın Öztürk,Esin Banu Öztürk,Aşkın Öztürk & Esin Banu Öztürk (AURA SONİC OFFİCİAL),81c28c1a1f55a7fa5d94498f063e897d0c2215a2b92f8d13c1a315216c4573ed,Blue Bourbon.mp3,2:58,2026-07-13,2026-08-08,RADIO_ONLY
Blue Coat in the Doorway,Aura Sonic,Aşkın Öztürk,Aşkın Öztürk,Esin Banu Öztürk,Aşkın Öztürk & Esin Banu Öztürk (AURA SONİC OFFİCİAL),a01b78a3126f8ec1bbd16040dea34186bdd7ff1b4893677b858f7a071c5a0630,Blue Coat in the Doorway.mp3,3:23,2026-07-13,2026-08-08,RADIO_ONLY
Blue Corner by Lamplight,Aura Sonic,Aşkın Öztürk,Aşkın Öztürk,Esin Banu Öztürk,Aşkın Öztürk & Esin Banu Öztürk (AURA SONİC OFFİCİAL),08fee074c27cb8e77487e758949b1707d54ce9be2d50e503af8a465ec538837f,Blue Corner by Lamplight.mp3,3:59,2026-07-13,2026-08-08,RADIO_ONLY
Blue Courtyard,Aura Sonic,Aşkın Öztürk,Aşkın Öztürk,Esin Banu Öztürk,Aşkın Öztürk & Esin Banu Öztürk (AURA SONİC OFFİCİAL),eae0dd1f4ced4f9d53a35794ef61afcbcf8c2c1914718c14aaea1e042b88f640,Blue Courtyard.mp3,3:33,2026-07-13,2026-08-08,RADIO_ONLY
Blue Currents,Aura Sonic,Aşkın Öztürk,Aşkın Öztürk,Esin Banu Öztürk,Aşkın Öztürk & Esin Banu Öztürk (AURA SONİC OFFİCİAL),d551a83223d0e92abb25e1941652b1140ef3a7a275153c1f61b977c25dd874f2,Blue Currents.mp3,2:57,2026-07-13,2026-08-08,RADIO_ONLY
Blue Curtains in Granada,Aura Sonic,Aşkın Öztürk,Aşkın Öztürk,Esin Banu Öztürk,Aşkın Öztürk & Esin Banu Öztürk (AURA SONİC OFFİCİAL),6fb3403efe998dff45c702f14ac972fc5961773d782d4baf535e5dfdbcc2cfff,Blue Curtains in Granada.mp3,3:19,2026-07-13,2026-08-08,RADIO_ONLY
Blue Hour After Closing,Aura Sonic,Aşkın Öztürk,Aşkın Öztürk,Esin Banu Öztürk,Aşkın Öztürk & Esin Banu Öztürk (AURA SONİC OFFİCİAL),37eecf52ed09f3af7638324de870c7ee28bd8ceeceaeb42d820f34e3f29672f6,Blue Hour After Closing.mp3,3:08,2026-07-13,2026-08-08,RADIO_ONLY
Blue Lounge,Aura Sonic,Aşkın Öztürk,Aşkın Öztürk,Esin Banu Öztürk,Aşkın Öztürk & Esin Banu Öztürk (AURA SONİC OFFİCİAL),74fe68838bf5aa777be380627362de6eb2c9e12ab0a4b106cfe5747f60b6a69b,Blue Lounge.mp3,3:40,2026-07-13,2026-08-08,RADIO_ONLY
Blue Lounge by Lamplight,Aura Sonic,Aşkın Öztürk,Aşkın Öztürk,Esin Banu Öztürk,Aşkın Öztürk & Esin Banu Öztürk (AURA SONİC OFFİCİAL),8151b681dac703b65e0ca6f73d34ffa16de44eb40f5a8bbc998b90a2c84b5b37,Blue Lounge by Lamplight.mp3,2:58,2026-07-13,2026-08-08,RADIO_ONLY
Blue Planet Empty Window,Aura Sonic,Aşkın Öztürk,Aşkın Öztürk,Esin Banu Öztürk,Aşkın Öztürk & Esin Banu Öztürk (AURA SONİC OFFİCİAL),8e0813805335fa787ceef11a59f28fbe40e9f752536db05cd95691cc9b6677e5,Blue Planet Empty Window.mp3,4:47,2026-07-13,2026-08-08,RADIO_ONLY
Blue Ribbon on the Harp,Aura Sonic,Aşkın Öztürk,Aşkın Öztürk,Esin Banu Öztürk,Aşkın Öztürk & Esin Banu Öztürk (AURA SONİC OFFİCİAL),2993fed23bacab059da0b882fb47fa696981d37a393baaa2f23463269c95fa91,Blue Ribbon on the Harp.mp3,3:16,2026-07-13,2026-08-08,RADIO_ONLY
Blue Sax,Aura Sonic,Aşkın Öztürk,Aşkın Öztürk,Esin Banu Öztürk,Aşkın Öztürk & Esin Banu Öztürk (AURA SONİC OFFİCİAL),0c0a5ac8a98373c35a753a659c0efbf930067f3c98a1e631a5f745ecd8ba8f44,Blue Sax.mp3,3:54,2026-07-13,2026-08-08,RADIO_ONLY
Bolero de Noche,Aura Sonic,Aşkın Öztürk,Aşkın Öztürk,Esin Banu Öztürk,Aşkın Öztürk & Esin Banu Öztürk (AURA SONİC OFFİCİAL),78554fdd646596d3a6c8a04312f743e6d87df197e4ed95c0cacae40b5273f5fe,Bolero de Noche.mp3,2:30,2026-07-13,2026-08-08,RADIO_ONLY
Bolero in Bloom,Aura Sonic,Aşkın Öztürk,Aşkın Öztürk,Esin Banu Öztürk,Aşkın Öztürk & Esin Banu Öztürk (AURA SONİC OFFİCİAL),e87d0db09e350ee13c0e7757fc54754aede2d3399868e3d88f75782cc4c76fe4,Bolero in Bloom.mp3,2:38,2026-07-13,2026-08-08,RADIO_ONLY
Bolero in Shade,Aura Sonic,Aşkın Öztürk,Aşkın Öztürk,Esin Banu Öztürk,Aşkın Öztürk & Esin Banu Öztürk (AURA SONİC OFFİCİAL),ecca3d3635b611e2f835a279b623ec4920bc21ced8eb01a74dafb39471ec7482,Bolero in Shade.mp3,2:33,2026-07-13,2026-08-08,RADIO_ONLY
Bonus-red,Aura Sonic,Aşkın Öztürk,Aşkın Öztürk,Esin Banu Öztürk,Aşkın Öztürk & Esin Banu Öztürk (AURA SONİC OFFİCİAL),a50ccd748ca05af420b5ea1108a85201bed119321051d88c87b423daa59c0e84,Aura Sonic - Bonus-red.mp3,7:59,2026-07-11,2026-08-08,RADIO_ONLY
Bourbon at 2AM,Aura Sonic,Aşkın Öztürk,Aşkın Öztürk,Esin Banu Öztürk,Aşkın Öztürk & Esin Banu Öztürk (AURA SONİC OFFİCİAL),560839b9cf606cd6cfb7fe79926f549fcac31700064bf4c39997d5e839886c83,Bourbon at 2AM.mp3,4:09,2026-07-13,2026-08-08,RADIO_ONLY
Bow After Midnight,Aura Sonic,Aşkın Öztürk,Aşkın Öztürk,Esin Banu Öztürk,Aşkın Öztürk & Esin Banu Öztürk (AURA SONİC OFFİCİAL),895812b93b1e8c04cc5b99ada0d805d7853ae4185d5e1f940e27cb4a48d0b616,Bow After Midnight.mp3,3:28,2026-07-13,2026-08-08,RADIO_ONLY
Bowl in Stillness,Aura Sonic,Aşkın Öztürk,Aşkın Öztürk,Esin Banu Öztürk,Aşkın Öztürk & Esin Banu Öztürk (AURA SONİC OFFİCİAL),44ed8ddd3ccd01e7b066d53ca2e525c6d1636d33e17094d061a20f8e36051f4c,Bowl in Stillness.mp3,3:24,2026-07-13,2026-08-08,RADIO_ONLY
Bu Bayram da Yoksun Canım (Sözleri),Aura Sonic,Aşkın Öztürk,Aşkın Öztürk,Esin Banu Öztürk,Aşkın Öztürk & Esin Banu Öztürk (AURA SONİC OFFİCİAL),37e401c3c57cfb55af61a65e9f5e1ffa462e183708f1a486eebab0ad522f4d6f, clean_Bu Bayram da Yoksun Canım (Sözleri).wav,4:15,2026-05-30,2026-08-08,RADIO_ONLY
BİTTİ BU KADAR,Aura Sonic,Aşkın Öztürk,Aşkın Öztürk,Esin Banu Öztürk,Aşkın Öztürk & Esin Banu Öztürk (AURA SONİC OFFİCİAL),3d046178ae34dc91266f3433eebfaebe4e54c503cf56bef4b9563700fafa3b26, clean_BİTTİ BU KADAR.wav,4:19,2026-06-11,2026-08-08,RADIO_ONLY
CAMDAKİ İZ,Aura Sonic,Aşkın Öztürk,Aşkın Öztürk,Esin Banu Öztürk,Aşkın Öztürk & Esin Banu Öztürk (AURA SONİC OFFİCİAL),c6ca0dfb515de43f72e372de2329a5ef5aa4fdbc5231eed27697cc09ccf01014,İREM-CAMDAKİ İZ.wav,4:33,2026-08-11,2026-08-08,RADIO_ONLY
CANDLE IN THE VOID MASTER,Aura Sonic,Aşkın Öztürk,Aşkın Öztürk,Esin Banu Öztürk,Aşkın Öztürk & Esin Banu Öztürk (AURA SONİC OFFİCİAL),9bab228ef10f71569084a98ba36b0eaf8158c30907351bb1b08d9ba654b25983,CANDLE IN THE VOID_MASTER.wav,4:24,2026-06-15,2026-08-08,RADIO_ONLY
Cafe on Sunday,Aura Sonic,Aşkın Öztürk,Aşkın Öztürk,Esin Banu Öztürk,Aşkın Öztürk & Esin Banu Öztürk (AURA SONİC OFFİCİAL),4e8350a8daf8fca67d84e0f1e16777b24bfd432a024b4216b62841c307eb9c2d,Cafe on Sunday.mp3,3:44,2026-07-13,2026-08-08,RADIO_ONLY
Café Blueprints,Aura Sonic,Aşkın Öztürk,Aşkın Öztürk,Esin Banu Öztürk,Aşkın Öztürk & Esin Banu Öztürk (AURA SONİC OFFİCİAL),01c7ea0e4b2ab5172d5f9c3d44bddf12e3e8ab9526ad893e3d0af366c7209d93,Café Blueprints.mp3,2:38,2026-07-13,2026-08-08,RADIO_ONLY
Cassette by the Window,Aura Sonic,Aşkın Öztürk,Aşkın Öztürk,Esin Banu Öztürk,Aşkın Öztürk & Esin Banu Öztürk (AURA SONİC OFFİCİAL),422bdcb7a8f744f7a720861cc68e5a4195da6d24b598eda3c199b1cc2621afa8,Cassette by the Window.mp3,7:59,2026-07-13,2026-08-08,RADIO_ONLY
Cedar Room Meditation,Aura Sonic,Aşkın Öztürk,Aşkın Öztürk,Esin Banu Öztürk,Aşkın Öztürk & Esin Banu Öztürk (AURA SONİC OFFİCİAL),00c4b59d1aafb8e422b1dc61ab8f24d97ff14c6a1495555df295cf126f223457,Cedar Room Meditation.mp3,4:39,2026-07-13,2026-08-08,RADIO_ONLY
Cigarette Case Without Smoke,Aura Sonic,Aşkın Öztürk,Aşkın Öztürk,Esin Banu Öztürk,Aşkın Öztürk & Esin Banu Öztürk (AURA SONİC OFFİCİAL),114e7b9ffb55a8ac28c2fe2b5bef58b04bae81a34b91c5741ef245fca8c7d05a,Cigarette Case Without Smoke.mp3,3:04,2026-07-13,2026-08-08,RADIO_ONLY
Cloud Temple Steps,Aura Sonic,Aşkın Öztürk,Aşkın Öztürk,Esin Banu Öztürk,Aşkın Öztürk & Esin Banu Öztürk (AURA SONİC OFFİCİAL),1202f38b63505c68799e2571e2df0ecb8803e900f8ce6a46f73a478af23c4b2a,Cloud Temple Steps.mp3,4:48,2026-07-13,2026-08-08,RADIO_ONLY
Cloud Temple at Dawn,Aura Sonic,Aşkın Öztürk,Aşkın Öztürk,Esin Banu Öztürk,Aşkın Öztürk & Esin Banu Öztürk (AURA SONİC OFFİCİAL),39ebadf8c550dcc1631d92fdaabd80262c899d4727d879680aa0222c4aa42b7d,Cloud Temple at Dawn.mp3,3:52,2026-07-13,2026-08-08,RADIO_ONLY
Clouds Below the Tower,Aura Sonic,Aşkın Öztürk,Aşkın Öztürk,Esin Banu Öztürk,Aşkın Öztürk & Esin Banu Öztürk (AURA SONİC OFFİCİAL),2e8f7fccc4ef331dc183e1d90637aa17e5cbd3409d34b43004f053d25530c1ac,Clouds Below the Tower.mp3,4:19,2026-07-13,2026-08-08,RADIO_ONLY
Coral Cuerdas,Aura Sonic,Aşkın Öztürk,Aşkın Öztürk,Esin Banu Öztürk,Aşkın Öztürk & Esin Banu Öztürk (AURA SONİC OFFİCİAL),63b11f169a2bda807a8416602f87785035b30ae9f931276e667776b022d84378,Coral Cuerdas.mp3,3:07,2026-07-13,2026-08-08,RADIO_ONLY
Coral Cuerdas at Sunset,Aura Sonic,Aşkın Öztürk,Aşkın Öztürk,Esin Banu Öztürk,Aşkın Öztürk & Esin Banu Öztürk (AURA SONİC OFFİCİAL),f24a14373e07ce1994837ccd8fd692453399aabcc933109004c2902df47b0561,Coral Cuerdas at Sunset.mp3,3:28,2026-07-13,2026-08-08,RADIO_ONLY
Coral Patio,Aura Sonic,Aşkın Öztürk,Aşkın Öztürk,Esin Banu Öztürk,Aşkın Öztürk & Esin Banu Öztürk (AURA SONİC OFFİCİAL),e375c8d4fdf294381d3d9670d89b80bb12501c9e2e8992fe84c7b092fd945b96,Coral Patio.mp3,3:30,2026-07-13,2026-08-08,RADIO_ONLY
Coral Terrace,Aura Sonic,Aşkın Öztürk,Aşkın Öztürk,Esin Banu Öztürk,Aşkın Öztürk & Esin Banu Öztürk (AURA SONİC OFFİCİAL),112df21bcdfe817b32f2397cb38aa93faf10be2dd2ba5a8e219fd7ad026f3e7b,Coral Terrace.mp3,2:39,2026-07-13,2026-08-08,RADIO_ONLY
Corner After Dark,Aura Sonic,Aşkın Öztürk,Aşkın Öztürk,Esin Banu Öztürk,Aşkın Öztürk & Esin Banu Öztürk (AURA SONİC OFFİCİAL),e6d28ff01df3f9bd4f676a0ff788eaff1cf68bcec564c6996953587d47d8a15b,Corner After Dark.mp3,2:04,2026-07-13,2026-08-08,RADIO_ONLY
Courtyard in Bloom,Aura Sonic,Aşkın Öztürk,Aşkın Öztürk,Esin Banu Öztürk,Aşkın Öztürk & Esin Banu Öztürk (AURA SONİC OFFİCİAL),7450db7317334f817923a60c910a7bdfcb73b69cdbe877ac1bc74839217cfd2a,Courtyard in Bloom.mp3,3:39,2026-07-13,2026-08-08,RADIO_ONLY
Courtyard in Shade,Aura Sonic,Aşkın Öztürk,Aşkın Öztürk,Esin Banu Öztürk,Aşkın Öztürk & Esin Banu Öztürk (AURA SONİC OFFİCİAL),b69cdf6c27638676f056b4106c6d95238380aa124379c05b62d8cdf62c161fe9,Courtyard in Shade.mp3,4:34,2026-07-13,2026-08-08,RADIO_ONLY
Cuerdas at Sunset,Aura Sonic,Aşkın Öztürk,Aşkın Öztürk,Esin Banu Öztürk,Aşkın Öztürk & Esin Banu Öztürk (AURA SONİC OFFİCİAL),be29d75ae9b33048660e69928680e79e1e77221a06fb192f37aa9697144dbd49,Cuerdas at Sunset.mp3,2:44,2026-07-13,2026-08-08,RADIO_ONLY
Cuerdas de Noche,Aura Sonic,Aşkın Öztürk,Aşkın Öztürk,Esin Banu Öztürk,Aşkın Öztürk & Esin Banu Öztürk (AURA SONİC OFFİCİAL),6f81532600015edf91a917c53dd50b2a8e9e7dc98ecb1f64e33e4623c658742e,Cuerdas de Noche.mp3,3:37,2026-07-13,2026-08-08,RADIO_ONLY
DARLING WAS A LIE,Aura Sonic,Aşkın Öztürk,Aşkın Öztürk,Esin Banu Öztürk,Aşkın Öztürk & Esin Banu Öztürk (AURA SONİC OFFİCİAL),ac7dcffab716457a9c114c7648b1870b8557e5bee1e1a3b97c6a23257d582853, clean_DARLING WAS A LIE.wav,4:13,2026-05-30,2026-08-08,RADIO_ONLY
DARLING WAS A LIE-Maria Mel,Aura Sonic,Aşkın Öztürk,Aşkın Öztürk,Esin Banu Öztürk,Aşkın Öztürk & Esin Banu Öztürk (AURA SONİC OFFİCİAL),11211d9d9896af246184a5d2daaffeeb0a6997f68c90836286bec76ba6266507, clean_DARLING WAS A LIE-Maria Mel.mp3,4:13,2026-07-28,2026-08-08,RADIO_ONLY
DEAD CITY KINGS MASTER,Aura Sonic,Aşkın Öztürk,Aşkın Öztürk,Esin Banu Öztürk,Aşkın Öztürk & Esin Banu Öztürk (AURA SONİC OFFİCİAL),856bde4b7b7eae2fa3886b8df4f0dc2746ee39a7848f11f9cf1cbab6ce1e4c35,DEAD CITY KINGS_MASTER.wav,3:39,2026-06-15,2026-08-08,RADIO_ONLY
DETADRON-BAILA HASTA EL CIELO,Aura Sonic,Aşkın Öztürk,Aşkın Öztürk,Esin Banu Öztürk,Aşkın Öztürk & Esin Banu Öztürk (AURA SONİC OFFİCİAL),fb9701588df79687155b023910b4e474e0fe7bdd70821ee3a62531e35d07152d,DETADRON-BAILA HASTA EL CIELO.mp3,3:18,2026-07-11,2026-08-08,RADIO_ONLY
Dark-Live,Aura Sonic,Aşkın Öztürk,Aşkın Öztürk,Esin Banu Öztürk,Aşkın Öztürk & Esin Banu Öztürk (AURA SONİC OFFİCİAL),4896d0eb28aa56c0c7a7604078d9cb7e96baec5c440ad3620681eb7ad04d4364,Aura Sonic - Dark-Live.mp3,7:59,2026-07-11,2026-08-08,RADIO_ONLY
Dawn Cello in Rain,Aura Sonic,Aşkın Öztürk,Aşkın Öztürk,Esin Banu Öztürk,Aşkın Öztürk & Esin Banu Öztürk (AURA SONİC OFFİCİAL),3ffc1070dfeed907910353495f92524a6ba36e03b93276e9337f70048aa5e496,Dawn Cello in Rain.mp3,3:49,2026-07-13,2026-08-08,RADIO_ONLY
Dawn Currents,Aura Sonic,Aşkın Öztürk,Aşkın Öztürk,Esin Banu Öztürk,Aşkın Öztürk & Esin Banu Öztürk (AURA SONİC OFFİCİAL),58509afd2a9bc15dfa6f2919d22662a8564fceb7e197986674410c5b257e40aa,Dawn Currents.mp3,3:18,2026-07-13,2026-08-08,RADIO_ONLY
Dawn Smoke,Aura Sonic,Aşkın Öztürk,Aşkın Öztürk,Esin Banu Öztürk,Aşkın Öztürk & Esin Banu Öztürk (AURA SONİC OFFİCİAL),50beba85fa7b61b658a75f4a0334ed71de2bad30c6c856a28ad7a7bff4dd223d,Dawn Smoke.mp3,3:43,2026-07-13,2026-08-08,RADIO_ONLY
Dawn at the Old Stone Bridge,Aura Sonic,Aşkın Öztürk,Aşkın Öztürk,Esin Banu Öztürk,Aşkın Öztürk & Esin Banu Öztürk (AURA SONİC OFFİCİAL),b94c58ce374001714221f9631aa48830774f009e56e36ca781a9deafdf4ae741,Dawn at the Old Stone Bridge.mp3,3:09,2026-07-13,2026-08-08,RADIO_ONLY
Deep Sleep Above Ronda,Aura Sonic,Aşkın Öztürk,Aşkın Öztürk,Esin Banu Öztürk,Aşkın Öztürk & Esin Banu Öztürk (AURA SONİC OFFİCİAL),d9237945b3b14fe538050d28312d4af951e6b3c974cab4dc974486f0e421f79c,Deep Sleep Above Ronda.mp3,3:39,2026-07-13,2026-08-08,RADIO_ONLY
Desert Cassette,Aura Sonic,Aşkın Öztürk,Aşkın Öztürk,Esin Banu Öztürk,Aşkın Öztürk & Esin Banu Öztürk (AURA SONİC OFFİCİAL),180f08194cb52d1679d1568ee3fdbeafc96ae3b501134d6a8bb928289c54e14d,Desert Cassette.mp3,3:24,2026-07-13,2026-08-08,RADIO_ONLY
Desert Keys,Aura Sonic,Aşkın Öztürk,Aşkın Öztürk,Esin Banu Öztürk,Aşkın Öztürk & Esin Banu Öztürk (AURA SONİC OFFİCİAL),fd5c16f394c5de271737dea488761267185c71b590458f224a46b928931f23e1,Desert Keys.mp3,3:31,2026-07-13,2026-08-08,RADIO_ONLY
Desert Smoke,Aura Sonic,Aşkın Öztürk,Aşkın Öztürk,Esin Banu Öztürk,Aşkın Öztürk & Esin Banu Öztürk (AURA SONİC OFFİCİAL),7b778986a17438977ccfbe786783bcd5b8d5cfdd0166dc9d5e46fd94a568f686,Desert Smoke.mp3,3:27,2026-07-13,2026-08-08,RADIO_ONLY
Dew Brook,Aura Sonic,Aşkın Öztürk,Aşkın Öztürk,Esin Banu Öztürk,Aşkın Öztürk & Esin Banu Öztürk (AURA SONİC OFFİCİAL),858147b0d5d86bda796a5227f0775d367429104071d705743b9a4c3ea2b0e605,Dew Brook.mp3,5:32,2026-07-13,2026-08-08,RADIO_ONLY
Dew Meadow,Aura Sonic,Aşkın Öztürk,Aşkın Öztürk,Esin Banu Öztürk,Aşkın Öztürk & Esin Banu Öztürk (AURA SONİC OFFİCİAL),8a67e21b500af78b384712c549a3008829c0e35f46c2ecadddf80351ff2b15e9,Dew Meadow.mp3,3:27,2026-07-13,2026-08-08,RADIO_ONLY
Dew Vale,Aura Sonic,Aşkın Öztürk,Aşkın Öztürk,Esin Banu Öztürk,Aşkın Öztürk & Esin Banu Öztürk (AURA SONİC OFFİCİAL),b72de51b755b6936e840eb06c3e69228ddb96b1f633e3c78062a633dfa005c73,Dew Vale.mp3,3:23,2026-07-13,2026-08-08,RADIO_ONLY
Distant Strings,Aura Sonic,Aşkın Öztürk,Aşkın Öztürk,Esin Banu Öztürk,Aşkın Öztürk & Esin Banu Öztürk (AURA SONİC OFFİCİAL),d9a90b9f74dbff76060d9bc1aeb036104cc089a1443ac30c158450660e17d20f,Distant Strings.mp3,3:23,2026-07-13,2026-08-08,RADIO_ONLY
Don’t Come Back,Aura Sonic,Aşkın Öztürk,Aşkın Öztürk,Esin Banu Öztürk,Aşkın Öztürk & Esin Banu Öztürk (AURA SONİC OFFİCİAL),42eb3832c06c8ab108b92a913324691e4928dd22754306fd279b534a01473cf0,Don’t Come Back.wav,3:12,2026-04-25,2026-08-08,RADIO_ONLY
Don’t Come Back-Aşkın Öztürk,Aura Sonic,Aşkın Öztürk,Aşkın Öztürk,Esin Banu Öztürk,Aşkın Öztürk & Esin Banu Öztürk (AURA SONİC OFFİCİAL),0742001bce0fcef0641d34b74fadcb1898262bc60d45fb7b4553c50757c1888d, clean_Don’t Come Back-Aşkın Öztürk.mp3,3:12,2026-07-28,2026-08-08,RADIO_ONLY
Drift in Rain,Aura Sonic,Aşkın Öztürk,Aşkın Öztürk,Esin Banu Öztürk,Aşkın Öztürk & Esin Banu Öztürk (AURA SONİC OFFİCİAL),fc4b3f6f8dce846deea1b567c64ee865214a551458b147f01dc60615f5699a29,Drift in Rain.mp3,4:04,2026-07-13,2026-08-08,RADIO_ONLY
Drifting Through the Orange Courtyard,Aura Sonic,Aşkın Öztürk,Aşkın Öztürk,Esin Banu Öztürk,Aşkın Öztürk & Esin Banu Öztürk (AURA SONİC OFFİCİAL),22d0b0bf9aafae7714e0946f3d2a6d1bf817d7bf09cb7c611249c24a8b59a5e0,Drifting Through the Orange Courtyard.mp3,2:32,2026-07-13,2026-08-08,RADIO_ONLY
Dusk Guitarra,Aura Sonic,Aşkın Öztürk,Aşkın Öztürk,Esin Banu Öztürk,Aşkın Öztürk & Esin Banu Öztürk (AURA SONİC OFFİCİAL),51d26327fa7d36fb0c34312773fed5f5be4601f49269d5e5239239280ad43bbf,Dusk Guitarra.mp3,3:37,2026-07-13,2026-08-08,RADIO_ONLY
Dusk Serenata,Aura Sonic,Aşkın Öztürk,Aşkın Öztürk,Esin Banu Öztürk,Aşkın Öztürk & Esin Banu Öztürk (AURA SONİC OFFİCİAL),66497eaa241ca8ac1d64c9f4dde99e20ca978cac1d9ad4d26c27cbc40ff8da6a,Dusk Serenata.mp3,2:35,2026-07-13,2026-08-08,RADIO_ONLY
Dusty Breath under Stars,Aura Sonic,Aşkın Öztürk,Aşkın Öztürk,Esin Banu Öztürk,Aşkın Öztürk & Esin Banu Öztürk (AURA SONİC OFFİCİAL),03644449ef4dd16909fdcc1fe031a056628d064f7afacfa910d8463fffc7d744,Dusty Breath under Stars.mp3,3:33,2026-07-13,2026-08-08,RADIO_ONLY
Dusty Ember Over Water,Aura Sonic,Aşkın Öztürk,Aşkın Öztürk,Esin Banu Öztürk,Aşkın Öztürk & Esin Banu Öztürk (AURA SONİC OFFİCİAL),f0356e933864f3b69dbb19a31f120b6571c257ab8c20b1eca45c8ad72c3f6c32,Dusty Ember Over Water.mp3,2:48,2026-07-13,2026-08-08,RADIO_ONLY
EMİR DAĞDAN Yine gece yarısı,Aura Sonic,Aşkın Öztürk,Aşkın Öztürk,Esin Banu Öztürk,Aşkın Öztürk & Esin Banu Öztürk (AURA SONİC OFFİCİAL),14434956aebe858e40551f61b7dd13ea7b499c7b17b40e66b6238bbf34a5ac0f, clean_EMİR DAĞDAN_Yine gece yarısı.wav,4:37,2026-07-22,2026-08-08,RADIO_ONLY
EMİRHAN-zorunami gitti,Aura Sonic,Aşkın Öztürk,Aşkın Öztürk,Esin Banu Öztürk,Aşkın Öztürk & Esin Banu Öztürk (AURA SONİC OFFİCİAL),3d3f808938f5e72af8fe7a0cf088f540ffc2026af8977838a9b96473f0f37630, clean_EMİRHAN-zorunami gitti.mp3,3:53,2026-07-22,2026-08-08,RADIO_ONLY
EN LA SOMBRA-Layra Sage,Aura Sonic,Aşkın Öztürk,Aşkın Öztürk,Esin Banu Öztürk,Aşkın Öztürk & Esin Banu Öztürk (AURA SONİC OFFİCİAL),0a015dc82c5d225b6a92d059fd5d3a51f49ef4615d78953745b896497130a3e4, clean_EN LA SOMBRA-Layra Sage.mp3,3:24,2026-07-28,2026-08-08,RADIO_ONLY
ENGELLENDİN - SON MESAJ,Aura Sonic,Aşkın Öztürk,Aşkın Öztürk,Esin Banu Öztürk,Aşkın Öztürk & Esin Banu Öztürk (AURA SONİC OFFİCİAL),4891788c3ea48cfee5ae8009ad4243c22b1920a61f9d06ae1727f1f5f9235118,ENGELLENDİN - SON MESAJ.wav,3:43,2026-05-30,2026-08-08,RADIO_ONLY
Emerald Hollow by Firelight,Aura Sonic,Aşkın Öztürk,Aşkın Öztürk,Esin Banu Öztürk,Aşkın Öztürk & Esin Banu Öztürk (AURA SONİC OFFİCİAL),ceb9b8f9e3a15c502d835d6beaf81d7bee662b9f28e9c9573034d3a2bdef4536,Emerald Hollow by Firelight.mp3,3:32,2026-07-13,2026-08-08,RADIO_ONLY
FUEGO LENTO-Layra Sage,Aura Sonic,Aşkın Öztürk,Aşkın Öztürk,Esin Banu Öztürk,Aşkın Öztürk & Esin Banu Öztürk (AURA SONİC OFFİCİAL),90e02f841e945ebdcf2a3bca8edbb7e8a0845f376a885e467efe255c55254088, clean_FUEGO LENTO-Layra Sage.mp3,3:01,2026-07-28,2026-08-08,RADIO_ONLY
Faded Serenade,Aura Sonic,Aşkın Öztürk,Aşkın Öztürk,Esin Banu Öztürk,Aşkın Öztürk & Esin Banu Öztürk (AURA SONİC OFFİCİAL),fde61ee53ef82ae991e00413640b790b926795a63a7968d729bf2440fae83f25,Faded Serenade.mp3,2:58,2026-07-13,2026-08-08,RADIO_ONLY
Feather Ballad in Gold,Aura Sonic,Aşkın Öztürk,Aşkın Öztürk,Esin Banu Öztürk,Aşkın Öztürk & Esin Banu Öztürk (AURA SONİC OFFİCİAL),9ceb394c7890383279571c8a04179c8d39a8ae5bddb4ae7b20119236b8b8dd4b,Feather Ballad in Gold.mp3,2:54,2026-07-13,2026-08-08,RADIO_ONLY
Feather Keys in Orbit,Aura Sonic,Aşkın Öztürk,Aşkın Öztürk,Esin Banu Öztürk,Aşkın Öztürk & Esin Banu Öztürk (AURA SONİC OFFİCİAL),5f8619c274064302fb1d56aa42b92b4eb26abeb2dfc3f4a37b7878c3878e2fbf,Feather Keys in Orbit.mp3,4:23,2026-07-13,2026-08-08,RADIO_ONLY
Feather Letters,Aura Sonic,Aşkın Öztürk,Aşkın Öztürk,Esin Banu Öztürk,Aşkın Öztürk & Esin Banu Öztürk (AURA SONİC OFFİCİAL),48acd614d08077ca5374a2a8ba62d4d520a09cd1066b144e5085d7f66ad9b4f0,Feather Letters.mp3,3:53,2026-07-13,2026-08-08,RADIO_ONLY
Feather Reflections,Aura Sonic,Aşkın Öztürk,Aşkın Öztürk,Esin Banu Öztürk,Aşkın Öztürk & Esin Banu Öztürk (AURA SONİC OFFİCİAL),5d2a8ed3bcdf6bd31e723f3d35f35214e0b5383831df353b29e1dc7d024d531d,Feather Reflections.mp3,3:44,2026-07-13,2026-08-08,RADIO_ONLY
Felt Dream,Aura Sonic,Aşkın Öztürk,Aşkın Öztürk,Esin Banu Öztürk,Aşkın Öztürk & Esin Banu Öztürk (AURA SONİC OFFİCİAL),472dfdde952e566dc568d1c9b1b5d74c7b277aa0b494e9aa53e4c528b68ed499,Felt Dream.mp3,2:53,2026-07-13,2026-08-08,RADIO_ONLY
Felt Reflections at Dusk,Aura Sonic,Aşkın Öztürk,Aşkın Öztürk,Esin Banu Öztürk,Aşkın Öztürk & Esin Banu Öztürk (AURA SONİC OFFİCİAL),273f2c2360780d33201dc748c610b63dd0217fc735891caa47b25c70f0bc7fa8,Felt Reflections at Dusk.mp3,3:57,2026-07-13,2026-08-08,RADIO_ONLY
Felt Sax in Flow,Aura Sonic,Aşkın Öztürk,Aşkın Öztürk,Esin Banu Öztürk,Aşkın Öztürk & Esin Banu Öztürk (AURA SONİC OFFİCİAL),4ad18b503e3fc92d439974936f00d0375ec3026d8fce5dcdb3c3b08d2951d632,Felt Sax in Flow.mp3,3:34,2026-07-13,2026-08-08,RADIO_ONLY
Felt Waltz After Dark,Aura Sonic,Aşkın Öztürk,Aşkın Öztürk,Esin Banu Öztürk,Aşkın Öztürk & Esin Banu Öztürk (AURA SONİC OFFİCİAL),519e9ffeee4b74dbf2061b2cff41dd4d3287218a192bb23c41b1a0b660060aa5,Felt Waltz After Dark.mp3,2:54,2026-07-13,2026-08-08,RADIO_ONLY
Fern Glen at First Light,Aura Sonic,Aşkın Öztürk,Aşkın Öztürk,Esin Banu Öztürk,Aşkın Öztürk & Esin Banu Öztürk (AURA SONİC OFFİCİAL),99998035ceb37505149b693fffb3986a15cadbe61dbdb6434b0a1043d0e256e7,Fern Glen at First Light.mp3,3:28,2026-07-13,2026-08-08,RADIO_ONLY
Fern Hollow,Aura Sonic,Aşkın Öztürk,Aşkın Öztürk,Esin Banu Öztürk,Aşkın Öztürk & Esin Banu Öztürk (AURA SONİC OFFİCİAL),c5ee0c358b5baed0f420c535e275c8e21e01e90cace3ece2dd18f50fb14358ae,Fern Hollow.mp3,3:09,2026-07-13,2026-08-08,RADIO_ONLY
Fern Reverie,Aura Sonic,Aşkın Öztürk,Aşkın Öztürk,Esin Banu Öztürk,Aşkın Öztürk & Esin Banu Öztürk (AURA SONİC OFFİCİAL),ec3aaa9c0431c19326c0bd424963f2ef8aa8dcc18a1b5171986914c8256ac2fb,Fern Reverie.mp3,3:28,2026-07-13,2026-08-08,RADIO_ONLY
GOLDEN HORIZON,Aura Sonic,Aşkın Öztürk,Aşkın Öztürk,Esin Banu Öztürk,Aşkın Öztürk & Esin Banu Öztürk (AURA SONİC OFFİCİAL),a3164f8e9e7995f6839bb463a1638063afc57219316e929a774c6a6b6db52209,GOLDEN HORIZON (1).wav,4:04,2026-06-11,2026-08-08,RADIO_ONLY
GRUP DEDELER — BENDEN ALDILAR,Aura Sonic,Aşkın Öztürk,Aşkın Öztürk,Esin Banu Öztürk,Aşkın Öztürk & Esin Banu Öztürk (AURA SONİC OFFİCİAL),52b5bb0547349adf397fc25e102e4537a42b5a64482f38e016f3e87d1e040a95, clean_GRUP DEDELER — BENDEN ALDILAR.wav,3:58,2026-09-05,2026-09-05,RADIO_ONLY
GRUP DEDELER — İÇİMDE GÖÇ,Aura Sonic,Aşkın Öztürk,Aşkın Öztürk,Esin Banu Öztürk,Aşkın Öztürk & Esin Banu Öztürk (AURA SONİC OFFİCİAL),bbc04d9f4e925d9b25e112fb1962b51396887ee37597f979a210264da07f49f0, clean_GRUP DEDELER — İÇİMDE GÖÇ.wav,3:52,2026-09-05,2026-09-05,RADIO_ONLY
Geri Yazmadın,Aura Sonic,Aşkın Öztürk,Aşkın Öztürk,Esin Banu Öztürk,Aşkın Öztürk & Esin Banu Öztürk (AURA SONİC OFFİCİAL),095897ccc8e9ee905d2d9f4df55647debf224fefb56fd5f2b56d70220ea7fd4e,Geri Yazmadın.mp3,3:25,2026-04-10,2026-08-08,RADIO_ONLY
Glass Circuit,Aura Sonic,Aşkın Öztürk,Aşkın Öztürk,Esin Banu Öztürk,Aşkın Öztürk & Esin Banu Öztürk (AURA SONİC OFFİCİAL),4a3278c9f18c055218811f49ae7575ba0bdb174ee5675e09eafde7483ecfefb2,Glass Circuit.mp3,3:33,2026-07-13,2026-08-08,RADIO_ONLY
Glass Notebook,Aura Sonic,Aşkın Öztürk,Aşkın Öztürk,Esin Banu Öztürk,Aşkın Öztürk & Esin Banu Öztürk (AURA SONİC OFFİCİAL),ca7515b501fda4f51c068549bbfa8427f7856afad243c84288d017e7690abbec,Glass Notebook.mp3,2:37,2026-07-13,2026-08-08,RADIO_ONLY
Golden Aria for You,Aura Sonic,Aşkın Öztürk,Aşkın Öztürk,Esin Banu Öztürk,Aşkın Öztürk & Esin Banu Öztürk (AURA SONİC OFFİCİAL),16dcae0cec3ab5637fea375b6caebf69be0d21f274d3775696c7d611ca337b3f,Golden Aria for You.mp3,3:36,2026-07-13,2026-08-08,RADIO_ONLY
Golden Ballad by Lamplight,Aura Sonic,Aşkın Öztürk,Aşkın Öztürk,Esin Banu Öztürk,Aşkın Öztürk & Esin Banu Öztürk (AURA SONİC OFFİCİAL),c66ed630cf21b011336e067cfb4e70cfe19c34938f599a3e94f4598246089856,Golden Ballad by Lamplight.mp3,2:58,2026-07-13,2026-08-08,RADIO_ONLY
Golden Bourbon by Lamplight,Aura Sonic,Aşkın Öztürk,Aşkın Öztürk,Esin Banu Öztürk,Aşkın Öztürk & Esin Banu Öztürk (AURA SONİC OFFİCİAL),11ccfcd1d3715a3fd44a382c0fa9d92242d1e47f59d3f793212fc4e0dcbd6b01,Golden Bourbon by Lamplight.mp3,3:19,2026-07-13,2026-08-08,RADIO_ONLY
Golden Bow,Aura Sonic,Aşkın Öztürk,Aşkın Öztürk,Esin Banu Öztürk,Aşkın Öztürk & Esin Banu Öztürk (AURA SONİC OFFİCİAL),8ca1723bc50551359a8cacdd66554ff792a4100156010db2c3dac6640dbae6f1,Golden Bow.mp3,2:47,2026-07-13,2026-08-08,RADIO_ONLY
Golden Hour After Dark,Aura Sonic,Aşkın Öztürk,Aşkın Öztürk,Esin Banu Öztürk,Aşkın Öztürk & Esin Banu Öztürk (AURA SONİC OFFİCİAL),0f5e8dc5ddee2639c0d002cc50daa70263318ba0c4e3f350704da18fd1857531,Golden Hour After Dark.mp3,3:44,2026-07-13,2026-08-08,RADIO_ONLY
Golden Serenade,Aura Sonic,Aşkın Öztürk,Aşkın Öztürk,Esin Banu Öztürk,Aşkın Öztürk & Esin Banu Öztürk (AURA SONİC OFFİCİAL),46322f5f78a5b36b590c26f0ed4d2ac1e288625e6a8dd5589cd20ae8c6eb51ba,Golden Serenade.mp3,3:08,2026-07-13,2026-08-08,RADIO_ONLY
Golden Serenade in Blue,Aura Sonic,Aşkın Öztürk,Aşkın Öztürk,Esin Banu Öztürk,Aşkın Öztürk & Esin Banu Öztürk (AURA SONİC OFFİCİAL),6414724502fdd6dfe7601acdda62b9fc0acc1a3370fc48c664a6dc72b0e71ef0,Golden Serenade in Blue.mp3,2:37,2026-07-13,2026-08-08,RADIO_ONLY
Golden Sonata for You,Aura Sonic,Aşkın Öztürk,Aşkın Öztürk,Esin Banu Öztürk,Aşkın Öztürk & Esin Banu Öztürk (AURA SONİC OFFİCİAL),e375c8d4fdf294381d3d9670d89b80bb12501c9e2e8992fe84c7b092fd945b96,Golden Sonata for You.mp3,3:30,2026-07-13,2026-08-08,RADIO_ONLY
Golden Threads at Dawn,Aura Sonic,Aşkın Öztürk,Aşkın Öztürk,Esin Banu Öztürk,Aşkın Öztürk & Esin Banu Öztürk (AURA SONİC OFFİCİAL),80ec16700eb4426d84beb157dab023ec8c998db5347643271a9ae51ca7ed7a1a,Golden Threads at Dawn.mp3,3:08,2026-07-13,2026-08-08,RADIO_ONLY
Golden Violin for You,Aura Sonic,Aşkın Öztürk,Aşkın Öztürk,Esin Banu Öztürk,Aşkın Öztürk & Esin Banu Öztürk (AURA SONİC OFFİCİAL),794099b3fe98913cd62d8d069e2f8f91175782fd164467eb2a32c787f3cdad19,Golden Violin for You.mp3,3:52,2026-07-13,2026-08-08,RADIO_ONLY
Green Window Study,Aura Sonic,Aşkın Öztürk,Aşkın Öztürk,Esin Banu Öztürk,Aşkın Öztürk & Esin Banu Öztürk (AURA SONİC OFFİCİAL),8aef03af7a9d2529f3ec430ea02aeb516439e467b73f8d29836f5f1b7b0ec3b3,Green Window Study.mp3,2:49,2026-07-13,2026-08-08,RADIO_ONLY
Grey Keys,Aura Sonic,Aşkın Öztürk,Aşkın Öztürk,Esin Banu Öztürk,Aşkın Öztürk & Esin Banu Öztürk (AURA SONİC OFFİCİAL),d3e9a960f89e831912ce93af9946bb5a87994d4c1c104580d84720c8202ec230,Grey Keys.mp3,4:28,2026-07-13,2026-08-08,RADIO_ONLY
Grey Reflections,Aura Sonic,Aşkın Öztürk,Aşkın Öztürk,Esin Banu Öztürk,Aşkın Öztürk & Esin Banu Öztürk (AURA SONİC OFFİCİAL),a82d68e40acb5cf404175e75a42f9c500e0e1522384a7b61eba3b82fb1b4e293,Grey Reflections.mp3,3:19,2026-07-13,2026-08-08,RADIO_ONLY
Grup Dedeler - Adımı Geri Alırım,Aura Sonic,Aşkın Öztürk,Aşkın Öztürk,Esin Banu Öztürk,Aşkın Öztürk & Esin Banu Öztürk (AURA SONİC OFFİCİAL),3a7fe0b363385cc8733c342470cb2deaf1881f8492c2927d907d234890a8a359,Grup Dedeler - Adımı Geri Alırım.mp3,5:32,2026-07-20,2026-08-08,RADIO_ONLY
Grup Dedeler - Başın Dik Dön Yiğidim,Aura Sonic,Aşkın Öztürk,Aşkın Öztürk,Esin Banu Öztürk,Aşkın Öztürk & Esin Banu Öztürk (AURA SONİC OFFİCİAL),b7ec6455730831a9539356bc2cd7ebe30170c60fb2fe82675e795f658c2c8b26,Grup Dedeler - Başın Dik Dön Yiğidim.mp3,6:49,2026-07-20,2026-08-08,RADIO_ONLY
Grup Dedeler - Lambayı Söndürme,Aura Sonic,Aşkın Öztürk,Aşkın Öztürk,Esin Banu Öztürk,Aşkın Öztürk & Esin Banu Öztürk (AURA SONİC OFFİCİAL),89cfde9003c4012cdfa821ebacea3e83df4d40d9fbe02cb6f325f3c00894d4cd,Grup Dedeler - Lambayı Söndürme.mp3,5:17,2026-07-20,2026-08-08,RADIO_ONLY
Grup Dedeler - Surların Altında,Aura Sonic,Aşkın Öztürk,Aşkın Öztürk,Esin Banu Öztürk,Aşkın Öztürk & Esin Banu Öztürk (AURA SONİC OFFİCİAL),ae4737d41a95950b46edf38c92e04c231b2795ad60874aec7d2cb678c20b1930,Grup Dedeler - Surların Altında.mp3,5:07,2026-07-20,2026-08-08,RADIO_ONLY
Grup Dedeler-ADIMI GERİ ALIRIM,Aura Sonic,Aşkın Öztürk,Aşkın Öztürk,Esin Banu Öztürk,Aşkın Öztürk & Esin Banu Öztürk (AURA SONİC OFFİCİAL),88e195682ace82876f0b2824f2c4b48f895d4c7fa1816b6133e829419e16ca75,Grup Dedeler-ADIMI GERİ ALIRIM.mp3,5:34,2026-07-20,2026-08-08,RADIO_ONLY
Grup Dedeler-BAŞIN DİK DÖN YİĞİDİM,Aura Sonic,Aşkın Öztürk,Aşkın Öztürk,Esin Banu Öztürk,Aşkın Öztürk & Esin Banu Öztürk (AURA SONİC OFFİCİAL),d4d0296177c688a4c7910a84a349aec37f2ee045f5024271fbf8289e4f8cb7c1,Grup Dedeler-BAŞIN DİK DÖN YİĞİDİM.mp3,6:49,2026-07-20,2026-08-08,RADIO_ONLY
Grup Dedeler-BİR SEN KAL İÇİMDE,Aura Sonic,Aşkın Öztürk,Aşkın Öztürk,Esin Banu Öztürk,Aşkın Öztürk & Esin Banu Öztürk (AURA SONİC OFFİCİAL),80b09d04615a5f241dffc3643be1fbb3f17b95ceab0a15dd68f5609190b699c2,Grup Dedeler-BİR SEN KAL İÇİMDE.mp3,4:56,2026-07-20,2026-08-08,RADIO_ONLY
Grup Dedeler-LAMBAYI SÖNDÜRME,Aura Sonic,Aşkın Öztürk,Aşkın Öztürk,Esin Banu Öztürk,Aşkın Öztürk & Esin Banu Öztürk (AURA SONİC OFFİCİAL),8534a4452088ccd52b0468317c167b2e6e0c18175ca06d36c7169a3ef023426d,Grup Dedeler-LAMBAYI SÖNDÜRME.mp3,5:17,2026-07-20,2026-08-08,RADIO_ONLY
Grup Dedeler-SURLARIN ALTINDA,Aura Sonic,Aşkın Öztürk,Aşkın Öztürk,Esin Banu Öztürk,Aşkın Öztürk & Esin Banu Öztürk (AURA SONİC OFFİCİAL),4f7ddfd4d57cee32bf1284e273b85e52a71bf665406e85ae95197a0e556e7b32,Grup Dedeler-SURLARIN ALTINDA.mp3,5:07,2026-07-20,2026-08-08,RADIO_ONLY
Grup Dedeler-YOLLAR SENİ SORAR,Aura Sonic,Aşkın Öztürk,Aşkın Öztürk,Esin Banu Öztürk,Aşkın Öztürk & Esin Banu Öztürk (AURA SONİC OFFİCİAL),bd47769de1cdd15c6912f874146c183b0a63ecb0e9af99f5a0156f1d54911c32,Grup Dedeler-YOLLAR SENİ SORAR.mp3,6:35,2026-07-20,2026-08-08,RADIO_ONLY
Guitarra by the Sea,Aura Sonic,Aşkın Öztürk,Aşkın Öztürk,Esin Banu Öztürk,Aşkın Öztürk & Esin Banu Öztürk (AURA SONİC OFFİCİAL),9178e46e19893b8197208d0812fcac14dcffc1fa30521c6a07a6428667482286,Guitarra by the Sea.mp3,3:27,2026-07-13,2026-08-08,RADIO_ONLY
Guitarra de Noche,Aura Sonic,Aşkın Öztürk,Aşkın Öztürk,Esin Banu Öztürk,Aşkın Öztürk & Esin Banu Öztürk (AURA SONİC OFFİCİAL),deb8bfd4d53211c294a37688f87aa41dd98525f67d852d8d1b2b3ec4ff31ef0f,Guitarra de Noche.mp3,3:54,2026-07-13,2026-08-08,RADIO_ONLY
Guitarra in Shade,Aura Sonic,Aşkın Öztürk,Aşkın Öztürk,Esin Banu Öztürk,Aşkın Öztürk & Esin Banu Öztürk (AURA SONİC OFFİCİAL),222bf0aafbc32f95a7cec1192c9a30dfca5fe1e4dfe2021a9c08bd82ccd7592e,Guitarra in Shade.mp3,3:22,2026-07-13,2026-08-08,RADIO_ONLY
HER AYRILIK İKİ KİŞİLİK,Aura Sonic,Aşkın Öztürk,Aşkın Öztürk,Esin Banu Öztürk,Aşkın Öztürk & Esin Banu Öztürk (AURA SONİC OFFİCİAL),1d64d6de2ada434bb1b762e713ff31790135c9f986fd5f4f71d6b1d96d0378e6,HER AYRILIK İKİ KİŞİLİK.mp3,5:38,2026-07-18,2026-08-08,RADIO_ONLY
Half Past Silence,Aura Sonic,Aşkın Öztürk,Aşkın Öztürk,Esin Banu Öztürk,Aşkın Öztürk & Esin Banu Öztürk (AURA SONİC OFFİCİAL),267908fb7a9935c7d026c85ab0748c6433592c374ffbd402331b28eed98fded4,Half Past Silence.mp3,3:22,2026-07-13,2026-08-08,RADIO_ONLY
Halo After Dark,Aura Sonic,Aşkın Öztürk,Aşkın Öztürk,Esin Banu Öztürk,Aşkın Öztürk & Esin Banu Öztürk (AURA SONİC OFFİCİAL),17da8fc129ca96a8a32bd46265f745e37ed9e6fee405024e73b32a13358cec5d,Halo After Dark.mp3,3:26,2026-07-13,2026-08-08,RADIO_ONLY
Heather Meadow,Aura Sonic,Aşkın Öztürk,Aşkın Öztürk,Esin Banu Öztürk,Aşkın Öztürk & Esin Banu Öztürk (AURA SONİC OFFİCİAL),61cb6781ee497645297ad8dd8676d4d340cfceb4493442c0347604093c45dfb4,Heather Meadow.mp3,3:14,2026-07-13,2026-08-08,RADIO_ONLY
Honey Corner,Aura Sonic,Aşkın Öztürk,Aşkın Öztürk,Esin Banu Öztürk,Aşkın Öztürk & Esin Banu Öztürk (AURA SONİC OFFİCİAL),e8851a305b0650e3003f427203e6a794094d7ebbff201ce36278ae0e5c88c266,Honey Corner.mp3,7:59,2026-07-13,2026-08-08,RADIO_ONLY
Honey Daydream,Aura Sonic,Aşkın Öztürk,Aşkın Öztürk,Esin Banu Öztürk,Aşkın Öztürk & Esin Banu Öztürk (AURA SONİC OFFİCİAL),830dc08c344dba915ab512dc5e86aaefe5a46259396bd5d704541c51baa50f70,Honey Daydream.mp3,3:58,2026-07-13,2026-08-08,RADIO_ONLY
Honey Light on the Strings,Aura Sonic,Aşkın Öztürk,Aşkın Öztürk,Esin Banu Öztürk,Aşkın Öztürk & Esin Banu Öztürk (AURA SONİC OFFİCİAL),d6be5edacbf0d3e5b0103dc26149e3a4d0ed3be3e92255ef1e51a2013f806bb3,Honey Light on the Strings.mp3,3:39,2026-07-13,2026-08-08,RADIO_ONLY
Honey Samba in Spring,Aura Sonic,Aşkın Öztürk,Aşkın Öztürk,Esin Banu Öztürk,Aşkın Öztürk & Esin Banu Öztürk (AURA SONİC OFFİCİAL),de3fad8a25a7b5756fdfe3866552ea0dc752c34787c2f2154f849933cb09b1f2,Honey Samba in Spring.mp3,2:38,2026-07-13,2026-08-08,RADIO_ONLY
Horizon on Sunday,Aura Sonic,Aşkın Öztürk,Aşkın Öztürk,Esin Banu Öztürk,Aşkın Öztürk & Esin Banu Öztürk (AURA SONİC OFFİCİAL),b0c0ca905c23e98820547b536a3a65d8e1377a3fcfe730af0801e44573754198,Horizon on Sunday.mp3,4:34,2026-07-13,2026-08-08,RADIO_ONLY
Hour After Dark,Aura Sonic,Aşkın Öztürk,Aşkın Öztürk,Esin Banu Öztürk,Aşkın Öztürk & Esin Banu Öztürk (AURA SONİC OFFİCİAL),fff0c2060ac9d828fc57044e4dd1694359e5d0704da76ef885011d4cb68ca514,Hour After Dark.mp3,4:28,2026-07-13,2026-08-08,RADIO_ONLY
Hushed Ballad on Repeat,Aura Sonic,Aşkın Öztürk,Aşkın Öztürk,Esin Banu Öztürk,Aşkın Öztürk & Esin Banu Öztürk (AURA SONİC OFFİCİAL),6f0a0958710c601b255246a6efd4912f77985ab137598468542e6a87cb8963dd,Hushed Ballad on Repeat.mp3,3:24,2026-07-13,2026-08-08,RADIO_ONLY
Hushed Cello,Aura Sonic,Aşkın Öztürk,Aşkın Öztürk,Esin Banu Öztürk,Aşkın Öztürk & Esin Banu Öztürk (AURA SONİC OFFİCİAL),56df779641abf9a02392cb03dc523882cdfab107a742d27fb423b1296fd134bd,Hushed Cello.mp3,4:03,2026-07-13,2026-08-08,RADIO_ONLY
Hymn at First Light,Aura Sonic,Aşkın Öztürk,Aşkın Öztürk,Esin Banu Öztürk,Aşkın Öztürk & Esin Banu Öztürk (AURA SONİC OFFİCİAL),96b43cbc5460586c30d349f5a57c1ad9e897656eca391d1e7d0e822f19a836ff,Hymn at First Light.mp3,4:23,2026-07-13,2026-08-08,RADIO_ONLY
I WON'T CRY ANYMORE,Aura Sonic,Aşkın Öztürk,Aşkın Öztürk,Esin Banu Öztürk,Aşkın Öztürk & Esin Banu Öztürk (AURA SONİC OFFİCİAL),9367e78048e22e632ddf6eab60ea65b532fe16d9d47c07af1124b9187155de98, clean_I WON'T CRY ANYMORE.wav,3:49,2026-05-30,2026-08-08,RADIO_ONLY
I WON'T CRY ANYMORE 2,Aura Sonic,Aşkın Öztürk,Aşkın Öztürk,Esin Banu Öztürk,Aşkın Öztürk & Esin Banu Öztürk (AURA SONİC OFFİCİAL),9367e78048e22e632ddf6eab60ea65b532fe16d9d47c07af1124b9187155de98,sarki.wav,3:49,2026-05-30,2026-08-08,RADIO_ONLY
I WON'T CRY ANYMORE yeni,Aura Sonic,Aşkın Öztürk,Aşkın Öztürk,Esin Banu Öztürk,Aşkın Öztürk & Esin Banu Öztürk (AURA SONİC OFFİCİAL),9367e78048e22e632ddf6eab60ea65b532fe16d9d47c07af1124b9187155de98,sarki.wav,3:49,2026-05-30,2026-08-08,RADIO_ONLY
I WON’T CRY ANYMORE-Maria Mel,Aura Sonic,Aşkın Öztürk,Aşkın Öztürk,Esin Banu Öztürk,Aşkın Öztürk & Esin Banu Öztürk (AURA SONİC OFFİCİAL),6ad2f1e1bc74ea92b791f018eb85b328e35dc83d565155210d1a4bd3f24c11e1, clean_I WON’T CRY ANYMORE-Maria Mel.mp3,4:22,2026-07-28,2026-08-08,RADIO_ONLY
ICH WERDE NICHT MEHR WEINEN,Aura Sonic,Aşkın Öztürk,Aşkın Öztürk,Esin Banu Öztürk,Aşkın Öztürk & Esin Banu Öztürk (AURA SONİC OFFİCİAL),9778f7fc11fc709b02736075482f2e8d56bc14368eb6c752f8e605ba1e8bed50, clean_ICH WERDE NICHT MEHR WEINEN.wav,3:43,2026-05-30,2026-08-08,RADIO_ONLY
IF YOU SEE HER MASTER,Aura Sonic,Aşkın Öztürk,Aşkın Öztürk,Esin Banu Öztürk,Aşkın Öztürk & Esin Banu Öztürk (AURA SONİC OFFİCİAL),46214401f17973654a1c60ba1b3ccc4e344f30e7e1dbd52cd4e3fb1cc9c34608,IF YOU SEE HER_MASTER.wav,4:25,2026-06-15,2026-08-08,RADIO_ONLY
Iron Echoes,Aura Sonic,Aşkın Öztürk,Aşkın Öztürk,Esin Banu Öztürk,Aşkın Öztürk & Esin Banu Öztürk (AURA SONİC OFFİCİAL),cef4f4d30d4bdebfa094cb23c94619028fc5e3b00c3edd6399730bb22594127a,Iron Echoes.mp3,3:39,2026-07-13,2026-08-08,RADIO_ONLY
Ivory Aria,Aura Sonic,Aşkın Öztürk,Aşkın Öztürk,Esin Banu Öztürk,Aşkın Öztürk & Esin Banu Öztürk (AURA SONİC OFFİCİAL),2ab43877ac92e92e74724a37c47fd4b7ba819215e9e0961426090412c0e161b8,Ivory Aria.mp3,3:24,2026-07-13,2026-08-08,RADIO_ONLY
Ivory Nocturne,Aura Sonic,Aşkın Öztürk,Aşkın Öztürk,Esin Banu Öztürk,Aşkın Öztürk & Esin Banu Öztürk (AURA SONİC OFFİCİAL),cad0424517a72e8c9c7b3501b5bff280ab1a9e4cb7e19aa4d55b4dea5ce67f1d,Ivory Nocturne.mp3,3:13,2026-07-13,2026-08-08,RADIO_ONLY
Ivory Romance,Aura Sonic,Aşkın Öztürk,Aşkın Öztürk,Esin Banu Öztürk,Aşkın Öztürk & Esin Banu Öztürk (AURA SONİC OFFİCİAL),6f81532600015edf91a917c53dd50b2a8e9e7dc98ecb1f64e33e4623c658742e,Ivory Romance.mp3,3:37,2026-07-13,2026-08-08,RADIO_ONLY
Ivory Sonata Under Stars,Aura Sonic,Aşkın Öztürk,Aşkın Öztürk,Esin Banu Öztürk,Aşkın Öztürk & Esin Banu Öztürk (AURA SONİC OFFİCİAL),7dfd6ad8b7a040965416e6f9db7729e3a24c54dc40c77b180eef22fb308f6246,Ivory Sonata Under Stars.mp3,3:37,2026-07-13,2026-08-08,RADIO_ONLY
JE NE PLEURERAI PLUS,Aura Sonic,Aşkın Öztürk,Aşkın Öztürk,Esin Banu Öztürk,Aşkın Öztürk & Esin Banu Öztürk (AURA SONİC OFFİCİAL),b3f4ecc22ef5489ded775b75964c83b129f0403cc52aed6ce6c3111dd630e359, clean_JE NE PLEURERAI PLUS.wav,3:37,2026-05-30,2026-08-08,RADIO_ONLY
Jacob Sterling - Kingdom of Smoke,Aura Sonic,Aşkın Öztürk,Aşkın Öztürk,Esin Banu Öztürk,Aşkın Öztürk & Esin Banu Öztürk (AURA SONİC OFFİCİAL),4e45c135dadcc4d78edb6776169ea2b99ed89096aea5faa55e4aa7481623b3c3,Jacob Sterling - Kingdom of Smoke.mp3,3:43,2026-07-11,2026-08-08,RADIO_ONLY
Jacob Wilde - Blooded Neon 1,Aura Sonic,Aşkın Öztürk,Aşkın Öztürk,Esin Banu Öztürk,Aşkın Öztürk & Esin Banu Öztürk (AURA SONİC OFFİCİAL),7e890d48111ebf906b5255909694d5617a57a871ab6d1ac1593a6a9371132bd3,Jacob Wilde - Blooded Neon_1.mp3,3:30,2026-07-11,2026-08-08,RADIO_ONLY
Jade Spring by the Pond,Aura Sonic,Aşkın Öztürk,Aşkın Öztürk,Esin Banu Öztürk,Aşkın Öztürk & Esin Banu Öztürk (AURA SONİC OFFİCİAL),035ae7c5b8861008c26129214700ff084edd5831d2a97cb937de96969128b07e,Jade Spring by the Pond.mp3,3:52,2026-07-13,2026-08-08,RADIO_ONLY
Jade Water Flowing,Aura Sonic,Aşkın Öztürk,Aşkın Öztürk,Esin Banu Öztürk,Aşkın Öztürk & Esin Banu Öztürk (AURA SONİC OFFİCİAL),d8f50577e33e4f616dd74970c5906940d992623b3191021d15f1deb5cc604129,Jade Water Flowing.mp3,3:19,2026-07-13,2026-08-08,RADIO_ONLY
KALAN BEN,Aura Sonic,Aşkın Öztürk,Aşkın Öztürk,Esin Banu Öztürk,Aşkın Öztürk & Esin Banu Öztürk (AURA SONİC OFFİCİAL),9dce548d844ea9f22a6737a38878e2b5c124df742263011edb210bb2035cd5aa,İREM-KALAN BEN.wav,4:24,2026-08-11,2026-08-08,RADIO_ONLY
KENDİME DÖNDÜM,Aura Sonic,Aşkın Öztürk,Aşkın Öztürk,Esin Banu Öztürk,Aşkın Öztürk & Esin Banu Öztürk (AURA SONİC OFFİCİAL),a9d2670935361c133dc614629df61a7b15f7dcde7459e1b866df5681d8aa24fd,İREM-KENDİME DÖNDÜM.wav,4:23,2026-08-11,2026-08-08,RADIO_ONLY
KENDİME KALAN,Aura Sonic,Aşkın Öztürk,Aşkın Öztürk,Esin Banu Öztürk,Aşkın Öztürk & Esin Banu Öztürk (AURA SONİC OFFİCİAL),209207f16cf002556d1a279b59f0e0f21b9e6c417fe2fccfe9eec7def049b5ea,İREM-KENDİME KALAN.wav,4:39,2026-08-11,2026-08-08,RADIO_ONLY
KING OF NO ONE MASTER,Aura Sonic,Aşkın Öztürk,Aşkın Öztürk,Esin Banu Öztürk,Aşkın Öztürk & Esin Banu Öztürk (AURA SONİC OFFİCİAL),507b9f3e62e2a94756fc14b84e8b7a2f73ad0ae7c7d39d61eed186c3cd02010a,KING OF NO ONE_MASTER.wav,4:00,2026-06-15,2026-08-08,RADIO_ONLY
KIRIK SAZ,Aura Sonic,Aşkın Öztürk,Aşkın Öztürk,Esin Banu Öztürk,Aşkın Öztürk & Esin Banu Öztürk (AURA SONİC OFFİCİAL),05f92da27264879fb12c613f58fed3573316932adaec1ff4a95899eda0d5b51b,KIRIK SAZ.wav,5:29,2026-05-11,2026-08-08,RADIO_ONLY
KIRMIZI GECE,Aura Sonic,Aşkın Öztürk,Aşkın Öztürk,Esin Banu Öztürk,Aşkın Öztürk & Esin Banu Öztürk (AURA SONİC OFFİCİAL),dcff2825cc4f7cecb1387ba3a3c57248595548b39f76e29e920c7069482fbd5b, clean_KIRMIZI GECE.wav,4:20,2026-06-11,2026-08-08,RADIO_ONLY
KIVIRCIKALİ ANISINAHAKKIN HELAL ET,Aura Sonic,Aşkın Öztürk,Aşkın Öztürk,Esin Banu Öztürk,Aşkın Öztürk & Esin Banu Öztürk (AURA SONİC OFFİCİAL),27f05f6f1db6acd926e12288d1a9d9cf54aa750610426e4ea23ab916147a5762, clean_KIVIRCIKALİ ANISINAHAKKIN HELAL ET.wav,4:14,2026-07-22,2026-08-08,RADIO_ONLY
Kapımı Çalma Artık,Aura Sonic,Aşkın Öztürk,Aşkın Öztürk,Esin Banu Öztürk,Aşkın Öztürk & Esin Banu Öztürk (AURA SONİC OFFİCİAL),435ccb317eb1226710cdec0aa3951e5a33071c22ed9d37391518238f9c45344f, clean_Kapımı Çalma Artık.wav,5:49,2026-06-11,2026-08-08,RADIO_ONLY
Knots and Ashes marten sarter,Aura Sonic,Aşkın Öztürk,Aşkın Öztürk,Esin Banu Öztürk,Aşkın Öztürk & Esin Banu Öztürk (AURA SONİC OFFİCİAL),47dfb24e513a27222c800c9b3fc934736ed919c76c690b03f369b9ef4549f819, clean_Knots and Ashes_marten sarter.mp3,6:35,2026-07-28,2026-08-08,RADIO_ONLY
KÜLÜMDEN DÖNDÜM,Aura Sonic,Aşkın Öztürk,Aşkın Öztürk,Esin Banu Öztürk,Aşkın Öztürk & Esin Banu Öztürk (AURA SONİC OFFİCİAL),95cf091e33027f4b526dccbc1199c065e3aa60fa6a5ede5e05393522c7e25acf, clean_KÜLÜMDEN DÖNDÜM.wav,4:03,2026-06-11,2026-08-08,RADIO_ONLY
LAST EXIT HOME MASTER,Aura Sonic,Aşkın Öztürk,Aşkın Öztürk,Esin Banu Öztürk,Aşkın Öztürk & Esin Banu Öztürk (AURA SONİC OFFİCİAL),d88331edc99a227d492bb13e1844153c1f12f508acacc4ab23df031eb38cb4de,LAST EXIT HOME_MASTER.wav,4:39,2026-06-15,2026-08-08,RADIO_ONLY
Lamplight Cello under Stars,Aura Sonic,Aşkın Öztürk,Aşkın Öztürk,Esin Banu Öztürk,Aşkın Öztürk & Esin Banu Öztürk (AURA SONİC OFFİCİAL),3e7872c4e8385d13c5456db2402a65fd4f068332913f2b28c45a5397e48a1e9c,Lamplight Cello under Stars.mp3,3:49,2026-07-13,2026-08-08,RADIO_ONLY
Lamplight Notebook,Aura Sonic,Aşkın Öztürk,Aşkın Öztürk,Esin Banu Öztürk,Aşkın Öztürk & Esin Banu Öztürk (AURA SONİC OFFİCİAL),622eae2acb8efe31549903397de5369605baa0981e65fa6b570b5736111c78e1,Lamplight Notebook.mp3,3:41,2026-07-13,2026-08-08,RADIO_ONLY
Lamplight Slumber,Aura Sonic,Aşkın Öztürk,Aşkın Öztürk,Esin Banu Öztürk,Aşkın Öztürk & Esin Banu Öztürk (AURA SONİC OFFİCİAL),8131d237de13699fed318df860f2fab6c049a821a25cbac6839e5bc9e0f0ec5a,Lamplight Slumber.mp3,4:03,2026-07-13,2026-08-08,RADIO_ONLY
Lantern Inside the Fog,Aura Sonic,Aşkın Öztürk,Aşkın Öztürk,Esin Banu Öztürk,Aşkın Öztürk & Esin Banu Öztürk (AURA SONİC OFFİCİAL),aa187412ea29641a6c796f295ed220610d890014ab9811e25e0ddb9410d46f0d,Lantern Inside the Fog.mp3,3:39,2026-07-13,2026-08-08,RADIO_ONLY
Last Table by the Window,Aura Sonic,Aşkın Öztürk,Aşkın Öztürk,Esin Banu Öztürk,Aşkın Öztürk & Esin Banu Öztürk (AURA SONİC OFFİCİAL),2d8cf0cb2a111e2660f8cc00a9419b3ad9ab15a1a472aa36567ff11295cb32c7,Last Table by the Window.mp3,3:08,2026-07-13,2026-08-08,RADIO_ONLY
Late Pages Warm Strings,Aura Sonic,Aşkın Öztürk,Aşkın Öztürk,Esin Banu Öztürk,Aşkın Öztürk & Esin Banu Öztürk (AURA SONİC OFFİCİAL),601e62e26e9aa0fd0dd85ab4f7357d246e807827f65c7df0fc323764fdbf0f9b,Late Pages Warm Strings.mp3,2:50,2026-07-13,2026-08-08,RADIO_ONLY
Letter Beneath the Pillow,Aura Sonic,Aşkın Öztürk,Aşkın Öztürk,Esin Banu Öztürk,Aşkın Öztürk & Esin Banu Öztürk (AURA SONİC OFFİCİAL),529d55f7d7226f745337c597aceb3aa460bd99101ea2ff72e06fd467be238c23,Letter Beneath the Pillow.mp3,3:17,2026-07-13,2026-08-08,RADIO_ONLY
Letter from Granada,Aura Sonic,Aşkın Öztürk,Aşkın Öztürk,Esin Banu Öztürk,Aşkın Öztürk & Esin Banu Öztürk (AURA SONİC OFFİCİAL),cf69fa539acd9ec0e1aad91eebf01168d06df2bb85955f7d97e21d6a741baec4,Letter from Granada.mp3,2:44,2026-07-13,2026-08-08,RADIO_ONLY
Letters Beneath the Rowan Tree,Aura Sonic,Aşkın Öztürk,Aşkın Öztürk,Esin Banu Öztürk,Aşkın Öztürk & Esin Banu Öztürk (AURA SONİC OFFİCİAL),23e3846277e015da0be80c33800464adf7bec8ce98f493871760bdef7b48457d,Letters Beneath the Rowan Tree.mp3,3:19,2026-07-13,2026-08-08,RADIO_ONLY
Letters from Inis Mór,Aura Sonic,Aşkın Öztürk,Aşkın Öztürk,Esin Banu Öztürk,Aşkın Öztürk & Esin Banu Öztürk (AURA SONİC OFFİCİAL),3fb5e6faa5d76272d91fd8aadf6c3309d32c3ab8850d613b588cdc83edbef510,Letters from Inis Mór.mp3,3:23,2026-07-13,2026-08-08,RADIO_ONLY
Library Card at Midnight,Aura Sonic,Aşkın Öztürk,Aşkın Öztürk,Esin Banu Öztürk,Aşkın Öztürk & Esin Banu Öztürk (AURA SONİC OFFİCİAL),3ba6646b030d266ad242915128fda52d6aaf365889d48407384b63fbfad5c8d6,Library Card at Midnight.mp3,3:06,2026-07-13,2026-08-08,RADIO_ONLY
Linen Piano,Aura Sonic,Aşkın Öztürk,Aşkın Öztürk,Esin Banu Öztürk,Aşkın Öztürk & Esin Banu Öztürk (AURA SONİC OFFİCİAL),da902b206af02cd1d5beab7598b66a865d1d183c1af5f22bc12c6bd88a705f9d,Linen Piano.mp3,2:53,2026-07-13,2026-08-08,RADIO_ONLY
Liora Veylen - Asin sa Balikat Mo,Aura Sonic,Aşkın Öztürk,Aşkın Öztürk,Esin Banu Öztürk,Aşkın Öztürk & Esin Banu Öztürk (AURA SONİC OFFİCİAL),4fce5b2ca0a0ffd06d9314e2683fffd6e6a04a5a22091a8b2529405e5823e4f3,Liora Veylen - Asin sa Balikat Mo.mp3,3:19,2026-07-11,2026-08-08,RADIO_ONLY
Liora Veylen - No More Good Girl,Aura Sonic,Aşkın Öztürk,Aşkın Öztürk,Esin Banu Öztürk,Aşkın Öztürk & Esin Banu Öztürk (AURA SONİC OFFİCİAL),99365ee44488b9afd058d330bf6e8a326401fc62db77a23e66de1e82dda41a15,Liora Veylen - No More Good Girl.mp3,3:06,2026-07-11,2026-08-08,RADIO_ONLY
Liora Veylen - Pagkatapos ng Palakpakan,Aura Sonic,Aşkın Öztürk,Aşkın Öztürk,Esin Banu Öztürk,Aşkın Öztürk & Esin Banu Öztürk (AURA SONİC OFFİCİAL),710dfbdb7e87ef9b37e332477c8a70eec347e45d3b7160f97e139e1884371442,Liora Veylen - Pagkatapos ng Palakpakan.mp3,3:39,2026-07-11,2026-08-08,RADIO_ONLY
Liora Veylen - Talk To Me Quiet,Aura Sonic,Aşkın Öztürk,Aşkın Öztürk,Esin Banu Öztürk,Aşkın Öztürk & Esin Banu Öztürk (AURA SONİC OFFİCİAL),d1712236ca4e7c1dc6f252c385983ab3d980707800f29bbe6e8c78d4c6672311,Liora Veylen - Talk To Me Quiet.mp3,3:04,2026-07-11,2026-08-08,RADIO_ONLY
Liora Veylen - Unang Bumitaw,Aura Sonic,Aşkın Öztürk,Aşkın Öztürk,Esin Banu Öztürk,Aşkın Öztürk & Esin Banu Öztürk (AURA SONİC OFFİCİAL),7437d4fd2d71c988ad42f88f0888d1de75d3503c0904b9821ddd4d7efe8079d7,Liora Veylen - Unang Bumitaw.mp3,3:10,2026-07-11,2026-08-08,RADIO_ONLY
Liora Veylen - Walang Uuwi Nang Buo,Aura Sonic,Aşkın Öztürk,Aşkın Öztürk,Esin Banu Öztürk,Aşkın Öztürk & Esin Banu Öztürk (AURA SONİC OFFİCİAL),aceafd3fb2a9e7c5f4a4bbeee847ea8a41d4cfa6c76b4f5c5a3729745fb35abd,Liora Veylen - Walang Uuwi Nang Buo.mp3,3:36,2026-07-11,2026-08-08,RADIO_ONLY
Lisbon Marmalade,Aura Sonic,Aşkın Öztürk,Aşkın Öztürk,Esin Banu Öztürk,Aşkın Öztürk & Esin Banu Öztürk (AURA SONİC OFFİCİAL),95dde5d7701692a5c4c07ec4abd185daae2b978a4bb823467d6447a0ac20d01f,Lisbon Marmalade.mp3,2:59,2026-07-13,2026-08-08,RADIO_ONLY
Lounge by Lamplight,Aura Sonic,Aşkın Öztürk,Aşkın Öztürk,Esin Banu Öztürk,Aşkın Öztürk & Esin Banu Öztürk (AURA SONİC OFFİCİAL),6d8efdb1c5eefda0f412eb1573d4ca1bdde53cdd50e5c043714d070cbf000e9b,Lounge by Lamplight.mp3,3:08,2026-07-13,2026-08-08,RADIO_ONLY
Lounge in Blue,Aura Sonic,Aşkın Öztürk,Aşkın Öztürk,Esin Banu Öztürk,Aşkın Öztürk & Esin Banu Öztürk (AURA SONİC OFFİCİAL),90d75ae0f792933fa35f3131eb055518ce27bc3eee6e2448d467c5b36a222cca,Lounge in Blue.mp3,7:59,2026-07-13,2026-08-08,RADIO_ONLY
Lounge on Repeat,Aura Sonic,Aşkın Öztürk,Aşkın Öztürk,Esin Banu Öztürk,Aşkın Öztürk & Esin Banu Öztürk (AURA SONİC OFFİCİAL),77f7a9995f542b93af2bce95898f150b9aa5df48387778a834400b0105df641b,Lounge on Repeat.mp3,4:08,2026-07-13,2026-08-08,RADIO_ONLY
Lounge under Stars,Aura Sonic,Aşkın Öztürk,Aşkın Öztürk,Esin Banu Öztürk,Aşkın Öztürk & Esin Banu Öztürk (AURA SONİC OFFİCİAL),00078740a6a53a8e1f4fa82b1485268602a9fe18a555b7965d6a5e9d9952ffc7,Lounge under Stars.mp3,2:44,2026-07-13,2026-08-08,RADIO_ONLY
Low Light Four Strings Each,Aura Sonic,Aşkın Öztürk,Aşkın Öztürk,Esin Banu Öztürk,Aşkın Öztürk & Esin Banu Öztürk (AURA SONİC OFFİCİAL),e282482cc4c387db6d066455cf8dbcddfda51db08076f3cfa8b93c15d906256f,Low Light Four Strings Each.mp3,3:51,2026-07-13,2026-08-08,RADIO_ONLY
Lucas Reed - Echoes Of The Rearview,Aura Sonic,Aşkın Öztürk,Aşkın Öztürk,Esin Banu Öztürk,Aşkın Öztürk & Esin Banu Öztürk (AURA SONİC OFFİCİAL),1d5e47a5ee0b2a33e3291e38ca7805ea34ef099c4df9c148d9ba3b0c40489160,Lucas Reed - Echoes Of The Rearview.mp3,3:01,2026-07-11,2026-08-08,RADIO_ONLY
Luna Bolero,Aura Sonic,Aşkın Öztürk,Aşkın Öztürk,Esin Banu Öztürk,Aşkın Öztürk & Esin Banu Öztürk (AURA SONİC OFFİCİAL),bece9e38f984eaa7e8c3b50a6bd3067a06fc66a305eac625111d17406ea1928b,Luna Bolero.mp3,3:14,2026-07-13,2026-08-08,RADIO_ONLY
Luna Bolero by the Sea,Aura Sonic,Aşkın Öztürk,Aşkın Öztürk,Esin Banu Öztürk,Aşkın Öztürk & Esin Banu Öztürk (AURA SONİC OFFİCİAL),22d1af471dbee0f4d5f277d52e701ecbb07db4486b58a851976546f7f866191c,Luna Bolero by the Sea.mp3,2:58,2026-07-13,2026-08-08,RADIO_ONLY
Luna Bolero de Noche,Aura Sonic,Aşkın Öztürk,Aşkın Öztürk,Esin Banu Öztürk,Aşkın Öztürk & Esin Banu Öztürk (AURA SONİC OFFİCİAL),7dfd6ad8b7a040965416e6f9db7729e3a24c54dc40c77b180eef22fb308f6246,Luna Bolero de Noche.mp3,3:37,2026-07-13,2026-08-08,RADIO_ONLY
Luna Serenata,Aura Sonic,Aşkın Öztürk,Aşkın Öztürk,Esin Banu Öztürk,Aşkın Öztürk & Esin Banu Öztürk (AURA SONİC OFFİCİAL),794099b3fe98913cd62d8d069e2f8f91175782fd164467eb2a32c787f3cdad19,Luna Serenata.mp3,3:52,2026-07-13,2026-08-08,RADIO_ONLY
Lunar Ballad in Snow,Aura Sonic,Aşkın Öztürk,Aşkın Öztürk,Esin Banu Öztürk,Aşkın Öztürk & Esin Banu Öztürk (AURA SONİC OFFİCİAL),e653ffe2f8500530ac2509e9d1068c736df81c0842dc50198a3c63718e3bafd4,Lunar Ballad in Snow.mp3,3:14,2026-07-13,2026-08-08,RADIO_ONLY
Lunar Bow at First Light,Aura Sonic,Aşkın Öztürk,Aşkın Öztürk,Esin Banu Öztürk,Aşkın Öztürk & Esin Banu Öztürk (AURA SONİC OFFİCİAL),9d907ea1ee318a70f927579d2a040b75d7d3b7cca2f9880205339563e0e31b42,Lunar Bow at First Light.mp3,3:23,2026-07-13,2026-08-08,RADIO_ONLY
Lunar Lounge,Aura Sonic,Aşkın Öztürk,Aşkın Öztürk,Esin Banu Öztürk,Aşkın Öztürk & Esin Banu Öztürk (AURA SONİC OFFİCİAL),a3a682ad37aa401543b57ffba15dd40d89972539629d65914256de1da90e4160,Lunar Lounge.mp3,7:59,2026-07-13,2026-08-08,RADIO_ONLY
LİORA VEYLEN--Kilómetro Cero,Aura Sonic,Aşkın Öztürk,Aşkın Öztürk,Esin Banu Öztürk,Aşkın Öztürk & Esin Banu Öztürk (AURA SONİC OFFİCİAL),e12560864ce2e118420bc46e186c7fea3578f1389daa3c3da2e50ad9afe6bb7c,LİORA VEYLEN--Kilómetro Cero.mp3,3:19,2026-07-10,2026-08-08,RADIO_ONLY
LİORA VEYLEN-BAJO LA LUNA,Aura Sonic,Aşkın Öztürk,Aşkın Öztürk,Esin Banu Öztürk,Aşkın Öztürk & Esin Banu Öztürk (AURA SONİC OFFİCİAL),436e74c5ed0801da908edd58c37b0a59769dced0c501aea6475a05d436ab9427,LİORA VEYLEN-BAJO LA LUNA.mp3,3:05,2026-07-11,2026-08-08,RADIO_ONLY
LİORA VEYLEN-SUNSET IN YOUR COLORS,Aura Sonic,Aşkın Öztürk,Aşkın Öztürk,Esin Banu Öztürk,Aşkın Öztürk & Esin Banu Öztürk (AURA SONİC OFFİCİAL),bd3a849472272cfef7c3f49d9bf25a99740e89a775924723d0f75b2c4ec32dd8,LİORA VEYLEN-SUNSET IN YOUR COLORS.mp3,3:06,2026-07-11,2026-08-08,RADIO_ONLY
MARTEN ANEBİ AŞKIN ÖNÜNDE,Aura Sonic,Aşkın Öztürk,Aşkın Öztürk,Esin Banu Öztürk,Aşkın Öztürk & Esin Banu Öztürk (AURA SONİC OFFİCİAL),53e35da39e9d2500c7f01e5b46913dca75c3ad39a16a1073a3b566b0ae34ad9e, clean_MARTEN ANEBİ_AŞKIN ÖNÜNDE.wav,3:36,2026-07-22,2026-08-08,RADIO_ONLY
MARİAİ MEL— Roma Brucia Per Noi,Aura Sonic,Aşkın Öztürk,Aşkın Öztürk,Esin Banu Öztürk,Aşkın Öztürk & Esin Banu Öztürk (AURA SONİC OFFİCİAL),2e7a44559f8a4d9d08b443db3dbfd89fc835225aa631e2b26a70abbb6fed9fe8,MARİAİ MEL— Roma Brucia Per Noi.wav,3:44,2026-08-14,2026-08-08,RADIO_ONLY
MEDROCK-BANA MI NİSPET,Aura Sonic,Aşkın Öztürk,Aşkın Öztürk,Esin Banu Öztürk,Aşkın Öztürk & Esin Banu Öztürk (AURA SONİC OFFİCİAL),9bdcbf2edf9cf922b8bcd48fe0b8d7ca652fee191032a7d7911d7f72370650d3,MEDROCK-BANA MI NİSPET.mp3,3:43,2026-07-20,2026-08-08,RADIO_ONLY
MEDROKC-CITY DON'T SLEEP,Aura Sonic,Aşkın Öztürk,Aşkın Öztürk,Esin Banu Öztürk,Aşkın Öztürk & Esin Banu Öztürk (AURA SONİC OFFİCİAL),7b91e485d019924a96080b2af522617e3166378421a62be3f35de1628aab5011,MEDROKC-CITY DON'T SLEEP.mp3,2:53,2026-07-11,2026-08-08,RADIO_ONLY
MEDROKC-WAITING UNDER NEON,Aura Sonic,Aşkın Öztürk,Aşkın Öztürk,Esin Banu Öztürk,Aşkın Öztürk & Esin Banu Öztürk (AURA SONİC OFFİCİAL),fc2257b59d9fb25481039136eac310ccb93c3176d130e0c47c68031f2c12acb3,MEDROKC-WAITING UNDER NEON.mp3,3:07,2026-07-11,2026-08-08,RADIO_ONLY
Marble Courtyard at Sunset,Aura Sonic,Aşkın Öztürk,Aşkın Öztürk,Esin Banu Öztürk,Aşkın Öztürk & Esin Banu Öztürk (AURA SONİC OFFİCİAL),8a4732a8873bd72d98ffeb752408027053713cb95fe59e359e223c0555121008,Marble Courtyard at Sunset.mp3,3:41,2026-07-13,2026-08-08,RADIO_ONLY
Marble Cuerdas,Aura Sonic,Aşkın Öztürk,Aşkın Öztürk,Esin Banu Öztürk,Aşkın Öztürk & Esin Banu Öztürk (AURA SONİC OFFİCİAL),ee06165580896b30fe2c63661d13200ce9a43e2fc28c8a620b19cf62514a88f1,Marble Cuerdas.mp3,2:42,2026-07-13,2026-08-08,RADIO_ONLY
Marble Falseta,Aura Sonic,Aşkın Öztürk,Aşkın Öztürk,Esin Banu Öztürk,Aşkın Öztürk & Esin Banu Öztürk (AURA SONİC OFFİCİAL),f9312a627ed7ed14b41eaaecb32ba8226496e10fc7acc6086a0d555b9c74f24c,Marble Falseta.mp3,2:58,2026-07-13,2026-08-08,RADIO_ONLY
Marble Serenata,Aura Sonic,Aşkın Öztürk,Aşkın Öztürk,Esin Banu Öztürk,Aşkın Öztürk & Esin Banu Öztürk (AURA SONİC OFFİCİAL),16dcae0cec3ab5637fea375b6caebf69be0d21f274d3775696c7d611ca337b3f,Marble Serenata.mp3,3:36,2026-07-13,2026-08-08,RADIO_ONLY
Marble Terrace,Aura Sonic,Aşkın Öztürk,Aşkın Öztürk,Esin Banu Öztürk,Aşkın Öztürk & Esin Banu Öztürk (AURA SONİC OFFİCİAL),4fa6c3c248007342f49c9aebfb3529c722dc03c36e15263e0d5b5e4caf9dbc6f,Marble Terrace.mp3,4:19,2026-07-13,2026-08-08,RADIO_ONLY
Marble Terrace in Shade,Aura Sonic,Aşkın Öztürk,Aşkın Öztürk,Esin Banu Öztürk,Aşkın Öztürk & Esin Banu Öztürk (AURA SONİC OFFİCİAL),811d5ebcf5d7072ac3eeaa0f5a3886d5f6b08cae269fe9fb104775c3161912df,Marble Terrace in Shade.mp3,3:04,2026-07-13,2026-08-08,RADIO_ONLY
Margins of the Old Notebook,Aura Sonic,Aşkın Öztürk,Aşkın Öztürk,Esin Banu Öztürk,Aşkın Öztürk & Esin Banu Öztürk (AURA SONİC OFFİCİAL),8aff8fe944aa84ed97cc725920cf0a84180d67ee462c76ee8915e2fed4885cbc,Margins of the Old Notebook.mp3,2:53,2026-07-13,2026-08-08,RADIO_ONLY
Martin Clack - THE ANATOMY OF SILENCE,Aura Sonic,Aşkın Öztürk,Aşkın Öztürk,Esin Banu Öztürk,Aşkın Öztürk & Esin Banu Öztürk (AURA SONİC OFFİCİAL),cd37c23fcca94dca7f6de657fdb03991aa964ecf19da54f6adb661e0b98fb905,Martin Clack - THE ANATOMY OF SILENCE.mp3,3:05,2026-07-11,2026-08-08,RADIO_ONLY
Meadow of the North,Aura Sonic,Aşkın Öztürk,Aşkın Öztürk,Esin Banu Öztürk,Aşkın Öztürk & Esin Banu Öztürk (AURA SONİC OFFİCİAL),fc7614f7fb44a1373dbce644a15dbe8b30fe3794635ee405f531dd53a07da8a8,Meadow of the North.mp3,2:54,2026-07-13,2026-08-08,RADIO_ONLY
Medrock - Bana mı Nispet,Aura Sonic,Aşkın Öztürk,Aşkın Öztürk,Esin Banu Öztürk,Aşkın Öztürk & Esin Banu Öztürk (AURA SONİC OFFİCİAL),995b782343d3e42f49ae75c0c19ea3b64c79ebcdb2b95af2caac6bf76a1e935c,Medrock - Bana mı Nispet.mp3,3:43,2026-07-20,2026-08-08,RADIO_ONLY
Midnight Harp Letter,Aura Sonic,Aşkın Öztürk,Aşkın Öztürk,Esin Banu Öztürk,Aşkın Öztürk & Esin Banu Öztürk (AURA SONİC OFFİCİAL),ab5f7c9aaf1a7a5b380d1e7781fa302592b034906ca7e25157a44ba01c109c2f,Midnight Harp Letter.mp3,3:59,2026-07-13,2026-08-08,RADIO_ONLY
Midnight Hour by Lamplight,Aura Sonic,Aşkın Öztürk,Aşkın Öztürk,Esin Banu Öztürk,Aşkın Öztürk & Esin Banu Öztürk (AURA SONİC OFFİCİAL),9cf08c342eb2455b666ee9ae1ed8b06d1442467ecbc92e84817454305b8c67fa,Midnight Hour by Lamplight.mp3,3:39,2026-07-13,2026-08-08,RADIO_ONLY
Midnight Kept Your Name,Aura Sonic,Aşkın Öztürk,Aşkın Öztürk,Esin Banu Öztürk,Aşkın Öztürk & Esin Banu Öztürk (AURA SONİC OFFİCİAL),439fd5a75762743b14b7370be70876ed543f4f45d6d6fc3af312296148cdb79b,Midnight Kept Your Name.mp3,3:13,2026-07-13,2026-08-08,RADIO_ONLY
Midnight Smoke at 2AM,Aura Sonic,Aşkın Öztürk,Aşkın Öztürk,Esin Banu Öztürk,Aşkın Öztürk & Esin Banu Öztürk (AURA SONİC OFFİCİAL),36874ff217a4002b711d23409f352fb47f4e4dee0895ac399b776f8ff424f701,Midnight Smoke at 2AM.mp3,3:04,2026-07-13,2026-08-08,RADIO_ONLY
Midnight Smoke on Sunday,Aura Sonic,Aşkın Öztürk,Aşkın Öztürk,Esin Banu Öztürk,Aşkın Öztürk & Esin Banu Öztürk (AURA SONİC OFFİCİAL),f585dc3238f0b4598f52de144df925230962bf1f31fc5ff16212df32efd59053,Midnight Smoke on Sunday.mp3,3:36,2026-07-13,2026-08-08,RADIO_ONLY
Mist Above the Heather,Aura Sonic,Aşkın Öztürk,Aşkın Öztürk,Esin Banu Öztürk,Aşkın Öztürk & Esin Banu Öztürk (AURA SONİC OFFİCİAL),6408156714277edbc68bb3ef932e651cee037bdd33dcd0d72d1e5e01e1d529db,Mist Above the Heather.mp3,3:47,2026-07-13,2026-08-08,RADIO_ONLY
Mist Over the Silver Field,Aura Sonic,Aşkın Öztürk,Aşkın Öztürk,Esin Banu Öztürk,Aşkın Öztürk & Esin Banu Öztürk (AURA SONİC OFFİCİAL),e813897a2a9f99d1941bbf02d1db3868ce61ab9861da13aabac9170b0fff4a1a,Mist Over the Silver Field.mp3,3:19,2026-07-13,2026-08-08,RADIO_ONLY
Mist by Lamplight,Aura Sonic,Aşkın Öztürk,Aşkın Öztürk,Esin Banu Öztürk,Aşkın Öztürk & Esin Banu Öztürk (AURA SONİC OFFİCİAL),c639b5295513afd0b31749a278d4ca17106d866b2b480f0f60249d96aa88c61c,Mist by Lamplight.mp3,2:32,2026-07-13,2026-08-08,RADIO_ONLY
Misty Meadow,Aura Sonic,Aşkın Öztürk,Aşkın Öztürk,Esin Banu Öztürk,Aşkın Öztürk & Esin Banu Öztürk (AURA SONİC OFFİCİAL),623aa86a1d92a9dfcc25fbfe00969bc61db9aa8b8d84a967aed4492e60ceced0,Misty Meadow.mp3,2:52,2026-07-13,2026-08-08,RADIO_ONLY
Moon Over Inis Mór,Aura Sonic,Aşkın Öztürk,Aşkın Öztürk,Esin Banu Öztürk,Aşkın Öztürk & Esin Banu Öztürk (AURA SONİC OFFİCİAL),339586e05ab1aa85084b0d23dfa591075e1a7a7f690c66e18de191131876789f,Moon Over Inis Mór.mp3,5:03,2026-07-13,2026-08-08,RADIO_ONLY
Moon Over the White Village,Aura Sonic,Aşkın Öztürk,Aşkın Öztürk,Esin Banu Öztürk,Aşkın Öztürk & Esin Banu Öztürk (AURA SONİC OFFİCİAL),ef580b0f314bed8e01df18eeb678cd36ace4795c37d0d618cdd44c59fb10ac49,Moon Over the White Village.mp3,3:34,2026-07-13,2026-08-08,RADIO_ONLY
Moonlight on the Staircase,Aura Sonic,Aşkın Öztürk,Aşkın Öztürk,Esin Banu Öztürk,Aşkın Öztürk & Esin Banu Öztürk (AURA SONİC OFFİCİAL),942ffef39cfcd9c6cdcb72d0842414b416832baf2066096a1f9a048f5663f7fc,Moonlight on the Staircase.mp3,3:09,2026-07-13,2026-08-08,RADIO_ONLY
Moonlit Breeze,Aura Sonic,Aşkın Öztürk,Aşkın Öztürk,Esin Banu Öztürk,Aşkın Öztürk & Esin Banu Öztürk (AURA SONİC OFFİCİAL),b027632aef007763fb1af2b56b20aa8ca00e96c81f5bac1b38ce64c3e1b6de66,Moonlit Breeze.mp3,3:03,2026-07-13,2026-08-08,RADIO_ONLY
Moonlit Circuit,Aura Sonic,Aşkın Öztürk,Aşkın Öztürk,Esin Banu Öztürk,Aşkın Öztürk & Esin Banu Öztürk (AURA SONİC OFFİCİAL),ea72bd0c91bf0dd6301959b9ae883d0b43e0b416ecea228e8fe504f1e9ca1fb8,Moonlit Circuit.mp3,3:58,2026-07-13,2026-08-08,RADIO_ONLY
Moonlit Espresso,Aura Sonic,Aşkın Öztürk,Aşkın Öztürk,Esin Banu Öztürk,Aşkın Öztürk & Esin Banu Öztürk (AURA SONİC OFFİCİAL),3805904b1d6498c130a1f5ebedd78fbdc0b909013fc9b31687d768111c707545,Moonlit Espresso.mp3,3:17,2026-07-13,2026-08-08,RADIO_ONLY
Moonlit Romance,Aura Sonic,Aşkın Öztürk,Aşkın Öztürk,Esin Banu Öztürk,Aşkın Öztürk & Esin Banu Öztürk (AURA SONİC OFFİCİAL),eebd52217ca2b2af98d4f7629ddda38e0e23cd6a0da9b55c5c5fb76b07eeca3d,Moonlit Romance.mp3,3:48,2026-07-13,2026-08-08,RADIO_ONLY
Moonlit Sonata,Aura Sonic,Aşkın Öztürk,Aşkın Öztürk,Esin Banu Öztürk,Aşkın Öztürk & Esin Banu Öztürk (AURA SONİC OFFİCİAL),b69cdf6c27638676f056b4106c6d95238380aa124379c05b62d8cdf62c161fe9,Moonlit Sonata.mp3,4:34,2026-07-13,2026-08-08,RADIO_ONLY
Moonlit Violin,Aura Sonic,Aşkın Öztürk,Aşkın Öztürk,Esin Banu Öztürk,Aşkın Öztürk & Esin Banu Öztürk (AURA SONİC OFFİCİAL),0861dde79c50c2c60a41018a9e1a9ab304c0c41fb8b286e8ee2d28b8b3e399d7,Moonlit Violin.mp3,4:28,2026-07-13,2026-08-08,RADIO_ONLY
Morning Bow,Aura Sonic,Aşkın Öztürk,Aşkın Öztürk,Esin Banu Öztürk,Aşkın Öztürk & Esin Banu Öztürk (AURA SONİC OFFİCİAL),2617b722d67425481703388b8516e6161eb84647c7259f7e0b7f9e023056d15f,Morning Bow.mp3,3:33,2026-07-13,2026-08-08,RADIO_ONLY
Morning Breeze Adrift,Aura Sonic,Aşkın Öztürk,Aşkın Öztürk,Esin Banu Öztürk,Aşkın Öztürk & Esin Banu Öztürk (AURA SONİC OFFİCİAL),8a11e4642a74aebabf6fec93638458ac1d6d3756a3b089128729b76bd814f696,Morning Breeze Adrift.mp3,3:27,2026-07-13,2026-08-08,RADIO_ONLY
Morning Can Wait,Aura Sonic,Aşkın Öztürk,Aşkın Öztürk,Esin Banu Öztürk,Aşkın Öztürk & Esin Banu Öztürk (AURA SONİC OFFİCİAL),503829b1f81ed6f53f44f05de29c9c5e6909c14020eacfd8d7f369ae86400df6,Morning Can Wait.mp3,4:19,2026-07-13,2026-08-08,RADIO_ONLY
Morning Ivory After Dark,Aura Sonic,Aşkın Öztürk,Aşkın Öztürk,Esin Banu Öztürk,Aşkın Öztürk & Esin Banu Öztürk (AURA SONİC OFFİCİAL),075543a6b37e53e043a5fe1966bdc3873bb2033debb1296a80cc835842ebff87,Morning Ivory After Dark.mp3,5:03,2026-07-13,2026-08-08,RADIO_ONLY
Morning Serenade,Aura Sonic,Aşkın Öztürk,Aşkın Öztürk,Esin Banu Öztürk,Aşkın Öztürk & Esin Banu Öztürk (AURA SONİC OFFİCİAL),164ec4647a2c180b698b39da43b168ddc9c5b3beed7df3d15bf88d8161509b73,Morning Serenade.mp3,2:47,2026-07-13,2026-08-08,RADIO_ONLY
Morning Tea on Wooden Steps,Aura Sonic,Aşkın Öztürk,Aşkın Öztürk,Esin Banu Öztürk,Aşkın Öztürk & Esin Banu Öztürk (AURA SONİC OFFİCİAL),738c01f4734a02a1c2d4524904a538ccd48c97ce8f514eec2a96c672a1c9b479,Morning Tea on Wooden Steps.mp3,5:02,2026-07-13,2026-08-08,RADIO_ONLY
Moss Breath at Dawn,Aura Sonic,Aşkın Öztürk,Aşkın Öztürk,Esin Banu Öztürk,Aşkın Öztürk & Esin Banu Öztürk (AURA SONİC OFFİCİAL),6340fb2dba37951c1e4dcbcf432bee7812ae6def6af6d79c925b515cde78ee64,Moss Breath at Dawn.mp3,4:24,2026-07-13,2026-08-08,RADIO_ONLY
Moss Hollow in Green,Aura Sonic,Aşkın Öztürk,Aşkın Öztürk,Esin Banu Öztürk,Aşkın Öztürk & Esin Banu Öztürk (AURA SONİC OFFİCİAL),1aab2c589e047c4bdc1b65328ced17e309c549779f085974e110e6410a2c471a,Moss Hollow in Green.mp3,2:49,2026-07-13,2026-08-08,RADIO_ONLY
Moss Meadow,Aura Sonic,Aşkın Öztürk,Aşkın Öztürk,Esin Banu Öztürk,Aşkın Öztürk & Esin Banu Öztürk (AURA SONİC OFFİCİAL),2481d3da9a3a5c960ec06387ff5cbda1d1e59e9153a3d38e811a0666d265634d,Moss Meadow.mp3,3:23,2026-07-13,2026-08-08,RADIO_ONLY
Moss Water at Dawn,Aura Sonic,Aşkın Öztürk,Aşkın Öztürk,Esin Banu Öztürk,Aşkın Öztürk & Esin Banu Öztürk (AURA SONİC OFFİCİAL),7be3b24d4a9c6069ba2d456fac7ec5721a9fc64580afd60a184c7d112681592d,Moss Water at Dawn.mp3,3:34,2026-07-13,2026-08-08,RADIO_ONLY
NEİL DAREN — WHO I BECAME,Aura Sonic,Aşkın Öztürk,Aşkın Öztürk,Esin Banu Öztürk,Aşkın Öztürk & Esin Banu Öztürk (AURA SONİC OFFİCİAL),a89fb3609557f665b8ffd307fb33e9ca48c93ce2db8675851cf2a408d2c07713,_NEİL DAREN — WHO I BECAME.mp3,3:24,2026-07-10,2026-08-10,RADIO_ONLY
NO LLORARÉ MÁS,Aura Sonic,Aşkın Öztürk,Aşkın Öztürk,Esin Banu Öztürk,Aşkın Öztürk & Esin Banu Öztürk (AURA SONİC OFFİCİAL),82f16248de713d457e3874a9e057ed1120ad94c117383608f7706a1a4ce60e88, clean_NO LLORARÉ MÁS.wav,3:42,2026-05-30,2026-08-08,RADIO_ONLY
NO MORE SORRY,Aura Sonic,Aşkın Öztürk,Aşkın Öztürk,Esin Banu Öztürk,Aşkın Öztürk & Esin Banu Öztürk (AURA SONİC OFFİCİAL),165d639dc742bc03f3c38edf913f9eee0ef25d8ca5b9bb7e79da33f79f0082cc, clean_NO MORE SORRY.wav,4:03,2026-06-11,2026-08-08,RADIO_ONLY
NO SAINTS LEFT MASTER,Aura Sonic,Aşkın Öztürk,Aşkın Öztürk,Esin Banu Öztürk,Aşkın Öztürk & Esin Banu Öztürk (AURA SONİC OFFİCİAL),d63b8c6ce2309fbf1e36fc08b1ac79865522781b8420fc8b06c36b282ab777f1,NO SAINTS LEFT_MASTER.wav,4:49,2026-06-15,2026-08-08,RADIO_ONLY
NOTTI D’ORO,Aura Sonic,Aşkın Öztürk,Aşkın Öztürk,Esin Banu Öztürk,Aşkın Öztürk & Esin Banu Öztürk (AURA SONİC OFFİCİAL),b5cda5ff3ffe7b5d10c3abc43767084a8a3b1f738f850d8d4abe94be8fccd8aa,NOTTI D’ORO.wav,4:24,2026-06-11,2026-08-08,RADIO_ONLY
Neon Ballad After Dark,Aura Sonic,Aşkın Öztürk,Aşkın Öztürk,Esin Banu Öztürk,Aşkın Öztürk & Esin Banu Öztürk (AURA SONİC OFFİCİAL),37344900937ea95783c748f1f401cf4823f440b8398b53bfff16db1c1a5be604,Neon Ballad After Dark.mp3,5:57,2026-07-13,2026-08-08,RADIO_ONLY
Neon Bourbon,Aura Sonic,Aşkın Öztürk,Aşkın Öztürk,Esin Banu Öztürk,Aşkın Öztürk & Esin Banu Öztürk (AURA SONİC OFFİCİAL),7edd65cc040f71a2f1ecac89f9ab0dcfdfaf466a6fff23571c6930dac20e4c67,Neon Bourbon.mp3,3:03,2026-07-13,2026-08-08,RADIO_ONLY
Neon Corner,Aura Sonic,Aşkın Öztürk,Aşkın Öztürk,Esin Banu Öztürk,Aşkın Öztürk & Esin Banu Öztürk (AURA SONİC OFFİCİAL),b7f8cafffbc3b857b6cbfcf92c012257e2c860da5a7f343fd783b6269b67a5df,Neon Corner.mp3,3:22,2026-07-13,2026-08-08,RADIO_ONLY
Neon Currents at Dusk,Aura Sonic,Aşkın Öztürk,Aşkın Öztürk,Esin Banu Öztürk,Aşkın Öztürk & Esin Banu Öztürk (AURA SONİC OFFİCİAL),a56066dcd3612e71c0af84792068870429f364e49a36ddaeffd452dcd149f051,Neon Currents at Dusk.mp3,3:43,2026-07-13,2026-08-08,RADIO_ONLY
Neon Sax,Aura Sonic,Aşkın Öztürk,Aşkın Öztürk,Esin Banu Öztürk,Aşkın Öztürk & Esin Banu Öztürk (AURA SONİC OFFİCİAL),7691c1afdd61d1cf9f3017839efbf7d1213ae41da009148e8273db539c85bfa4,Neon Sax.mp3,3:08,2026-07-13,2026-08-08,RADIO_ONLY
Neon on the Piano Lid,Aura Sonic,Aşkın Öztürk,Aşkın Öztürk,Esin Banu Öztürk,Aşkın Öztürk & Esin Banu Öztürk (AURA SONİC OFFİCİAL),0606d79b6f1802737ac6f618221e11a05a5b66a2ef76c45ec2d2381184867087,Neon on the Piano Lid.mp3,3:21,2026-07-13,2026-08-08,RADIO_ONLY
Neptune's Blue Sleep,Aura Sonic,Aşkın Öztürk,Aşkın Öztürk,Esin Banu Öztürk,Aşkın Öztürk & Esin Banu Öztürk (AURA SONİC OFFİCİAL),aedab90104ed12a4a5518c4e6ea6cd71bec9a1d458b1168e398c64a5f9467fc8,Neptune's Blue Sleep.mp3,4:44,2026-07-13,2026-08-08,RADIO_ONLY
Night Garden for Three Harps,Aura Sonic,Aşkın Öztürk,Aşkın Öztürk,Esin Banu Öztürk,Aşkın Öztürk & Esin Banu Öztürk (AURA SONİC OFFİCİAL),ae760c8d992251d50edac17b704de625877cb7ae7cdba9dc37cd6d174ff56d40,Night Garden for Three Harps.mp3,3:02,2026-07-13,2026-08-08,RADIO_ONLY
Noah Sterling - NOTHING BUT THE RAIN,Aura Sonic,Aşkın Öztürk,Aşkın Öztürk,Esin Banu Öztürk,Aşkın Öztürk & Esin Banu Öztürk (AURA SONİC OFFİCİAL),c94c42614a4e1e365dba1e73f7eefea77c57f3ff3eda69cf876f21884cdbab7b,Noah Sterling - NOTHING BUT THE RAIN.mp3,2:09,2026-07-11,2026-08-08,RADIO_ONLY
Nocturne for You,Aura Sonic,Aşkın Öztürk,Aşkın Öztürk,Esin Banu Öztürk,Aşkın Öztürk & Esin Banu Öztürk (AURA SONİC OFFİCİAL),4fa6c3c248007342f49c9aebfb3529c722dc03c36e15263e0d5b5e4caf9dbc6f,Nocturne for You.mp3,4:19,2026-07-13,2026-08-08,RADIO_ONLY
Nocturne in Winter,Aura Sonic,Aşkın Öztürk,Aşkın Öztürk,Esin Banu Öztürk,Aşkın Öztürk & Esin Banu Öztürk (AURA SONİC OFFİCİAL),17a253f4d2893ec8f9e9ed27d8f763ab19cc5f8d82c298ec21a312a6d2ce1744,Nocturne in Winter.mp3,3:18,2026-07-13,2026-08-08,RADIO_ONLY
Northern Circuit Drift,Aura Sonic,Aşkın Öztürk,Aşkın Öztürk,Esin Banu Öztürk,Aşkın Öztürk & Esin Banu Öztürk (AURA SONİC OFFİCİAL),caa424297c450b87eb198d5eb4a55167ad82d14ac471b9e43bd6aa515b4941b0,Northern Circuit Drift.mp3,4:34,2026-07-13,2026-08-08,RADIO_ONLY
Notes Beside the Espresso,Aura Sonic,Aşkın Öztürk,Aşkın Öztürk,Esin Banu Öztürk,Aşkın Öztürk & Esin Banu Öztürk (AURA SONİC OFFİCİAL),796c682e15b51887fc0b97eeab91bbfdd2bdd7101b24d676c0f8b83fdb24de71,Notes Beside the Espresso.mp3,3:22,2026-07-13,2026-08-08,RADIO_ONLY
November Circuit,Aura Sonic,Aşkın Öztürk,Aşkın Öztürk,Esin Banu Öztürk,Aşkın Öztürk & Esin Banu Öztürk (AURA SONİC OFFİCİAL),c437ae51f5126e2c0a3e32911a9466f6962beb4e69324e99e8ae39c1fcced9a0,November Circuit.mp3,4:19,2026-07-13,2026-08-08,RADIO_ONLY
November Reflections at Dusk,Aura Sonic,Aşkın Öztürk,Aşkın Öztürk,Esin Banu Öztürk,Aşkın Öztürk & Esin Banu Öztürk (AURA SONİC OFFİCİAL),2108d4f7d784439253dc455c7c3ef5c3ebe732b492da5149d5781c4bbe938ede,November Reflections at Dusk.mp3,3:24,2026-07-13,2026-08-08,RADIO_ONLY
November Strings in Rain,Aura Sonic,Aşkın Öztürk,Aşkın Öztürk,Esin Banu Öztürk,Aşkın Öztürk & Esin Banu Öztürk (AURA SONİC OFFİCİAL),f9b4e8dacb2141256e006b6e1d08929eb615358f2f30c9aaa14956d250f1c888,November Strings in Rain.mp3,3:18,2026-07-13,2026-08-08,RADIO_ONLY
Ocean Bow Over Water,Aura Sonic,Aşkın Öztürk,Aşkın Öztürk,Esin Banu Öztürk,Aşkın Öztürk & Esin Banu Öztürk (AURA SONİC OFFİCİAL),c74d83ad546674bb61b55506594ede1ad71795f3e1031fd0a13f0f91709f71e0,Ocean Bow Over Water.mp3,2:56,2026-07-13,2026-08-08,RADIO_ONLY
Ocean Horizon in Flow,Aura Sonic,Aşkın Öztürk,Aşkın Öztürk,Esin Banu Öztürk,Aşkın Öztürk & Esin Banu Öztürk (AURA SONİC OFFİCİAL),82aa30cec60cc787b284e7f7b113c0ed56de261bd7276d8dd8f0d78d76bcc917,Ocean Horizon in Flow.mp3,3:14,2026-07-13,2026-08-08,RADIO_ONLY
Ocean Slumber,Aura Sonic,Aşkın Öztürk,Aşkın Öztürk,Esin Banu Öztürk,Aşkın Öztürk & Esin Banu Öztürk (AURA SONİC OFFİCİAL),8801fd2941e7c8dfac004840047059af742a7ff31cce6bb3ea96e3c752ca9b8e,Ocean Slumber.mp3,3:03,2026-07-13,2026-08-08,RADIO_ONLY
Old Bookshop Harp,Aura Sonic,Aşkın Öztürk,Aşkın Öztürk,Esin Banu Öztürk,Aşkın Öztürk & Esin Banu Öztürk (AURA SONİC OFFİCİAL),bff40682862d41fb622ffb9e11ec953ebad3078316b41ecf27a86815eb5eb0b7,Old Bookshop Harp.mp3,2:49,2026-07-13,2026-08-08,RADIO_ONLY
Olive Bolero,Aura Sonic,Aşkın Öztürk,Aşkın Öztürk,Esin Banu Öztürk,Aşkın Öztürk & Esin Banu Öztürk (AURA SONİC OFFİCİAL),71b16f5e9fc011b1e5b13dd8cb953c5127aa774a6f47c398ec1709c0b1e78b86,Olive Bolero.mp3,3:46,2026-07-13,2026-08-08,RADIO_ONLY
Olive Guitarra,Aura Sonic,Aşkın Öztürk,Aşkın Öztürk,Esin Banu Öztürk,Aşkın Öztürk & Esin Banu Öztürk (AURA SONİC OFFİCİAL),9c2f204ac88c694fc05260227965c6bdf6971468fae185528dbbcf3514768557,Olive Guitarra.mp3,2:47,2026-07-13,2026-08-08,RADIO_ONLY
Olive Guitarra by the Sea,Aura Sonic,Aşkın Öztürk,Aşkın Öztürk,Esin Banu Öztürk,Aşkın Öztürk & Esin Banu Öztürk (AURA SONİC OFFİCİAL),befd12a3bca97801e51252d505a72fc615f702e68c3ce9daca7c20a29873b98b,Olive Guitarra by the Sea.mp3,3:24,2026-07-13,2026-08-08,RADIO_ONLY
Olive Terrace in Shade,Aura Sonic,Aşkın Öztürk,Aşkın Öztürk,Esin Banu Öztürk,Aşkın Öztürk & Esin Banu Öztürk (AURA SONİC OFFİCİAL),2ab43877ac92e92e74724a37c47fd4b7ba819215e9e0961426090412c0e161b8,Olive Terrace in Shade.mp3,3:24,2026-07-13,2026-08-08,RADIO_ONLY
On My Own-Aşkın Öztürk,Aura Sonic,Aşkın Öztürk,Aşkın Öztürk,Esin Banu Öztürk,Aşkın Öztürk & Esin Banu Öztürk (AURA SONİC OFFİCİAL),db4ee161cc4c06180d44e2b5c486bdcd88d419f2c1511cf745ce5a0994ff1259, clean_On My Own-Aşkın Öztürk.mp3,4:32,2026-07-28,2026-08-08,RADIO_ONLY
One Bell Long Silence,Aura Sonic,Aşkın Öztürk,Aşkın Öztürk,Esin Banu Öztürk,Aşkın Öztürk & Esin Banu Öztürk (AURA SONİC OFFİCİAL),33e383c54885f44a3ab29862ecc06584d252b8a5d48f44d9f373ee4faf6584da,One Bell Long Silence.mp3,3:39,2026-07-13,2026-08-08,RADIO_ONLY
One Chair Left in Málaga,Aura Sonic,Aşkın Öztürk,Aşkın Öztürk,Esin Banu Öztürk,Aşkın Öztürk & Esin Banu Öztürk (AURA SONİC OFFİCİAL),575900e208a150f06dae8f753d29d72c85c416b75096036300cea6bc6f0e1b5f,One Chair Left in Málaga.mp3,3:27,2026-07-13,2026-08-08,RADIO_ONLY
One Harp Empty Room,Aura Sonic,Aşkın Öztürk,Aşkın Öztürk,Esin Banu Öztürk,Aşkın Öztürk & Esin Banu Öztürk (AURA SONİC OFFİCİAL),de8b232b33fd91f32ecac16c9dbe1eb9723076b19906919b5f8c517d3f8f8407,One Harp Empty Room.mp3,4:57,2026-07-13,2026-08-08,RADIO_ONLY
One Last Song Before Sleep,Aura Sonic,Aşkın Öztürk,Aşkın Öztürk,Esin Banu Öztürk,Aşkın Öztürk & Esin Banu Öztürk (AURA SONİC OFFİCİAL),34d306c1d0f46cfa8d13564d4eb44f5e8f54b7de5c24e0e7c69b5bf65d1b921c,One Last Song Before Sleep.mp3,3:23,2026-07-13,2026-08-08,RADIO_ONLY
One More Minute Beside You,Aura Sonic,Aşkın Öztürk,Aşkın Öztürk,Esin Banu Öztürk,Aşkın Öztürk & Esin Banu Öztürk (AURA SONİC OFFİCİAL),ca2bebe4fe405630d662e42f729c1e99d687651e8c00bd9a0fd8f9d9de6aec49,One More Minute Beside You.mp3,3:08,2026-07-13,2026-08-08,RADIO_ONLY
One Room no Clocks,Aura Sonic,Aşkın Öztürk,Aşkın Öztürk,Esin Banu Öztürk,Aşkın Öztürk & Esin Banu Öztürk (AURA SONİC OFFİCİAL),5af1da09ddf2da5530ce8a70c622dd15e220130f4fe4f3d9e86b662353969697,One Room no Clocks.mp3,3:03,2026-07-13,2026-08-08,RADIO_ONLY
One Violin One Room,Aura Sonic,Aşkın Öztürk,Aşkın Öztürk,Esin Banu Öztürk,Aşkın Öztürk & Esin Banu Öztürk (AURA SONİC OFFİCİAL),82dc458409126b59277240675deb9fe73cc5805d27923e21a442ebe45fa7d5c0,One Violin One Room.mp3,4:28,2026-07-13,2026-08-08,RADIO_ONLY
Orbit Drift Beyond,Aura Sonic,Aşkın Öztürk,Aşkın Öztürk,Esin Banu Öztürk,Aşkın Öztürk & Esin Banu Öztürk (AURA SONİC OFFİCİAL),3045ab1e269ed89f26c17a1b62f19a13c842ca8798f7f6f3bf29e327452a3c25,Orbit Drift Beyond.mp3,4:29,2026-07-13,2026-08-08,RADIO_ONLY
Orbit Halo,Aura Sonic,Aşkın Öztürk,Aşkın Öztürk,Esin Banu Öztürk,Aşkın Öztürk & Esin Banu Öztürk (AURA SONİC OFFİCİAL),12363c58927e572c03610311e6cd36e7d92d74a31350842e07802229942b4a4e,Orbit Halo.mp3,4:02,2026-07-13,2026-08-08,RADIO_ONLY
Orbit Passage,Aura Sonic,Aşkın Öztürk,Aşkın Öztürk,Esin Banu Öztürk,Aşkın Öztürk & Esin Banu Öztürk (AURA SONİC OFFİCİAL),01e39802d3937bbb6512f3e8c4212ae032b771c34945dd48d110681cc4c29817,Orbit Passage.mp3,4:22,2026-07-13,2026-08-08,RADIO_ONLY
Orbiting the Quiet Sun,Aura Sonic,Aşkın Öztürk,Aşkın Öztürk,Esin Banu Öztürk,Aşkın Öztürk & Esin Banu Öztürk (AURA SONİC OFFİCİAL),2e12a14387d4459a02eeef5b275fb107209f236124c2ea5bace38de4ab9d8a11,Orbiting the Quiet Sun.mp3,4:24,2026-07-13,2026-08-08,RADIO_ONLY
PAPER MOON MOTEL MASTER,Aura Sonic,Aşkın Öztürk,Aşkın Öztürk,Esin Banu Öztürk,Aşkın Öztürk & Esin Banu Öztürk (AURA SONİC OFFİCİAL),9f8b46057f16e297dbe8dee7fbc93d1dbc6beaff19e58c8a3a6701efc086f199,PAPER MOON MOTEL_MASTER.wav,4:06,2026-06-15,2026-08-08,RADIO_ONLY
Pages Beneath the Lamp,Aura Sonic,Aşkın Öztürk,Aşkın Öztürk,Esin Banu Öztürk,Aşkın Öztürk & Esin Banu Öztürk (AURA SONİC OFFİCİAL),73a62130c2f7be63421484b46ec6b1765d8089becbb87483693b9a094ed78109,Pages Beneath the Lamp.mp3,3:48,2026-07-13,2026-08-08,RADIO_ONLY
Pale Cafe at Dusk,Aura Sonic,Aşkın Öztürk,Aşkın Öztürk,Esin Banu Öztürk,Aşkın Öztürk & Esin Banu Öztürk (AURA SONİC OFFİCİAL),ae8db27c71b739447c7b54030faa27d4244a33ac34d5b73aad64ab7eb77423aa,Pale Cafe at Dusk.mp3,2:34,2026-07-13,2026-08-08,RADIO_ONLY
Pale Drift Adrift,Aura Sonic,Aşkın Öztürk,Aşkın Öztürk,Esin Banu Öztürk,Aşkın Öztürk & Esin Banu Öztürk (AURA SONİC OFFİCİAL),5d89f76f05d7b1c771d83ca3f83dfdedda481e0bd7502535706fb005cac0a726,Pale Drift Adrift.mp3,3:29,2026-07-13,2026-08-08,RADIO_ONLY
Paper Bowl,Aura Sonic,Aşkın Öztürk,Aşkın Öztürk,Esin Banu Öztürk,Aşkın Öztürk & Esin Banu Öztürk (AURA SONİC OFFİCİAL),8d5db54cd0ebec1f1f77f5930244807d29cd5eb29d115e609a476f9794b9b36a,Paper Bowl.mp3,7:59,2026-07-13,2026-08-08,RADIO_ONLY
Paper Bowl in Stillness,Aura Sonic,Aşkın Öztürk,Aşkın Öztürk,Esin Banu Öztürk,Aşkın Öztürk & Esin Banu Öztürk (AURA SONİC OFFİCİAL),e2668ab504ae8e312bd9992db592c06f6f114a85516df611662b5470a6e7a1c5,Paper Bowl in Stillness.mp3,4:03,2026-07-13,2026-08-08,RADIO_ONLY
Paper Dream in Gold,Aura Sonic,Aşkın Öztürk,Aşkın Öztürk,Esin Banu Öztürk,Aşkın Öztürk & Esin Banu Öztürk (AURA SONİC OFFİCİAL),684759ebb3af9505b45d65a74cf34330ec1aac4cc9656fbd85d026eddf86ad44,Paper Dream in Gold.mp3,3:52,2026-07-13,2026-08-08,RADIO_ONLY
Paper Lounge,Aura Sonic,Aşkın Öztürk,Aşkın Öztürk,Esin Banu Öztürk,Aşkın Öztürk & Esin Banu Öztürk (AURA SONİC OFFİCİAL),91b55ce0943dd7f9b38e89926e3cdc8b212affc303a4b6bf04a985b7b6f1b256,Paper Lounge.mp3,2:42,2026-07-13,2026-08-08,RADIO_ONLY
Paper Spring at Dawn,Aura Sonic,Aşkın Öztürk,Aşkın Öztürk,Esin Banu Öztürk,Aşkın Öztürk & Esin Banu Öztürk (AURA SONİC OFFİCİAL),96588ded2ef4d3ce095b5ab70fcd03ca3dc43c653dce37b05d0ea19576e328d3,Paper Spring at Dawn.mp3,4:57,2026-07-13,2026-08-08,RADIO_ONLY
Patio at Sunset,Aura Sonic,Aşkın Öztürk,Aşkın Öztürk,Esin Banu Öztürk,Aşkın Öztürk & Esin Banu Öztürk (AURA SONİC OFFİCİAL),8ba83ff4122008215244406a6a08b2736b1de80aa44c02b30157f96af59fd812,Patio at Sunset.mp3,2:29,2026-07-13,2026-08-08,RADIO_ONLY
Patio in Bloom,Aura Sonic,Aşkın Öztürk,Aşkın Öztürk,Esin Banu Öztürk,Aşkın Öztürk & Esin Banu Öztürk (AURA SONİC OFFİCİAL),7a5b9f562c5ce78ed776f14c29a09f9ae37202e170bb84e6640eb734c64a09f4,Patio in Bloom.mp3,3:02,2026-07-13,2026-08-08,RADIO_ONLY
Pearl Mist After Rain,Aura Sonic,Aşkın Öztürk,Aşkın Öztürk,Esin Banu Öztürk,Aşkın Öztürk & Esin Banu Öztürk (AURA SONİC OFFİCİAL),3937b169046451023e3453fb1a85be8e56880c22d732bbf26dcce55ed54f722f,Pearl Mist After Rain.mp3,4:22,2026-07-13,2026-08-08,RADIO_ONLY
Pencil Dust,Aura Sonic,Aşkın Öztürk,Aşkın Öztürk,Esin Banu Öztürk,Aşkın Öztürk & Esin Banu Öztürk (AURA SONİC OFFİCİAL),db494222ffcadc9d37f62d0a5285b10a4afd34d3eca4362bf5d20fb82c91fe57,Pencil Dust.mp3,3:44,2026-07-13,2026-08-08,RADIO_ONLY
Pencil Lines in Barcelona,Aura Sonic,Aşkın Öztürk,Aşkın Öztürk,Esin Banu Öztürk,Aşkın Öztürk & Esin Banu Öztürk (AURA SONİC OFFİCİAL),8366ccc66ee6abe6ae2927198dad39dffcd7eaed446f7d2e1e8ca76ab84a036c,Pencil Lines in Barcelona.mp3,2:37,2026-07-13,2026-08-08,RADIO_ONLY
Piano Over Water,Aura Sonic,Aşkın Öztürk,Aşkın Öztürk,Esin Banu Öztürk,Aşkın Öztürk & Esin Banu Öztürk (AURA SONİC OFFİCİAL),f1ca5d2932b8a48d587e106ff0273d2e7aae6055355e682f639869c1e78adfd5,Piano Over Water.mp3,5:19,2026-07-13,2026-08-08,RADIO_ONLY
QUEEN OF THE ASHES,Aura Sonic,Aşkın Öztürk,Aşkın Öztürk,Esin Banu Öztürk,Aşkın Öztürk & Esin Banu Öztürk (AURA SONİC OFFİCİAL),df4e7c3bfd143f7163f4cb348349e7267a737b6d1963078bea71cb584783a44b, clean_QUEEN OF THE ASHES.wav,3:26,2026-05-30,2026-08-08,RADIO_ONLY
QUEEN OF THE ASHES-Maria Mel,Aura Sonic,Aşkın Öztürk,Aşkın Öztürk,Esin Banu Öztürk,Aşkın Öztürk & Esin Banu Öztürk (AURA SONİC OFFİCİAL),e2fa733111f124ddca202cc2b54d8d37654db4ddf9a1cd872129f609396033b2, clean_QUEEN OF THE ASHES-Maria Mel.mp3,3:26,2026-07-28,2026-08-08,RADIO_ONLY
Quiet Bolero,Aura Sonic,Aşkın Öztürk,Aşkın Öztürk,Esin Banu Öztürk,Aşkın Öztürk & Esin Banu Öztürk (AURA SONİC OFFİCİAL),2be60f2ca40c3bfc76b4f550e6881f9e05a275166d4b5b372fb0522b69f25d22,Quiet Bolero.mp3,3:28,2026-07-13,2026-08-08,RADIO_ONLY
Quiet Bolero in Shade,Aura Sonic,Aşkın Öztürk,Aşkın Öztürk,Esin Banu Öztürk,Aşkın Öztürk & Esin Banu Öztürk (AURA SONİC OFFİCİAL),cad0424517a72e8c9c7b3501b5bff280ab1a9e4cb7e19aa4d55b4dea5ce67f1d,Quiet Bolero in Shade.mp3,3:13,2026-07-13,2026-08-08,RADIO_ONLY
Quiet Bourbon,Aura Sonic,Aşkın Öztürk,Aşkın Öztürk,Esin Banu Öztürk,Aşkın Öztürk & Esin Banu Öztürk (AURA SONİC OFFİCİAL),b94bae94db15830145b3d837f2d7ad7cb7a19f2acd6833a22fb4ae3b72a2328a,Quiet Bourbon.mp3,3:17,2026-07-13,2026-08-08,RADIO_ONLY
Quiet Courtyard,Aura Sonic,Aşkın Öztürk,Aşkın Öztürk,Esin Banu Öztürk,Aşkın Öztürk & Esin Banu Öztürk (AURA SONİC OFFİCİAL),0d53bfbddbd339d88e60f1477c914503f17011c1ae1266e77e54f50d5e17c1d2,Quiet Courtyard.mp3,3:37,2026-07-13,2026-08-08,RADIO_ONLY
Quiet Courtyard by the Sea,Aura Sonic,Aşkın Öztürk,Aşkın Öztürk,Esin Banu Öztürk,Aşkın Öztürk & Esin Banu Öztürk (AURA SONİC OFFİCİAL),67472e9786b86a78259a3f9f88f7801faf7351cd10573ec3977be6f850a3e3e1,Quiet Courtyard by the Sea.mp3,4:09,2026-07-13,2026-08-08,RADIO_ONLY
Quiet Cuerdas in Bloom,Aura Sonic,Aşkın Öztürk,Aşkın Öztürk,Esin Banu Öztürk,Aşkın Öztürk & Esin Banu Öztürk (AURA SONİC OFFİCİAL),51c21942ebc384947d1ee555ff9ef03618ad49f9b6aa1c460b2f476b4fa9b67d,Quiet Cuerdas in Bloom.mp3,2:42,2026-07-13,2026-08-08,RADIO_ONLY
Quiet Falseta by the Sea,Aura Sonic,Aşkın Öztürk,Aşkın Öztürk,Esin Banu Öztürk,Aşkın Öztürk & Esin Banu Öztürk (AURA SONİC OFFİCİAL),de74973269d50bdbcfa7354a48186c889180cd1b3838513d26259b5e7154ff07,Quiet Falseta by the Sea.mp3,4:22,2026-07-13,2026-08-08,RADIO_ONLY
Quiet Halo,Aura Sonic,Aşkın Öztürk,Aşkın Öztürk,Esin Banu Öztürk,Aşkın Öztürk & Esin Banu Öztürk (AURA SONİC OFFİCİAL),302f8c538f373b2e5f15486f8ae175e1c1a89b826b5091a65e4c268b6b855a7c,Quiet Halo.mp3,3:46,2026-07-13,2026-08-08,RADIO_ONLY
Quiet Hands Quiet Water,Aura Sonic,Aşkın Öztürk,Aşkın Öztürk,Esin Banu Öztürk,Aşkın Öztürk & Esin Banu Öztürk (AURA SONİC OFFİCİAL),724e70cda1a3dab3c0f6f4efeefa901beb5d00cb3bbae1351bdcabd6f42c17f8,Quiet Hands Quiet Water.mp3,3:43,2026-07-13,2026-08-08,RADIO_ONLY
Quiet Hour,Aura Sonic,Aşkın Öztürk,Aşkın Öztürk,Esin Banu Öztürk,Aşkın Öztürk & Esin Banu Öztürk (AURA SONİC OFFİCİAL),b5b72327ed71007aa292026685a11600b716808745aafa8510b128f5f629c9e3,Quiet Hour.mp3,2:54,2026-07-13,2026-08-08,RADIO_ONLY
Quiet Orbit Ascending,Aura Sonic,Aşkın Öztürk,Aşkın Öztürk,Esin Banu Öztürk,Aşkın Öztürk & Esin Banu Öztürk (AURA SONİC OFFİCİAL),5cd28e2c52f2ccd33850e1b798ee9338bb14e8cc5778e8a262b73eab679afbd8,Quiet Orbit Ascending.mp3,5:57,2026-07-13,2026-08-08,RADIO_ONLY
Quiet Patio in Bloom,Aura Sonic,Aşkın Öztürk,Aşkın Öztürk,Esin Banu Öztürk,Aşkın Öztürk & Esin Banu Öztürk (AURA SONİC OFFİCİAL),83cb6de4ebe4277417ab341430cd34a1a3b17944837250a4dcb9ffd2ee45f868,Quiet Patio in Bloom.mp3,4:02,2026-07-13,2026-08-08,RADIO_ONLY
Quiet Sax After Dark,Aura Sonic,Aşkın Öztürk,Aşkın Öztürk,Esin Banu Öztürk,Aşkın Öztürk & Esin Banu Öztürk (AURA SONİC OFFİCİAL),10a66f58514d6682ea3e3e5a953c87c4ed68a746abb6540dfdb0365aabd14f51,Quiet Sax After Dark.mp3,3:17,2026-07-13,2026-08-08,RADIO_ONLY
Quiet Serenade,Aura Sonic,Aşkın Öztürk,Aşkın Öztürk,Esin Banu Öztürk,Aşkın Öztürk & Esin Banu Öztürk (AURA SONİC OFFİCİAL),23e1fa2b9f8544fb97e77748c2e3a83546317d22f94c08a9688f223aa57f7e7e,Quiet Serenade.mp3,2:43,2026-07-13,2026-08-08,RADIO_ONLY
Quiet Serenade by Lamplight,Aura Sonic,Aşkın Öztürk,Aşkın Öztürk,Esin Banu Öztürk,Aşkın Öztürk & Esin Banu Öztürk (AURA SONİC OFFİCİAL),b9c302039f32a7bfa44d1f64f3f3ed5e6bf8673e1c8339fa6cc5b9f1fce746a7,Quiet Serenade by Lamplight.mp3,4:19,2026-07-13,2026-08-08,RADIO_ONLY
Quiet Serenata,Aura Sonic,Aşkın Öztürk,Aşkın Öztürk,Esin Banu Öztürk,Aşkın Öztürk & Esin Banu Öztürk (AURA SONİC OFFİCİAL),0861dde79c50c2c60a41018a9e1a9ab304c0c41fb8b286e8ee2d28b8b3e399d7,Quiet Serenata.mp3,4:28,2026-07-13,2026-08-08,RADIO_ONLY
RISE FROM THE STATIC MASTER,Aura Sonic,Aşkın Öztürk,Aşkın Öztürk,Esin Banu Öztürk,Aşkın Öztürk & Esin Banu Öztürk (AURA SONİC OFFİCİAL),317fe6dc685d11eee5388eaf6bb9ee2fae8cccd083ede65692afd4e6330b48fa,RISE FROM THE STATIC_MASTER.wav,4:54,2026-06-15,2026-08-08,RADIO_ONLY
Rain on Glass,Aura Sonic,Aşkın Öztürk,Aşkın Öztürk,Esin Banu Öztürk,Aşkın Öztürk & Esin Banu Öztürk (AURA SONİC OFFİCİAL),7cac84a1c5520a035c23281d8d014c306271d79049b2378956aec2ec241e1d17, clean_Rain on Glass.wav,3:22,2026-06-12,2026-08-08,RADIO_ONLY
Rain on the Last Train,Aura Sonic,Aşkın Öztürk,Aşkın Öztürk,Esin Banu Öztürk,Aşkın Öztürk & Esin Banu Öztürk (AURA SONİC OFFİCİAL),21a991cb65676fad1107976d7c413464cb4a50cf8322f368c43d112764a5ecb9,Rain on the Last Train.mp3,4:14,2026-07-13,2026-08-08,RADIO_ONLY
Rainy Cafe Over Water,Aura Sonic,Aşkın Öztürk,Aşkın Öztürk,Esin Banu Öztürk,Aşkın Öztürk & Esin Banu Öztürk (AURA SONİC OFFİCİAL),30897dc2f8e6074f25642dd5532421dbdbe40d3e0d3305ae7ea01f27e87498d8,Rainy Cafe Over Water.mp3,3:44,2026-07-13,2026-08-08,RADIO_ONLY
Rainy Cassette on Repeat,Aura Sonic,Aşkın Öztürk,Aşkın Öztürk,Esin Banu Öztürk,Aşkın Öztürk & Esin Banu Öztürk (AURA SONİC OFFİCİAL),1e97f19bd6e9fe425ccf64c6b257a200a86ca70a2036cfdc55da95fdee2da745,Rainy Cassette on Repeat.mp3,3:15,2026-07-13,2026-08-08,RADIO_ONLY
Rainy Drift,Aura Sonic,Aşkın Öztürk,Aşkın Öztürk,Esin Banu Öztürk,Aşkın Öztürk & Esin Banu Öztürk (AURA SONİC OFFİCİAL),bc49389003e57b27f6ef50901ea3a9e73bae8a44921a77a050e07d593a7d970b,Rainy Drift.mp3,3:18,2026-07-13,2026-08-08,RADIO_ONLY
Rainy Horizon,Aura Sonic,Aşkın Öztürk,Aşkın Öztürk,Esin Banu Öztürk,Aşkın Öztürk & Esin Banu Öztürk (AURA SONİC OFFİCİAL),2886e12cd1d610b690b4f1bd07312fede708d7da568b5ca41675cfb6a630a71d,Rainy Horizon.mp3,3:39,2026-07-13,2026-08-08,RADIO_ONLY
Rainy Ivory,Aura Sonic,Aşkın Öztürk,Aşkın Öztürk,Esin Banu Öztürk,Aşkın Öztürk & Esin Banu Öztürk (AURA SONİC OFFİCİAL),fc2dc26e776738182c3f3423ba6516676bca54c2b81610064f3dbb5c64c07753,Rainy Ivory.mp3,3:19,2026-07-13,2026-08-08,RADIO_ONLY
Rainy Nocturne,Aura Sonic,Aşkın Öztürk,Aşkın Öztürk,Esin Banu Öztürk,Aşkın Öztürk & Esin Banu Öztürk (AURA SONİC OFFİCİAL),71fde139ba18ea098e2524fcfb8aae35a78de5cce45c0cb3b7885aec03315992,Rainy Nocturne.mp3,3:39,2026-07-13,2026-08-08,RADIO_ONLY
Rainy Sax,Aura Sonic,Aşkın Öztürk,Aşkın Öztürk,Esin Banu Öztürk,Aşkın Öztürk & Esin Banu Öztürk (AURA SONİC OFFİCİAL),6f12876f463f61511707a8c42ebbe9a8f323dea2501b9abae7654f62b2323ef3,Rainy Sax.mp3,3:36,2026-07-13,2026-08-08,RADIO_ONLY
Reverie at First Light,Aura Sonic,Aşkın Öztürk,Aşkın Öztürk,Esin Banu Öztürk,Aşkın Öztürk & Esin Banu Öztürk (AURA SONİC OFFİCİAL),a13f88b08f240a7fb69b15d9549ddedd488d09c1a8d6c989771e00bdf742c67c,Reverie at First Light.mp3,3:42,2026-07-13,2026-08-08,RADIO_ONLY
Roses Between Two Balconies,Aura Sonic,Aşkın Öztürk,Aşkın Öztürk,Esin Banu Öztürk,Aşkın Öztürk & Esin Banu Öztürk (AURA SONİC OFFİCİAL),251dc330c48db2f73b1cb5962e902c6b9484b0e32b1a9d517640036ccfc54551,Roses Between Two Balconies.mp3,2:49,2026-07-13,2026-08-08,RADIO_ONLY
Roses on the Stone Steps,Aura Sonic,Aşkın Öztürk,Aşkın Öztürk,Esin Banu Öztürk,Aşkın Öztürk & Esin Banu Öztürk (AURA SONİC OFFİCİAL),7ae604473faeaec46a160c9a223c218e4c9a2fab019e2a956a186aba0f6fd315,Roses on the Stone Steps.mp3,2:47,2026-07-13,2026-08-08,RADIO_ONLY
RÜYALAR YANAR,Aura Sonic,Aşkın Öztürk,Aşkın Öztürk,Esin Banu Öztürk,Aşkın Öztürk & Esin Banu Öztürk (AURA SONİC OFFİCİAL),b2230e15f8706afeac8de7e14127cbbf64e10a5733a543464422d3052846be28, clean_RÜYALAR YANAR.wav,3:19,2026-06-11,2026-08-08,RADIO_ONLY
SAINTS IN THE RAIN MASTER,Aura Sonic,Aşkın Öztürk,Aşkın Öztürk,Esin Banu Öztürk,Aşkın Öztürk & Esin Banu Öztürk (AURA SONİC OFFİCİAL),190ccc846a2f31a92114c10a39eff014f424f7f13bc00a88247df09851e403a3,SAINTS IN THE RAIN_MASTER.wav,3:54,2026-06-15,2026-08-08,RADIO_ONLY
SEN BENDEN GİDERKEN.-Aşkın Öztürkmp3,Aura Sonic,Aşkın Öztürk,Aşkın Öztürk,Esin Banu Öztürk,Aşkın Öztürk & Esin Banu Öztürk (AURA SONİC OFFİCİAL),3750fae1a51f0edc6e3898249cfc83de6eca67c7de2654b6df781a5bfb1bcfdf, clean_SEN BENDEN GİDERKEN.-Aşkın Öztürkmp3.mp3,4:04,2026-07-28,2026-08-08,RADIO_ONLY
SERAMİS İSYANIM SEBEBİNDEN BETER,Aura Sonic,Aşkın Öztürk,Aşkın Öztürk,Esin Banu Öztürk,Aşkın Öztürk & Esin Banu Öztürk (AURA SONİC OFFİCİAL),0dfe2fecfd92ca2b804bf4ea65d396ebe2bd42bac84cae28c47a16308251ec4b, clean_SERAMİS _İSYANIM SEBEBİNDEN BETER.wav,3:34,2026-07-22,2026-08-08,RADIO_ONLY
SI TE VAS-Layra Sage,Aura Sonic,Aşkın Öztürk,Aşkın Öztürk,Esin Banu Öztürk,Aşkın Öztürk & Esin Banu Öztürk (AURA SONİC OFFİCİAL),c1f37a4631695b76d90087454dde4e3e4020c4f5e669b65f28162f93abb8ca2e, clean_SI TE VAS-Layra Sage.mp3,4:27,2026-07-28,2026-08-08,RADIO_ONLY
SOMBRA MÍA-Layra Sage,Aura Sonic,Aşkın Öztürk,Aşkın Öztürk,Esin Banu Öztürk,Aşkın Öztürk & Esin Banu Öztürk (AURA SONİC OFFİCİAL),2303c3401d3ab595c6fff127a8d4a567f56322f724bf95fefc900cbc3046529a, clean_SOMBRA MÍA-Layra Sage.mp3,3:27,2026-07-28,2026-08-08,RADIO_ONLY
SON DURAK,Aura Sonic,Aşkın Öztürk,Aşkın Öztürk,Esin Banu Öztürk,Aşkın Öztürk & Esin Banu Öztürk (AURA SONİC OFFİCİAL),6816f0459ba803d101fa941393efe0f480b2aa75f88e3a5460e6e2fb5f48e558, clean_clean_SON DURAK (3).wav,4:50,2026-05-30,2026-08-08,RADIO_ONLY
SON DURAK-İrem Sezin,Aura Sonic,Aşkın Öztürk,Aşkın Öztürk,Esin Banu Öztürk,Aşkın Öztürk & Esin Banu Öztürk (AURA SONİC OFFİCİAL),b85d2b1fcb0865cb46c718ea2bb1021e2648afc738b759d0ef8b7419b417d282, clean_SON DURAK-İrem Sezin.mp3,4:27,2026-07-28,2026-08-08,RADIO_ONLY
SON GÖRÜLME,Aura Sonic,Aşkın Öztürk,Aşkın Öztürk,Esin Banu Öztürk,Aşkın Öztürk & Esin Banu Öztürk (AURA SONİC OFFİCİAL),bd68aa269af0f314dfd6e36974ea6b50a1f0461cc446eef93a61da61e6271e6c, clean_SON GÖRÜLME.wav,4:24,2026-05-30,2026-08-08,RADIO_ONLY
SON GÖRÜLME 02-17,Aura Sonic,Aşkın Öztürk,Aşkın Öztürk,Esin Banu Öztürk,Aşkın Öztürk & Esin Banu Öztürk (AURA SONİC OFFİCİAL),ceaf449b990e505c551881c75a7f71d9e1a4ce5238ef2bf8ecca4e71c89d6beb,SON GÖRÜLME 02-17.wav,3:18,2026-06-07,2026-08-08,RADIO_ONLY
SON MEKTUP,Aura Sonic,Aşkın Öztürk,Aşkın Öztürk,Esin Banu Öztürk,Aşkın Öztürk & Esin Banu Öztürk (AURA SONİC OFFİCİAL),5a01c5e0909989492f18f19cbd8b2809144c43d0ddf8e33ea506fd37febe98b7,İREM-SON MEKTUP.wav,7:59,2026-08-11,2026-08-08,RADIO_ONLY
SON PERDE-İrem Sezin,Aura Sonic,Aşkın Öztürk,Aşkın Öztürk,Esin Banu Öztürk,Aşkın Öztürk & Esin Banu Öztürk (AURA SONİC OFFİCİAL),63c2ebb4747239a367fe460161cb7e214196e148f8909e6c7f55a56c862345a1, clean_SON PERDE-İrem Sezin.mp3,4:38,2026-07-28,2026-08-08,RADIO_ONLY
SONUNDA BAHAR,Aura Sonic,Aşkın Öztürk,Aşkın Öztürk,Esin Banu Öztürk,Aşkın Öztürk & Esin Banu Öztürk (AURA SONİC OFFİCİAL),0b7d56921413aeb82dcbf9f2282365d64a72e1c95e0eb5523a4fc1256d1a05b9,İREM-SONUNDA BAHAR.wav,4:28,2026-08-11,2026-08-08,RADIO_ONLY
STRONGER THAN THE STORM MASTER,Aura Sonic,Aşkın Öztürk,Aşkın Öztürk,Esin Banu Öztürk,Aşkın Öztürk & Esin Banu Öztürk (AURA SONİC OFFİCİAL),dadc1165fbf2b8993831ae2ab3463f33a6ac354aefcb5abb83e0782249b2b868,STRONGER THAN THE STORM_MASTER.wav,4:43,2026-06-15,2026-08-08,RADIO_ONLY
Saffron Light on the Table,Aura Sonic,Aşkın Öztürk,Aşkın Öztürk,Esin Banu Öztürk,Aşkın Öztürk & Esin Banu Öztürk (AURA SONİC OFFİCİAL),732984028ce773a429cf2efedc5eb24f7580026547aab44fac6d86d1fe82bfb2,Saffron Light on the Table.mp3,4:43,2026-07-13,2026-08-08,RADIO_ONLY
Sax After Dark,Aura Sonic,Aşkın Öztürk,Aşkın Öztürk,Esin Banu Öztürk,Aşkın Öztürk & Esin Banu Öztürk (AURA SONİC OFFİCİAL),cc014667091b6320fa6e2efce98f980815b2277ea5468251a759eb57274cc092,Sax After Dark.mp3,3:55,2026-07-13,2026-08-08,RADIO_ONLY
Sax by Lamplight,Aura Sonic,Aşkın Öztürk,Aşkın Öztürk,Esin Banu Öztürk,Aşkın Öztürk & Esin Banu Öztürk (AURA SONİC OFFİCİAL),e1335d24e47d833e7ed3142862967c71214041abb0dfc9e338f6b95ed833d986,Sax by Lamplight.mp3,4:44,2026-07-13,2026-08-08,RADIO_ONLY
Scarlet Romance,Aura Sonic,Aşkın Öztürk,Aşkın Öztürk,Esin Banu Öztürk,Aşkın Öztürk & Esin Banu Öztürk (AURA SONİC OFFİCİAL),7450db7317334f817923a60c910a7bdfcb73b69cdbe877ac1bc74839217cfd2a,Scarlet Romance.mp3,3:39,2026-07-13,2026-08-08,RADIO_ONLY
Scarlet Sonata Under Stars,Aura Sonic,Aşkın Öztürk,Aşkın Öztürk,Esin Banu Öztürk,Aşkın Öztürk & Esin Banu Öztürk (AURA SONİC OFFİCİAL),9d7ca574d0bb03e299ecb34672635ba19e79e60d172ba7258ff5bfa64bab3ff4,Scarlet Sonata Under Stars.mp3,2:59,2026-07-13,2026-08-08,RADIO_ONLY
Scarlet Strings,Aura Sonic,Aşkın Öztürk,Aşkın Öztürk,Esin Banu Öztürk,Aşkın Öztürk & Esin Banu Öztürk (AURA SONİC OFFİCİAL),e925973553a8d9a16637b0fa523e5cc8bef7978a4f7a719b9d08f1027e358fa2,Scarlet Strings.mp3,3:32,2026-07-13,2026-08-08,RADIO_ONLY
Scarlet Violin,Aura Sonic,Aşkın Öztürk,Aşkın Öztürk,Esin Banu Öztürk,Aşkın Öztürk & Esin Banu Öztürk (AURA SONİC OFFİCİAL),71b16f5e9fc011b1e5b13dd8cb953c5127aa774a6f47c398ec1709c0b1e78b86,Scarlet Violin.mp3,3:46,2026-07-13,2026-08-08,RADIO_ONLY
Serenade at First Light,Aura Sonic,Aşkın Öztürk,Aşkın Öztürk,Esin Banu Öztürk,Aşkın Öztürk & Esin Banu Öztürk (AURA SONİC OFFİCİAL),4cb30c99aefbcc11516f136d6cbf5b11f9e287279558f812a7e699f4930eeeaa,Serenade at First Light.mp3,2:54,2026-07-13,2026-08-08,RADIO_ONLY
Serenade in Winter,Aura Sonic,Aşkın Öztürk,Aşkın Öztürk,Esin Banu Öztürk,Aşkın Öztürk & Esin Banu Öztürk (AURA SONİC OFFİCİAL),67472e9786b86a78259a3f9f88f7801faf7351cd10573ec3977be6f850a3e3e1,Serenade in Winter.mp3,4:09,2026-07-13,2026-08-08,RADIO_ONLY
Serenata in Bloom,Aura Sonic,Aşkın Öztürk,Aşkın Öztürk,Esin Banu Öztürk,Aşkın Öztürk & Esin Banu Öztürk (AURA SONİC OFFİCİAL),c2a976e6c090787741022e32ce2a46e8f203d89caed2db7b80153088c7413b96,Serenata in Bloom.mp3,2:55,2026-07-13,2026-08-08,RADIO_ONLY
Seven Breaths of Bamboo,Aura Sonic,Aşkın Öztürk,Aşkın Öztürk,Esin Banu Öztürk,Aşkın Öztürk & Esin Banu Öztürk (AURA SONİC OFFİCİAL),87b2d8fcddfe9371dfca7d78876358b538f14046d913a6bd787f5c6c2636ed54,Seven Breaths of Bamboo.mp3,3:44,2026-07-13,2026-08-08,RADIO_ONLY
Sevilla Cuerdas,Aura Sonic,Aşkın Öztürk,Aşkın Öztürk,Esin Banu Öztürk,Aşkın Öztürk & Esin Banu Öztürk (AURA SONİC OFFİCİAL),d61af4255d9ca6023b81063d137e6f8806f699140f0fcdd2bb019df77be65242,Sevilla Cuerdas.mp3,2:39,2026-07-13,2026-08-08,RADIO_ONLY
Sevilla Falseta,Aura Sonic,Aşkın Öztürk,Aşkın Öztürk,Esin Banu Öztürk,Aşkın Öztürk & Esin Banu Öztürk (AURA SONİC OFFİCİAL),a06c23c9015a9c67c0650ed7abf76ef696656e6e674a9b205bf87abd5b199dab,Sevilla Falseta.mp3,5:08,2026-07-13,2026-08-08,RADIO_ONLY
Sevilla Serenata by the Sea,Aura Sonic,Aşkın Öztürk,Aşkın Öztürk,Esin Banu Öztürk,Aşkın Öztürk & Esin Banu Öztürk (AURA SONİC OFFİCİAL),8ca1723bc50551359a8cacdd66554ff792a4100156010db2c3dac6640dbae6f1,Sevilla Serenata by the Sea.mp3,2:47,2026-07-13,2026-08-08,RADIO_ONLY
Signal Hour,Aura Sonic,Aşkın Öztürk,Aşkın Öztürk,Esin Banu Öztürk,Aşkın Öztürk & Esin Banu Öztürk (AURA SONİC OFFİCİAL),8af86f0696ba57efc9a32ffe9c5d412ab4d19d4e00cf3a096cf07ad141a0d62d,Signal Hour.mp3,3:19,2026-07-13,2026-08-08,RADIO_ONLY
Signal from a Gentle Universe,Aura Sonic,Aşkın Öztürk,Aşkın Öztürk,Esin Banu Öztürk,Aşkın Öztürk & Esin Banu Öztürk (AURA SONİC OFFİCİAL),137f504a2553566a2b5bbcf362070fa78ad4415696ae3512ab959c35311f3846,Signal from a Gentle Universe.mp3,5:14,2026-07-13,2026-08-08,RADIO_ONLY
Silent Dawn Past Saturn,Aura Sonic,Aşkın Öztürk,Aşkın Öztürk,Esin Banu Öztürk,Aşkın Öztürk & Esin Banu Öztürk (AURA SONİC OFFİCİAL),c19214a785aaed37f8c6a29bbe038bffe8943d62ae59c15d1b85f5d4d087afe8,Silent Dawn Past Saturn.mp3,4:28,2026-07-13,2026-08-08,RADIO_ONLY
Silent Drift at Lightspeed,Aura Sonic,Aşkın Öztürk,Aşkın Öztürk,Esin Banu Öztürk,Aşkın Öztürk & Esin Banu Öztürk (AURA SONİC OFFİCİAL),0634141c76aaa49c590c7cf5902886285b650d73e7d29151aa38d700e46537e9,Silent Drift at Lightspeed.mp3,4:43,2026-07-13,2026-08-08,RADIO_ONLY
Silent Halo,Aura Sonic,Aşkın Öztürk,Aşkın Öztürk,Esin Banu Öztürk,Aşkın Öztürk & Esin Banu Öztürk (AURA SONİC OFFİCİAL),9943c53b9ca1f7486a1b8a3cb3d927da1fca057eef7649437665288c84cb10fe,Silent Halo.mp3,3:59,2026-07-13,2026-08-08,RADIO_ONLY
Silk Air at Midnight,Aura Sonic,Aşkın Öztürk,Aşkın Öztürk,Esin Banu Öztürk,Aşkın Öztürk & Esin Banu Öztürk (AURA SONİC OFFİCİAL),6bdee83f8ac4a484a63e5f6c2aaa4c1f1e67d8a9f6871b2664d27972df9bbf78,Silk Air at Midnight.mp3,4:05,2026-07-13,2026-08-08,RADIO_ONLY
Silk Curtains at Dawn,Aura Sonic,Aşkın Öztürk,Aşkın Öztürk,Esin Banu Öztürk,Aşkın Öztürk & Esin Banu Öztürk (AURA SONİC OFFİCİAL),eee21533f6c4843138d94ada11c340364d9f1cf51fe71a72d90464e327d4e75e,Silk Curtains at Dawn.mp3,3:31,2026-07-13,2026-08-08,RADIO_ONLY
Silk Mist,Aura Sonic,Aşkın Öztürk,Aşkın Öztürk,Esin Banu Öztürk,Aşkın Öztürk & Esin Banu Öztürk (AURA SONİC OFFİCİAL),bc4e188402563b2194008a118d981ef6f916e3d4525433856bd44ffd0fb3a9f6,Silk Mist.mp3,5:29,2026-07-13,2026-08-08,RADIO_ONLY
Silk Reed,Aura Sonic,Aşkın Öztürk,Aşkın Öztürk,Esin Banu Öztürk,Aşkın Öztürk & Esin Banu Öztürk (AURA SONİC OFFİCİAL),44fc36c7a46da6d297135b9d12101b18da9f5dbade997ef83b0c72a080f31078,Silk Reed.mp3,3:23,2026-07-13,2026-08-08,RADIO_ONLY
Silk Strings Before Sleep,Aura Sonic,Aşkın Öztürk,Aşkın Öztürk,Esin Banu Öztürk,Aşkın Öztürk & Esin Banu Öztürk (AURA SONİC OFFİCİAL),c2f85e36ed5a84d800f75376618340ec27437fe0ff28b35b951e1a83d6b16ddf,Silk Strings Before Sleep.mp3,3:29,2026-07-13,2026-08-08,RADIO_ONLY
Silver Brook at First Light,Aura Sonic,Aşkın Öztürk,Aşkın Öztürk,Esin Banu Öztürk,Aşkın Öztürk & Esin Banu Öztürk (AURA SONİC OFFİCİAL),3faa387e33e439a8fb76feab98c455e31a13a1ab5c6b5aa144392521b5936b4c,Silver Brook at First Light.mp3,3:04,2026-07-13,2026-08-08,RADIO_ONLY
Silver Harp,Aura Sonic,Aşkın Öztürk,Aşkın Öztürk,Esin Banu Öztürk,Aşkın Öztürk & Esin Banu Öztürk (AURA SONİC OFFİCİAL),6a363b6608331df116a4dbdd53a1626de43469b86403fa425305b227451918aa,Silver Harp.mp3,3:14,2026-07-13,2026-08-08,RADIO_ONLY
Sleeping Beside the Open Curtains,Aura Sonic,Aşkın Öztürk,Aşkın Öztürk,Esin Banu Öztürk,Aşkın Öztürk & Esin Banu Öztürk (AURA SONİC OFFİCİAL),78acf0d5e8080451fcf027defb3384c36fe14461092c3d21a1ff48329070a074,Sleeping Beside the Open Curtains.mp3,3:04,2026-07-13,2026-08-08,RADIO_ONLY
Sleeping Castle Windows,Aura Sonic,Aşkın Öztürk,Aşkın Öztürk,Esin Banu Öztürk,Aşkın Öztürk & Esin Banu Öztürk (AURA SONİC OFFİCİAL),08b8aef09220de5b66f48b56d40563c857012e597900dfac7e010f65d9965154,Sleeping Castle Windows.mp3,3:02,2026-07-13,2026-08-08,RADIO_ONLY
Sleeping Inside Saturn's Rings,Aura Sonic,Aşkın Öztürk,Aşkın Öztürk,Esin Banu Öztürk,Aşkın Öztürk & Esin Banu Öztürk (AURA SONİC OFFİCİAL),34433685a1a76f07e67a4da909c8c5ca02be8d6586d3a438769c2d497d5f2592,Sleeping Inside Saturn's Rings.mp3,4:29,2026-07-13,2026-08-08,RADIO_ONLY
Sleeping Windows of Alhambra,Aura Sonic,Aşkın Öztürk,Aşkın Öztürk,Esin Banu Öztürk,Aşkın Öztürk & Esin Banu Öztürk (AURA SONİC OFFİCİAL),63947f30b611c352e5503c9a1840c3c610ea165118e4434ad2194a458bc0c059,Sleeping Windows of Alhambra.mp3,3:39,2026-07-13,2026-08-08,RADIO_ONLY
Sleepy Cafe in Orbit,Aura Sonic,Aşkın Öztürk,Aşkın Öztürk,Esin Banu Öztürk,Aşkın Öztürk & Esin Banu Öztürk (AURA SONİC OFFİCİAL),89b0e01885b6ba483ece6b46cc3719faae374686f8fc88b1e0c252056d22f990,Sleepy Cafe in Orbit.mp3,5:39,2026-07-13,2026-08-08,RADIO_ONLY
Sleepy Serenade,Aura Sonic,Aşkın Öztürk,Aşkın Öztürk,Esin Banu Öztürk,Aşkın Öztürk & Esin Banu Öztürk (AURA SONİC OFFİCİAL),33bde1741a761b5afcdf550d4167952df551b6e15cd0dfbc57170efb4c6df2f9,Sleepy Serenade.mp3,4:08,2026-07-13,2026-08-08,RADIO_ONLY
Slow Dance After Midnight,Aura Sonic,Aşkın Öztürk,Aşkın Öztürk,Esin Banu Öztürk,Aşkın Öztürk & Esin Banu Öztürk (AURA SONİC OFFİCİAL),6e8a9bc5f3e8b97fe3c4f9c1614dbe81963e63ce9f103fb6c2a5c68baa3e3c37,Slow Dance After Midnight.mp3,2:39,2026-07-13,2026-08-08,RADIO_ONLY
Slow Daydream After Midnight,Aura Sonic,Aşkın Öztürk,Aşkın Öztürk,Esin Banu Öztürk,Aşkın Öztürk & Esin Banu Öztürk (AURA SONİC OFFİCİAL),9702583e9006465c8883f1e7322a000075ceaa4df31fa24e651af6df1e22a8af,Slow Daydream After Midnight.mp3,3:58,2026-07-13,2026-08-08,RADIO_ONLY
Slow Smoke,Aura Sonic,Aşkın Öztürk,Aşkın Öztürk,Esin Banu Öztürk,Aşkın Öztürk & Esin Banu Öztürk (AURA SONİC OFFİCİAL),2932c0a64b4c7b365db20bb1b33973002be9aa0734f2860882dac6d5f6f786b6,Slow Smoke.mp3,3:07,2026-07-13,2026-08-08,RADIO_ONLY
Slow Violin Breath,Aura Sonic,Aşkın Öztürk,Aşkın Öztürk,Esin Banu Öztürk,Aşkın Öztürk & Esin Banu Öztürk (AURA SONİC OFFİCİAL),0fb70d6e5fa6bb7244bb07862c6889637e67d239493d143d5f583ab9fc4c09c0,Slow Violin Breath.mp3,4:14,2026-07-13,2026-08-08,RADIO_ONLY
Slumber at Dawn,Aura Sonic,Aşkın Öztürk,Aşkın Öztürk,Esin Banu Öztürk,Aşkın Öztürk & Esin Banu Öztürk (AURA SONİC OFFİCİAL),3d60e2e6aa956ac764cf1376d8c2eedcdb832ebfd761a016b0d02420d4a1fb52,Slumber at Dawn.mp3,3:21,2026-07-13,2026-08-08,RADIO_ONLY
Slumber on Repeat,Aura Sonic,Aşkın Öztürk,Aşkın Öztürk,Esin Banu Öztürk,Aşkın Öztürk & Esin Banu Öztürk (AURA SONİC OFFİCİAL),1c65ee2dc4da673b549a5816797433d7e4b189326f68b8089c4c4a1a71423630,Slumber on Repeat.mp3,2:51,2026-07-13,2026-08-08,RADIO_ONLY
Smoke in Orbit,Aura Sonic,Aşkın Öztürk,Aşkın Öztürk,Esin Banu Öztürk,Aşkın Öztürk & Esin Banu Öztürk (AURA SONİC OFFİCİAL),5e1b02da350a79099661e0be883996dc805816c99c02f84d6a069b0931287b69,Smoke in Orbit.mp3,3:02,2026-07-13,2026-08-08,RADIO_ONLY
Smoky Bow in Rain,Aura Sonic,Aşkın Öztürk,Aşkın Öztürk,Esin Banu Öztürk,Aşkın Öztürk & Esin Banu Öztürk (AURA SONİC OFFİCİAL),9450fa2fd88a4b50f3196b0f8e940a47a3e8fa6342ec512a780576aee2b8c5a3,Smoky Bow in Rain.mp3,3:43,2026-07-13,2026-08-08,RADIO_ONLY
Smoky Corner in Blue,Aura Sonic,Aşkın Öztürk,Aşkın Öztürk,Esin Banu Öztürk,Aşkın Öztürk & Esin Banu Öztürk (AURA SONİC OFFİCİAL),2cd89b4bdaaaf607fda0bab4e0c7be816990fa1137359eacbd1bb25aba70062d,Smoky Corner in Blue.mp3,3:12,2026-07-13,2026-08-08,RADIO_ONLY
Smoky Daydream,Aura Sonic,Aşkın Öztürk,Aşkın Öztürk,Esin Banu Öztürk,Aşkın Öztürk & Esin Banu Öztürk (AURA SONİC OFFİCİAL),f8acb898c8d59219e0dc2704edfdba90c49fe9bb7fdcf94615906f1ef0948bf7,Smoky Daydream.mp3,3:24,2026-07-13,2026-08-08,RADIO_ONLY
Smoky Reflections After Dark,Aura Sonic,Aşkın Öztürk,Aşkın Öztürk,Esin Banu Öztürk,Aşkın Öztürk & Esin Banu Öztürk (AURA SONİC OFFİCİAL),1a5abccb0d72d9eda8ae20a2158fe13cb6fad0b3279e99f57b98c55b6f0af980,Smoky Reflections After Dark.mp3,3:23,2026-07-13,2026-08-08,RADIO_ONLY
Smoky Serenade,Aura Sonic,Aşkın Öztürk,Aşkın Öztürk,Esin Banu Öztürk,Aşkın Öztürk & Esin Banu Öztürk (AURA SONİC OFFİCİAL),79a885ce117924167f73fa8818647246f8c66977577e5e5079b6bce12e386ce7,Smoky Serenade.mp3,3:51,2026-07-13,2026-08-08,RADIO_ONLY
Smoky Terrace under Stars,Aura Sonic,Aşkın Öztürk,Aşkın Öztürk,Esin Banu Öztürk,Aşkın Öztürk & Esin Banu Öztürk (AURA SONİC OFFİCİAL),0edf8b88fb5dc3dd08c798eab66635a8e8d5390f9f2f8f8b275f8db66117d4f6,Smoky Terrace under Stars.mp3,2:09,2026-07-13,2026-08-08,RADIO_ONLY
Snowfall Breath,Aura Sonic,Aşkın Öztürk,Aşkın Öztürk,Esin Banu Öztürk,Aşkın Öztürk & Esin Banu Öztürk (AURA SONİC OFFİCİAL),bc9db01dc482307056628534112c6228bd763dc0c1d8ea3734d7484260c5ae03,Snowfall Breath.mp3,2:49,2026-07-13,2026-08-08,RADIO_ONLY
Snowfall Dream on Repeat,Aura Sonic,Aşkın Öztürk,Aşkın Öztürk,Esin Banu Öztürk,Aşkın Öztürk & Esin Banu Öztürk (AURA SONİC OFFİCİAL),30f2833397da4ba4b57137e3ab3c97e2f1eb70c5bd0f1010131846b74b0c08ba,Snowfall Dream on Repeat.mp3,3:13,2026-07-13,2026-08-08,RADIO_ONLY
Snowfall Horizon in Flow,Aura Sonic,Aşkın Öztürk,Aşkın Öztürk,Esin Banu Öztürk,Aşkın Öztürk & Esin Banu Öztürk (AURA SONİC OFFİCİAL),bd0fab72f51412cb0945ff0aa760338ee970862aa3f4bba67de0390531ece6fd,Snowfall Horizon in Flow.mp3,3:18,2026-07-13,2026-08-08,RADIO_ONLY
Snowfall Slumber,Aura Sonic,Aşkın Öztürk,Aşkın Öztürk,Esin Banu Öztürk,Aşkın Öztürk & Esin Banu Öztürk (AURA SONİC OFFİCİAL),ff963a3ae0d9e05c6d31bfa77769895f4d532ef7a4a0b90ca620eadb5d4a8535,Snowfall Slumber.mp3,3:14,2026-07-13,2026-08-08,RADIO_ONLY
Sonata Under Stars,Aura Sonic,Aşkın Öztürk,Aşkın Öztürk,Esin Banu Öztürk,Aşkın Öztürk & Esin Banu Öztürk (AURA SONİC OFFİCİAL),83cb6de4ebe4277417ab341430cd34a1a3b17944837250a4dcb9ffd2ee45f868,Sonata Under Stars.mp3,4:02,2026-07-13,2026-08-08,RADIO_ONLY
Sonata at Dusk,Aura Sonic,Aşkın Öztürk,Aşkın Öztürk,Esin Banu Öztürk,Aşkın Öztürk & Esin Banu Öztürk (AURA SONİC OFFİCİAL),51c21942ebc384947d1ee555ff9ef03618ad49f9b6aa1c460b2f476b4fa9b67d,Sonata at Dusk.mp3,2:42,2026-07-13,2026-08-08,RADIO_ONLY
Spring After Rain,Aura Sonic,Aşkın Öztürk,Aşkın Öztürk,Esin Banu Öztürk,Aşkın Öztürk & Esin Banu Öztürk (AURA SONİC OFFİCİAL),0385200f8682137a4aac0deba51005b474f53b83bef0dd2555ad7f1ec1a3fc90,Spring After Rain.mp3,3:18,2026-07-13,2026-08-08,RADIO_ONLY
Stellar Halo,Aura Sonic,Aşkın Öztürk,Aşkın Öztürk,Esin Banu Öztürk,Aşkın Öztürk & Esin Banu Öztürk (AURA SONİC OFFİCİAL),25f05885d8fa7939f81cab7db99db4745f430e8468ca1af680c7c2209ff37295,Stellar Halo.mp3,3:38,2026-07-13,2026-08-08,RADIO_ONLY
Stellar Horizon Beyond,Aura Sonic,Aşkın Öztürk,Aşkın Öztürk,Esin Banu Öztürk,Aşkın Öztürk & Esin Banu Öztürk (AURA SONİC OFFİCİAL),9627cf1665b28e55ea6ad07a3d41bb423895e942a356401a8978105ae1e2c963,Stellar Horizon Beyond.mp3,4:41,2026-07-13,2026-08-08,RADIO_ONLY
Still Garden After Rain,Aura Sonic,Aşkın Öztürk,Aşkın Öztürk,Esin Banu Öztürk,Aşkın Öztürk & Esin Banu Öztürk (AURA SONİC OFFİCİAL),d03d9748ab7e4803856d814afd70381c2c65b5e81f561b71ab9ec81a29d86d78,Still Garden After Rain.mp3,3:44,2026-07-13,2026-08-08,RADIO_ONLY
Still Water Without Water,Aura Sonic,Aşkın Öztürk,Aşkın Öztürk,Esin Banu Öztürk,Aşkın Öztürk & Esin Banu Öztürk (AURA SONİC OFFİCİAL),dcd193c17ff2debcf8d68ded26a3a9df2005cf637627a1094a41c668bf95c326,Still Water Without Water.mp3,3:54,2026-07-13,2026-08-08,RADIO_ONLY
Stillness Between Bells,Aura Sonic,Aşkın Öztürk,Aşkın Öztürk,Esin Banu Öztürk,Aşkın Öztürk & Esin Banu Öztürk (AURA SONİC OFFİCİAL),f44b06f2aba5c177a68248f70d23fb5fb645f2e08448536638755b1b29cada7d,Stillness Between Bells.mp3,3:44,2026-07-13,2026-08-08,RADIO_ONLY
Stone Bolero,Aura Sonic,Aşkın Öztürk,Aşkın Öztürk,Esin Banu Öztürk,Aşkın Öztürk & Esin Banu Öztürk (AURA SONİC OFFİCİAL),1cf21c403431013efb754c20781109dd6b903f3c16a041fd98456fe8eb84ab02,Stone Bolero.mp3,3:34,2026-07-13,2026-08-08,RADIO_ONLY
Stone Cuerdas,Aura Sonic,Aşkın Öztürk,Aşkın Öztürk,Esin Banu Öztürk,Aşkın Öztürk & Esin Banu Öztürk (AURA SONİC OFFİCİAL),17a253f4d2893ec8f9e9ed27d8f763ab19cc5f8d82c298ec21a312a6d2ce1744,Stone Cuerdas.mp3,3:18,2026-07-13,2026-08-08,RADIO_ONLY
Stone Falseta in Bloom,Aura Sonic,Aşkın Öztürk,Aşkın Öztürk,Esin Banu Öztürk,Aşkın Öztürk & Esin Banu Öztürk (AURA SONİC OFFİCİAL),fde61ee53ef82ae991e00413640b790b926795a63a7968d729bf2440fae83f25,Stone Falseta in Bloom.mp3,2:58,2026-07-13,2026-08-08,RADIO_ONLY
Stone Garden Breath,Aura Sonic,Aşkın Öztürk,Aşkın Öztürk,Esin Banu Öztürk,Aşkın Öztürk & Esin Banu Öztürk (AURA SONİC OFFİCİAL),21b8e3da80a24e2faea9fac85b96f0e6b619f1b65e38699a31676a44a92ca273,Stone Garden Breath.mp3,3:14,2026-07-13,2026-08-08,RADIO_ONLY
Stone Guitarra de Noche,Aura Sonic,Aşkın Öztürk,Aşkın Öztürk,Esin Banu Öztürk,Aşkın Öztürk & Esin Banu Öztürk (AURA SONİC OFFİCİAL),bc0761cc1f6033fe667eb4481198dd2babf2c9939e4c51da437f37b3458d8428,Stone Guitarra de Noche.mp3,3:34,2026-07-13,2026-08-08,RADIO_ONLY
Stones Warmed by Morning,Aura Sonic,Aşkın Öztürk,Aşkın Öztürk,Esin Banu Öztürk,Aşkın Öztürk & Esin Banu Öztürk (AURA SONİC OFFİCİAL),70b9cad7aae31e109f276d877aac6a9b04763bb9b3cee03f043c77569e1dfad2,Stones Warmed by Morning.mp3,3:52,2026-07-13,2026-08-08,RADIO_ONLY
Study for Two Wooden Chairs,Aura Sonic,Aşkın Öztürk,Aşkın Öztürk,Esin Banu Öztürk,Aşkın Öztürk & Esin Banu Öztürk (AURA SONİC OFFİCİAL),54c1af98835eae4c1d7cf8aff13149171b8ba320259e2f25aa4628bf04aab200,Study for Two Wooden Chairs.mp3,3:16,2026-07-13,2026-08-08,RADIO_ONLY
Sunday Desk Lamp,Aura Sonic,Aşkın Öztürk,Aşkın Öztürk,Esin Banu Öztürk,Aşkın Öztürk & Esin Banu Öztürk (AURA SONİC OFFİCİAL),ac794d6d8d4ca3241960d50ed2bb203858021ddca296e0dfec2fc3223d3066d5,Sunday Desk Lamp.mp3,3:46,2026-07-13,2026-08-08,RADIO_ONLY
Sunday Letter from San Sebastián,Aura Sonic,Aşkın Öztürk,Aşkın Öztürk,Esin Banu Öztürk,Aşkın Öztürk & Esin Banu Öztürk (AURA SONİC OFFİCİAL),766cfe2bf3c380e6d3906aa5f16c4b49e7d9347c317a91d79acea6edcff0306d,Sunday Letter from San Sebastián.mp3,2:43,2026-07-13,2026-08-08,RADIO_ONLY
Sunlit Whisper,Aura Sonic,Aşkın Öztürk,Aşkın Öztürk,Esin Banu Öztürk,Aşkın Öztürk & Esin Banu Öztürk (AURA SONİC OFFİCİAL),38623c0b7e5b578ed24b96204904668d4a8c5e1043c2fc7a297ebbb02429ebe6,Sunlit Whisper.mp3,2:53,2026-07-13,2026-08-08,RADIO_ONLY
TEETH OF THE NIGHT MASTER,Aura Sonic,Aşkın Öztürk,Aşkın Öztürk,Esin Banu Öztürk,Aşkın Öztürk & Esin Banu Öztürk (AURA SONİC OFFİCİAL),3826e054073154f8ac964b41262a68711c6d67492aecdb917c4e29d0e2242c6a,TEETH OF THE NIGHT_MASTER.wav,4:37,2026-06-15,2026-08-08,RADIO_ONLY
THE ABYSS WITHIN,Aura Sonic,Aşkın Öztürk,Aşkın Öztürk,Esin Banu Öztürk,Aşkın Öztürk & Esin Banu Öztürk (AURA SONİC OFFİCİAL),3e8538919953cf794219fbe395b53c68b1fd3b205219d7299eaf980ae022a35a,THE ABYSS WITHIN.wav,3:26,2026-06-16,2026-08-08,RADIO_ONLY
Tea Before Words,Aura Sonic,Aşkın Öztürk,Aşkın Öztürk,Esin Banu Öztürk,Aşkın Öztürk & Esin Banu Öztürk (AURA SONİC OFFİCİAL),7bef82ae5e676531af08d9be518243df4caf35e384aedd5afc704a9ea41d1060,Tea Before Words.mp3,3:19,2026-07-13,2026-08-08,RADIO_ONLY
Temple Petal in Stillness,Aura Sonic,Aşkın Öztürk,Aşkın Öztürk,Esin Banu Öztürk,Aşkın Öztürk & Esin Banu Öztürk (AURA SONİC OFFİCİAL),1fd6c4df1208f30ff204a615adc557d69752b43821b2d44082cbc0a76378e412,Temple Petal in Stillness.mp3,4:06,2026-07-13,2026-08-08,RADIO_ONLY
Tender Aria,Aura Sonic,Aşkın Öztürk,Aşkın Öztürk,Esin Banu Öztürk,Aşkın Öztürk & Esin Banu Öztürk (AURA SONİC OFFİCİAL),d6cd2195af0f0b3bbf644399912f22134718b3d120c88320217bb5671cac45b9,Tender Aria.mp3,3:58,2026-07-13,2026-08-08,RADIO_ONLY
Tender Nocturne,Aura Sonic,Aşkın Öztürk,Aşkın Öztürk,Esin Banu Öztürk,Aşkın Öztürk & Esin Banu Öztürk (AURA SONİC OFFİCİAL),be29d75ae9b33048660e69928680e79e1e77221a06fb192f37aa9697144dbd49,Tender Nocturne.mp3,2:44,2026-07-13,2026-08-08,RADIO_ONLY
Tender Nocturne in Winter,Aura Sonic,Aşkın Öztürk,Aşkın Öztürk,Esin Banu Öztürk,Aşkın Öztürk & Esin Banu Öztürk (AURA SONİC OFFİCİAL),219e923b188b2839093707cac3e2910e493725896e8dc16d9a23802654460890,Tender Nocturne in Winter.mp3,3:14,2026-07-13,2026-08-08,RADIO_ONLY
Terrace by the Sea,Aura Sonic,Aşkın Öztürk,Aşkın Öztürk,Esin Banu Öztürk,Aşkın Öztürk & Esin Banu Öztürk (AURA SONİC OFFİCİAL),eebd52217ca2b2af98d4f7629ddda38e0e23cd6a0da9b55c5c5fb76b07eeca3d,Terrace by the Sea.mp3,3:48,2026-07-13,2026-08-08,RADIO_ONLY
Terrace in Bloom,Aura Sonic,Aşkın Öztürk,Aşkın Öztürk,Esin Banu Öztürk,Aşkın Öztürk & Esin Banu Öztürk (AURA SONİC OFFİCİAL),219e923b188b2839093707cac3e2910e493725896e8dc16d9a23802654460890,Terrace in Bloom.mp3,3:14,2026-07-13,2026-08-08,RADIO_ONLY
The Architects Afternoon,Aura Sonic,Aşkın Öztürk,Aşkın Öztürk,Esin Banu Öztürk,Aşkın Öztürk & Esin Banu Öztürk (AURA SONİC OFFİCİAL),0c6b2d2724da57ac719bd18f9795886b7d3cfd5d7686c1304c02d34283886110,The Architects Afternoon.mp3,2:43,2026-07-13,2026-08-08,RADIO_ONLY
The Balcony Kept the Sun,Aura Sonic,Aşkın Öztürk,Aşkın Öztürk,Esin Banu Öztürk,Aşkın Öztürk & Esin Banu Öztürk (AURA SONİC OFFİCİAL),cd79495addfd103919c835bb4597eb5fd557f11273a0453c4c3a9c708041ad73,The Balcony Kept the Sun.mp3,3:13,2026-07-13,2026-08-08,RADIO_ONLY
The Bow Remembers,Aura Sonic,Aşkın Öztürk,Aşkın Öztürk,Esin Banu Öztürk,Aşkın Öztürk & Esin Banu Öztürk (AURA SONİC OFFİCİAL),e62a80d27f5d3363484b543af259f53ad8f18940551d63ab1a11d7d7d20196c3,The Bow Remembers.mp3,5:03,2026-07-13,2026-08-08,RADIO_ONLY
The Cottage Beyond Heather,Aura Sonic,Aşkın Öztürk,Aşkın Öztürk,Esin Banu Öztürk,Aşkın Öztürk & Esin Banu Öztürk (AURA SONİC OFFİCİAL),5f24ca80f8cec849768fc972b99478ed5fbe9fb75a3d35a25c4243ce1479ffd8,The Cottage Beyond Heather.mp3,3:32,2026-07-13,2026-08-08,RADIO_ONLY
The Cottage Beyond the Hill,Aura Sonic,Aşkın Öztürk,Aşkın Öztürk,Esin Banu Öztürk,Aşkın Öztürk & Esin Banu Öztürk (AURA SONİC OFFİCİAL),40385e93c85ad5fc111fc8aa73c8bcd946191c3a21cec55cf4f6769331c02757,The Cottage Beyond the Hill.mp3,2:42,2026-07-13,2026-08-08,RADIO_ONLY
The Distance Between Stars,Aura Sonic,Aşkın Öztürk,Aşkın Öztürk,Esin Banu Öztürk,Aşkın Öztürk & Esin Banu Öztürk (AURA SONİC OFFİCİAL),84e1bbbc5d8e46f49ca165eafc34bcb9cff753cc053edffc7188f73be46968c9,The Distance Between Stars.mp3,5:23,2026-07-13,2026-08-08,RADIO_ONLY
The Empty Meditation Mat,Aura Sonic,Aşkın Öztürk,Aşkın Öztürk,Esin Banu Öztürk,Aşkın Öztürk & Esin Banu Öztürk (AURA SONİC OFFİCİAL),f50f227ee19e6c638b7da7b822556881e89ef2738a18f3e9dab9615ebbcae015,The Empty Meditation Mat.mp3,5:24,2026-07-13,2026-08-08,RADIO_ONLY
The Harp Beside Your Pillow,Aura Sonic,Aşkın Öztürk,Aşkın Öztürk,Esin Banu Öztürk,Aşkın Öztürk & Esin Banu Öztürk (AURA SONİC OFFİCİAL),f8ca65203c423e3d569b5215729ea1b02dfcfcc11dacd967ab2327c1b55d936d,The Harp Beside Your Pillow.mp3,3:22,2026-07-13,2026-08-08,RADIO_ONLY
The Harp Remembers Spring,Aura Sonic,Aşkın Öztürk,Aşkın Öztürk,Esin Banu Öztürk,Aşkın Öztürk & Esin Banu Öztürk (AURA SONİC OFFİCİAL),ecc5a414055e50da72ad09c0dab1fef91a104662940052aa801d1f5cc0c21fb5,The Harp Remembers Spring.mp3,3:09,2026-07-13,2026-08-08,RADIO_ONLY
The Koto After Midnight,Aura Sonic,Aşkın Öztürk,Aşkın Öztürk,Esin Banu Öztürk,Aşkın Öztürk & Esin Banu Öztürk (AURA SONİC OFFİCİAL),e7bf4f895129d47b26924fdedfe87ec24825d862785331ab7a679a7f7cadd525,The Koto After Midnight.mp3,3:37,2026-07-13,2026-08-08,RADIO_ONLY
The Lamp Stays Low,Aura Sonic,Aşkın Öztürk,Aşkın Öztürk,Esin Banu Öztürk,Aşkın Öztürk & Esin Banu Öztürk (AURA SONİC OFFİCİAL),e1c08db4606937ce2b5450efe85baec1d0a8fcf84d8a4a0c0d853c0b9ff00b23,The Lamp Stays Low.mp3,3:07,2026-07-13,2026-08-08,RADIO_ONLY
The Last Dance Without Footsteps,Aura Sonic,Aşkın Öztürk,Aşkın Öztürk,Esin Banu Öztürk,Aşkın Öztürk & Esin Banu Öztürk (AURA SONİC OFFİCİAL),5048a24637d5ab2c5b100c7ad82b369ce997cc70e1326076438a2797f22f01b8,The Last Dance Without Footsteps.mp3,4:19,2026-07-13,2026-08-08,RADIO_ONLY
The Last Golden String,Aura Sonic,Aşkın Öztürk,Aşkın Öztürk,Esin Banu Öztürk,Aşkın Öztürk & Esin Banu Öztürk (AURA SONİC OFFİCİAL),dffb54652cbf99dafb6f51734ee0ec131e162d289e03f037526d01b266f43092,The Last Golden String.mp3,2:58,2026-07-13,2026-08-08,RADIO_ONLY
The Last Lantern,Aura Sonic,Aşkın Öztürk,Aşkın Öztürk,Esin Banu Öztürk,Aşkın Öztürk & Esin Banu Öztürk (AURA SONİC OFFİCİAL),ec3d7ca82ec9d3b63f5ede73732bbcd420c4b124c96b74457d8e8d2eb54effe2,The Last Lantern.mp3,2:32,2026-07-13,2026-08-08,RADIO_ONLY
The Last Light of Europa,Aura Sonic,Aşkın Öztürk,Aşkın Öztürk,Esin Banu Öztürk,Aşkın Öztürk & Esin Banu Öztürk (AURA SONİC OFFİCİAL),1ba27357d9bd978738cc13dd8e100ff62a1e3c21397fe50c7cd931c7e049e315,The Last Light of Europa.mp3,3:51,2026-07-13,2026-08-08,RADIO_ONLY
The Last Soft Harmony,Aura Sonic,Aşkın Öztürk,Aşkın Öztürk,Esin Banu Öztürk,Aşkın Öztürk & Esin Banu Öztürk (AURA SONİC OFFİCİAL),95f7220d1ebd5d201219a0141f2c1b3a7b6be92db674d25f2c2cd3b31b051732,The Last Soft Harmony.mp3,3:24,2026-07-13,2026-08-08,RADIO_ONLY
The Letter from Córdoba,Aura Sonic,Aşkın Öztürk,Aşkın Öztürk,Esin Banu Öztürk,Aşkın Öztürk & Esin Banu Öztürk (AURA SONİC OFFİCİAL),67853bb4897ae7b967d8885535f6cedc96eef850d821aaa65b6d3742a8e3ed2f,The Letter from Córdoba.mp3,3:38,2026-07-13,2026-08-08,RADIO_ONLY
The Light You Left On,Aura Sonic,Aşkın Öztürk,Aşkın Öztürk,Esin Banu Öztürk,Aşkın Öztürk & Esin Banu Öztürk (AURA SONİC OFFİCİAL),3a4d54d3fdd4eabc39155e6b366978d2da9c4af8421bd103610cae3030a289e7,The Light You Left On.mp3,2:53,2026-07-13,2026-08-08,RADIO_ONLY
The Map Folded at Sunset,Aura Sonic,Aşkın Öztürk,Aşkın Öztürk,Esin Banu Öztürk,Aşkın Öztürk & Esin Banu Öztürk (AURA SONİC OFFİCİAL),2b84a8851cfb23f860c506ee26473402391bd6c79aa9146d576e0c1843db9eda,The Map Folded at Sunset.mp3,3:23,2026-07-13,2026-08-08,RADIO_ONLY
The Moon Forgot Our Footsteps,Aura Sonic,Aşkın Öztürk,Aşkın Öztürk,Esin Banu Öztürk,Aşkın Öztürk & Esin Banu Öztürk (AURA SONİC OFFİCİAL),bae6d30f2bcc421ac8d8bb613d263b867b2ab780ef582c867ae076d42c71a33a,The Moon Forgot Our Footsteps.mp3,4:49,2026-07-13,2026-08-08,RADIO_ONLY
The Old Stone Bridge,Aura Sonic,Aşkın Öztürk,Aşkın Öztürk,Esin Banu Öztürk,Aşkın Öztürk & Esin Banu Öztürk (AURA SONİC OFFİCİAL),f35febeb1c6c2d1b7767faabb9f8ca901065e920b48453bf3fbcd959f6c38bfa,The Old Stone Bridge.mp3,3:38,2026-07-13,2026-08-08,RADIO_ONLY
The Quiet Table in Toledo,Aura Sonic,Aşkın Öztürk,Aşkın Öztürk,Esin Banu Öztürk,Aşkın Öztürk & Esin Banu Öztürk (AURA SONİC OFFİCİAL),dad8ca3cd5d13d2d76f9b8388a88ebf96896fd3f0f24002c91b81f39fefa5aa8,The Quiet Table in Toledo.mp3,3:31,2026-07-13,2026-08-08,RADIO_ONLY
The Quietest Room in Cadiz,Aura Sonic,Aşkın Öztürk,Aşkın Öztürk,Esin Banu Öztürk,Aşkın Öztürk & Esin Banu Öztürk (AURA SONİC OFFİCİAL),274df1e96afa624c999ee07ff94cbfee79b2ac0ec24de08564b24b2b5e5355ed,The Quietest Room in Cadiz.mp3,3:23,2026-07-13,2026-08-08,RADIO_ONLY
The Reader by the Archway,Aura Sonic,Aşkın Öztürk,Aşkın Öztürk,Esin Banu Öztürk,Aşkın Öztürk & Esin Banu Öztürk (AURA SONİC OFFİCİAL),39be21ff1f9008d1479fcc0f5b9bec190fd573637fd9e974658cf393531ed3d2,The Reader by the Archway.mp3,2:49,2026-07-13,2026-08-08,RADIO_ONLY
The Room After Goodnight,Aura Sonic,Aşkın Öztürk,Aşkın Öztürk,Esin Banu Öztürk,Aşkın Öztürk & Esin Banu Öztürk (AURA SONİC OFFİCİAL),8f6750a50baf4d3079bd422eff1d447f1564dfc7858be4c62f858a2cd6e92c26,The Room After Goodnight.mp3,2:44,2026-07-13,2026-08-08,RADIO_ONLY
The Room Still Knows Us,Aura Sonic,Aşkın Öztürk,Aşkın Öztürk,Esin Banu Öztürk,Aşkın Öztürk & Esin Banu Öztürk (AURA SONİC OFFİCİAL),8ec7782f0f51e73ac164e3cae1107092ce1b10c98b014cafd331ef0e210c7d88,The Room Still Knows Us.mp3,2:49,2026-07-13,2026-08-08,RADIO_ONLY
The Scent Left on the Scarf,Aura Sonic,Aşkın Öztürk,Aşkın Öztürk,Esin Banu Öztürk,Aşkın Öztürk & Esin Banu Öztürk (AURA SONİC OFFİCİAL),95b1ff9b95761b2311b1a7566db978d6ccb53c4f8af4dab80dfdb3fc1ff647f2,The Scent Left on the Scarf.mp3,4:04,2026-07-13,2026-08-08,RADIO_ONLY
The Second Cup in Madrid,Aura Sonic,Aşkın Öztürk,Aşkın Öztürk,Esin Banu Öztürk,Aşkın Öztürk & Esin Banu Öztürk (AURA SONİC OFFİCİAL),7881ef6266eb5fc4b4ac4706e442ff66e153c8611d40b63dd3ddd2bbdd2572fe,The Second Cup in Madrid.mp3,2:27,2026-07-13,2026-08-08,RADIO_ONLY
The Second Harp Answers,Aura Sonic,Aşkın Öztürk,Aşkın Öztürk,Esin Banu Öztürk,Aşkın Öztürk & Esin Banu Öztürk (AURA SONİC OFFİCİAL),1318f32770b1ec05d86d838900ca54aecb997f5c814e197bcbbdd232f2d59323,The Second Harp Answers.mp3,3:04,2026-07-13,2026-08-08,RADIO_ONLY
The Second Violin Stays,Aura Sonic,Aşkın Öztürk,Aşkın Öztürk,Esin Banu Öztürk,Aşkın Öztürk & Esin Banu Öztürk (AURA SONİC OFFİCİAL),8e0f295c7684fe066f3f5c5d6af5740bf1490976747982ba692cc96d0d03e108,The Second Violin Stays.mp3,2:54,2026-07-13,2026-08-08,RADIO_ONLY
The Violin Beside the Lamp,Aura Sonic,Aşkın Öztürk,Aşkın Öztürk,Esin Banu Öztürk,Aşkın Öztürk & Esin Banu Öztürk (AURA SONİC OFFİCİAL),5de658071caf4d0a3b06651c4ea896b303dfbd9c64267ee770d82dc30399cc5e,The Violin Beside the Lamp.mp3,4:24,2026-07-13,2026-08-08,RADIO_ONLY
The engine's,Aura Sonic,Aşkın Öztürk,Aşkın Öztürk,Esin Banu Öztürk,Aşkın Öztürk & Esin Banu Öztürk (AURA SONİC OFFİCİAL),1e519ada5f3cdb613f48a513deb199fc783d8c0bfbd85115633aec038ed4796e,Aura Sonic - The engine's.mp3,3:52,2026-07-11,2026-08-08,RADIO_ONLY
The road is dusty and the sky is black,Aura Sonic,Aşkın Öztürk,Aşkın Öztürk,Esin Banu Öztürk,Aşkın Öztürk & Esin Banu Öztürk (AURA SONİC OFFİCİAL),68b59fea5918b49c4ddf54411d553fbc47ad2834098b70b714cbbe18382e7919,Aura Sonic - The road is dusty and the sky is black.mp3,3:39,2026-07-11,2026-08-08,RADIO_ONLY
Tide at Dawn,Aura Sonic,Aşkın Öztürk,Aşkın Öztürk,Esin Banu Öztürk,Aşkın Öztürk & Esin Banu Öztürk (AURA SONİC OFFİCİAL),2a52f1bb5034eb0e9f0f2fc078120ae582ac31e92d65e9906161f6b52c4835c4,Tide at Dawn.mp3,2:36,2026-07-13,2026-08-08,RADIO_ONLY
Twin Strings in Still Air,Aura Sonic,Aşkın Öztürk,Aşkın Öztürk,Esin Banu Öztürk,Aşkın Öztürk & Esin Banu Öztürk (AURA SONİC OFFİCİAL),6c6996fce244cec747da76acc24c3aab075abbaf201941deb4f758f1cc257428,Twin Strings in Still Air.mp3,3:28,2026-07-13,2026-08-08,RADIO_ONLY
Two Bows Under One Lamp,Aura Sonic,Aşkın Öztürk,Aşkın Öztürk,Esin Banu Öztürk,Aşkın Öztürk & Esin Banu Öztürk (AURA SONİC OFFİCİAL),15726885a1ae2f669e315b3c4e09432c3dcea21ed0da3c23e31597474afedc0a,Two Bows Under One Lamp.mp3,7:52,2026-07-13,2026-08-08,RADIO_ONLY
Two Guitars One Dream,Aura Sonic,Aşkın Öztürk,Aşkın Öztürk,Esin Banu Öztürk,Aşkın Öztürk & Esin Banu Öztürk (AURA SONİC OFFİCİAL),451bc259ca16802f8b5aa72c53c26177089a0b4a995f2be39c0343f88ea1abdd,Two Guitars One Dream.mp3,3:14,2026-07-13,2026-08-08,RADIO_ONLY
Two Guitars Under the Awning,Aura Sonic,Aşkın Öztürk,Aşkın Öztürk,Esin Banu Öztürk,Aşkın Öztürk & Esin Banu Öztürk (AURA SONİC OFFİCİAL),90eec6ed759ef5940bfbb7aea10ca61fd379f122d8423e15907e3deea549834f,Two Guitars Under the Awning.mp3,2:31,2026-07-13,2026-08-08,RADIO_ONLY
Two Harps Under Moonlight,Aura Sonic,Aşkın Öztürk,Aşkın Öztürk,Esin Banu Öztürk,Aşkın Öztürk & Esin Banu Öztürk (AURA SONİC OFFİCİAL),82f87bcdd71ac3b589ea3e7ef94dc999db60338b6fe2ea84f55cd3ea36ed835c,Two Harps Under Moonlight.mp3,3:54,2026-07-13,2026-08-08,RADIO_ONLY
Two Shadows in Blue,Aura Sonic,Aşkın Öztürk,Aşkın Öztürk,Esin Banu Öztürk,Aşkın Öztürk & Esin Banu Öztürk (AURA SONİC OFFİCİAL),cc014269733bd8c966c94a676380b7594224cf3a3eea83bbeb1810625bb3b0ff,Two Shadows in Blue.mp3,4:43,2026-07-13,2026-08-08,RADIO_ONLY
Two glasses left on the table,Aura Sonic,Aşkın Öztürk,Aşkın Öztürk,Esin Banu Öztürk,Aşkın Öztürk & Esin Banu Öztürk (AURA SONİC OFFİCİAL),874a86c88d0e8434d43ac6930536227d7aded975deceba4938561dfb19a3c6a9,Aura Sonic - Two glasses left on the table.mp3,3:49,2026-07-11,2026-08-08,RADIO_ONLY
Umbrella by the Piano,Aura Sonic,Aşkın Öztürk,Aşkın Öztürk,Esin Banu Öztürk,Aşkın Öztürk & Esin Banu Öztürk (AURA SONİC OFFİCİAL),03797a2722f681ff7cb16f647a15c7041127e560efb46a6351e5d34ed30f13e6,Umbrella by the Piano.mp3,3:11,2026-07-13,2026-08-08,RADIO_ONLY
VALARİA MONTAYA-NO ME QUIERAS A MEDIAS,Aura Sonic,Aşkın Öztürk,Aşkın Öztürk,Esin Banu Öztürk,Aşkın Öztürk & Esin Banu Öztürk (AURA SONİC OFFİCİAL),9274c36825be7bb9587317973cf853176a4013e7deac9f48bfda1965e2b4bf72,28-07-26-VALARİA MONTAYA-NO ME QUIERAS A MEDIAS.wav,7:59,2026-08-11,2026-08-08,RADIO_ONLY
"VALARİA MONTAYA-Tú Pasas, Pasa la Noche",Aura Sonic,Aşkın Öztürk,Aşkın Öztürk,Esin Banu Öztürk,Aşkın Öztürk & Esin Banu Öztürk (AURA SONİC OFFİCİAL),9156a0b48dc3b820defb4add03ac21c8276a3dd9db1670b53e3e094e89ff49ff,"28-07-26-VALARİA MONTAYA-Tú Pasas, Pasa la Noche.wav",4:10,2026-08-11,2026-08-08,RADIO_ONLY
VALARİA MÍRAME COMO SI FUERAS A QUEDARTE,Aura Sonic,Aşkın Öztürk,Aşkın Öztürk,Esin Banu Öztürk,Aşkın Öztürk & Esin Banu Öztürk (AURA SONİC OFFİCİAL),51077690783ec5af2fa0ab4b505431f06b79c10b2d52171e1872658726af689a,28-07-26-VALARİA MÍRAME COMO SI FUERAS A QUEDARTE.wav,5:23,2026-08-11,2026-08-08,RADIO_ONLY
Velvet Ballad After Dark,Aura Sonic,Aşkın Öztürk,Aşkın Öztürk,Esin Banu Öztürk,Aşkın Öztürk & Esin Banu Öztürk (AURA SONİC OFFİCİAL),9bb85b17bcfde6b6d75daf78855402d352a499d01e6a820399ac68f09485dfbd,Velvet Ballad After Dark.mp3,3:18,2026-07-13,2026-08-08,RADIO_ONLY
Velvet Ballad in Blue,Aura Sonic,Aşkın Öztürk,Aşkın Öztürk,Esin Banu Öztürk,Aşkın Öztürk & Esin Banu Öztürk (AURA SONİC OFFİCİAL),c8b6ff9348f9edc1795c1ca56468fe0093a82ad15e417b1a05230572a8bfff85,Velvet Ballad in Blue.mp3,3:01,2026-07-13,2026-08-08,RADIO_ONLY
Velvet Cuerdas,Aura Sonic,Aşkın Öztürk,Aşkın Öztürk,Esin Banu Öztürk,Aşkın Öztürk & Esin Banu Öztürk (AURA SONİC OFFİCİAL),d6cd2195af0f0b3bbf644399912f22134718b3d120c88320217bb5671cac45b9,Velvet Cuerdas.mp3,3:58,2026-07-13,2026-08-08,RADIO_ONLY
Velvet Guitarra,Aura Sonic,Aşkın Öztürk,Aşkın Öztürk,Esin Banu Öztürk,Aşkın Öztürk & Esin Banu Öztürk (AURA SONİC OFFİCİAL),13d09cd80af08c02009086109a27c45b962f79c8d325b12c895c3944c2b7ca52,Velvet Guitarra.mp3,3:27,2026-07-13,2026-08-08,RADIO_ONLY
Velvet Horizon in Orbit,Aura Sonic,Aşkın Öztürk,Aşkın Öztürk,Esin Banu Öztürk,Aşkın Öztürk & Esin Banu Öztürk (AURA SONİC OFFİCİAL),6c1e105eab346aad1febfa93000904cc747f2071103aa212fcef8684a011d266,Velvet Horizon in Orbit.mp3,4:18,2026-07-13,2026-08-08,RADIO_ONLY
Velvet Hour,Aura Sonic,Aşkın Öztürk,Aşkın Öztürk,Esin Banu Öztürk,Aşkın Öztürk & Esin Banu Öztürk (AURA SONİC OFFİCİAL),be5be16690a70d3cbba3403a9c436589af04429541bca9a170fab0b434fe6082,Velvet Hour.mp3,2:53,2026-07-13,2026-08-08,RADIO_ONLY
Velvet Patio,Aura Sonic,Aşkın Öztürk,Aşkın Öztürk,Esin Banu Öztürk,Aşkın Öztürk & Esin Banu Öztürk (AURA SONİC OFFİCİAL),e9a3920b4d057c1212f3972139d408c641924e6ec7066bca7f6254e4a5f02091,Velvet Patio.mp3,3:41,2026-07-13,2026-08-08,RADIO_ONLY
Velvet Patio at Sunset,Aura Sonic,Aşkın Öztürk,Aşkın Öztürk,Esin Banu Öztürk,Aşkın Öztürk & Esin Banu Öztürk (AURA SONİC OFFİCİAL),a254f029a1f4fbd13b513c6d2c9dee216bed247a7cbfc659372c15772a2c7a89,Velvet Patio at Sunset.mp3,3:48,2026-07-13,2026-08-08,RADIO_ONLY
Velvet Patio de Noche,Aura Sonic,Aşkın Öztürk,Aşkın Öztürk,Esin Banu Öztürk,Aşkın Öztürk & Esin Banu Öztürk (AURA SONİC OFFİCİAL),9d7ca574d0bb03e299ecb34672635ba19e79e60d172ba7258ff5bfa64bab3ff4,Velvet Patio de Noche.mp3,2:59,2026-07-13,2026-08-08,RADIO_ONLY
Velvet Patio in Bloom,Aura Sonic,Aşkın Öztürk,Aşkın Öztürk,Esin Banu Öztürk,Aşkın Öztürk & Esin Banu Öztürk (AURA SONİC OFFİCİAL),0baef6f7560c4745f480b0535f55fff659f1ed23a6e9961d9721537f4fe8f23b,Velvet Patio in Bloom.mp3,3:18,2026-07-13,2026-08-08,RADIO_ONLY
Velvet Serenade,Aura Sonic,Aşkın Öztürk,Aşkın Öztürk,Esin Banu Öztürk,Aşkın Öztürk & Esin Banu Öztürk (AURA SONİC OFFİCİAL),9fd8bfca6f7e47bd3126d696ae35f5306788541185c21d06cf85b53d16a84fcd,Velvet Serenade.mp3,7:59,2026-07-13,2026-08-08,RADIO_ONLY
Velvet Serenade by Lamplight,Aura Sonic,Aşkın Öztürk,Aşkın Öztürk,Esin Banu Öztürk,Aşkın Öztürk & Esin Banu Öztürk (AURA SONİC OFFİCİAL),de4afca74eca96d54243c0ffab6cb1d79662b77cacffc7665e26a96c38609f7d,Velvet Serenade by Lamplight.mp3,2:27,2026-07-13,2026-08-08,RADIO_ONLY
Velvet Sonata at Dusk,Aura Sonic,Aşkın Öztürk,Aşkın Öztürk,Esin Banu Öztürk,Aşkın Öztürk & Esin Banu Öztürk (AURA SONİC OFFİCİAL),bece9e38f984eaa7e8c3b50a6bd3067a06fc66a305eac625111d17406ea1928b,Velvet Sonata at Dusk.mp3,3:14,2026-07-13,2026-08-08,RADIO_ONLY
Velvet Terrace,Aura Sonic,Aşkın Öztürk,Aşkın Öztürk,Esin Banu Öztürk,Aşkın Öztürk & Esin Banu Öztürk (AURA SONİC OFFİCİAL),483dfc9195e9f1b92b95ef89a93895e39dadf96b6552c5345ad9b3861ee4b040,Velvet Terrace.mp3,4:27,2026-07-13,2026-08-08,RADIO_ONLY
Velvet Violin at Midnight,Aura Sonic,Aşkın Öztürk,Aşkın Öztürk,Esin Banu Öztürk,Aşkın Öztürk & Esin Banu Öztürk (AURA SONİC OFFİCİAL),13f455961011fb41482e0dd0c04a95febfbdd96614660ffc011fd235b208f410,Velvet Violin at Midnight.mp3,3:37,2026-07-13,2026-08-08,RADIO_ONLY
Velvet Waltz,Aura Sonic,Aşkın Öztürk,Aşkın Öztürk,Esin Banu Öztürk,Aşkın Öztürk & Esin Banu Öztürk (AURA SONİC OFFİCİAL),0baef6f7560c4745f480b0535f55fff659f1ed23a6e9961d9721537f4fe8f23b,Velvet Waltz.mp3,3:18,2026-07-13,2026-08-08,RADIO_ONLY
Velvet Window at Midnight,Aura Sonic,Aşkın Öztürk,Aşkın Öztürk,Esin Banu Öztürk,Aşkın Öztürk & Esin Banu Öztürk (AURA SONİC OFFİCİAL),f879e1d120ee16f6de611a1e42c654d5fc38c210ed80f3816ea87fc735be6730,Velvet Window at Midnight.mp3,2:49,2026-07-13,2026-08-08,RADIO_ONLY
Violin After the Last Light,Aura Sonic,Aşkın Öztürk,Aşkın Öztürk,Esin Banu Öztürk,Aşkın Öztürk & Esin Banu Öztürk (AURA SONİC OFFİCİAL),cf2ac116a1cf43dbca4668f6c8d37808e0b10ec0d8f115a9e7922aacf2e41485,Violin After the Last Light.mp3,3:13,2026-07-13,2026-08-08,RADIO_ONLY
Violin in Winter,Aura Sonic,Aşkın Öztürk,Aşkın Öztürk,Esin Banu Öztürk,Aşkın Öztürk & Esin Banu Öztürk (AURA SONİC OFFİCİAL),483dfc9195e9f1b92b95ef89a93895e39dadf96b6552c5345ad9b3861ee4b040,Violin in Winter.mp3,4:27,2026-07-13,2026-08-08,RADIO_ONLY
WE WERE BORN TO-RISE,Aura Sonic,Aşkın Öztürk,Aşkın Öztürk,Esin Banu Öztürk,Aşkın Öztürk & Esin Banu Öztürk (AURA SONİC OFFİCİAL),359b686eceb3c0cdf11cf3e294a01b4b5d4ac2a5dde0cf79c807528f3c9c0407,WE_WERE_BORN_TO-RISE.wav,3:14,2026-07-11,2026-08-08,RADIO_ONLY
Waltz in Candlelight,Aura Sonic,Aşkın Öztürk,Aşkın Öztürk,Esin Banu Öztürk,Aşkın Öztürk & Esin Banu Öztürk (AURA SONİC OFFİCİAL),112df21bcdfe817b32f2397cb38aa93faf10be2dd2ba5a8e219fd7ad026f3e7b,Waltz in Candlelight.mp3,2:39,2026-07-13,2026-08-08,RADIO_ONLY
Warm Bow,Aura Sonic,Aşkın Öztürk,Aşkın Öztürk,Esin Banu Öztürk,Aşkın Öztürk & Esin Banu Öztürk (AURA SONİC OFFİCİAL),6982a3bf45c2b66a0d3522fd774c10fe9205db18beb4249b6e7f2957afd70cc6,Warm Bow.mp3,3:04,2026-07-13,2026-08-08,RADIO_ONLY
Warm Bow in Winter,Aura Sonic,Aşkın Öztürk,Aşkın Öztürk,Esin Banu Öztürk,Aşkın Öztürk & Esin Banu Öztürk (AURA SONİC OFFİCİAL),e9c5abe59352813dd4b2e07d203b40facb3b8af530ea35281e7a089f954bdc7e,Warm Bow in Winter.mp3,3:17,2026-07-13,2026-08-08,RADIO_ONLY
Warm Reflections in Blue,Aura Sonic,Aşkın Öztürk,Aşkın Öztürk,Esin Banu Öztürk,Aşkın Öztürk & Esin Banu Öztürk (AURA SONİC OFFİCİAL),f450ea9ca27f942fe0da2369fbfd6f101b5adab3233023d405319925ef8696a0,Warm Reflections in Blue.mp3,3:13,2026-07-13,2026-08-08,RADIO_ONLY
Warm Stone Cool Air,Aura Sonic,Aşkın Öztürk,Aşkın Öztürk,Esin Banu Öztürk,Aşkın Öztürk & Esin Banu Öztürk (AURA SONİC OFFİCİAL),779ac9b4e6226be0afb1647cea4d8a23feb451fb5de0820dd37b76276fd8ad32,Warm Stone Cool Air.mp3,3:38,2026-07-13,2026-08-08,RADIO_ONLY
Warm Water Through Cedar,Aura Sonic,Aşkın Öztürk,Aşkın Öztürk,Esin Banu Öztürk,Aşkın Öztürk & Esin Banu Öztürk (AURA SONİC OFFİCİAL),24c7f879ea0844df2ad17267aa90d185c70392858179322396d9d5d4cf0f50bc,Warm Water Through Cedar.mp3,3:00,2026-07-13,2026-08-08,RADIO_ONLY
Water Flowing,Aura Sonic,Aşkın Öztürk,Aşkın Öztürk,Esin Banu Öztürk,Aşkın Öztürk & Esin Banu Öztürk (AURA SONİC OFFİCİAL),2cd975efbc04d0f4f0df11d6d7ca1f7915d1824c61c8aae5bb49e1c26899756e,Water Flowing.mp3,4:09,2026-07-13,2026-08-08,RADIO_ONLY
Wet Neon Warm Keys,Aura Sonic,Aşkın Öztürk,Aşkın Öztürk,Esin Banu Öztürk,Aşkın Öztürk & Esin Banu Öztürk (AURA SONİC OFFİCİAL),69cd7a0b8caeaf8f9fb885d5d061586d7930fc78baa70b289c56e5a589220e3c,Wet Neon Warm Keys.mp3,3:53,2026-07-13,2026-08-08,RADIO_ONLY
When Both Bows Breathe,Aura Sonic,Aşkın Öztürk,Aşkın Öztürk,Esin Banu Öztürk,Aşkın Öztürk & Esin Banu Öztürk (AURA SONİC OFFİCİAL),0e92663741b2f1294c254067831794e9d8dad3178bf8d97b982480e77d05e3fd,When Both Bows Breathe.mp3,2:57,2026-07-13,2026-08-08,RADIO_ONLY
When the Curtains Breathe,Aura Sonic,Aşkın Öztürk,Aşkın Öztürk,Esin Banu Öztürk,Aşkın Öztürk & Esin Banu Öztürk (AURA SONİC OFFİCİAL),545c44381a32339078a8050da37f9c603c6c5e7adcea8b2dd37db20fd7f83f8a,When the Curtains Breathe.mp3,2:41,2026-07-13,2026-08-08,RADIO_ONLY
When the Plaza Emptied,Aura Sonic,Aşkın Öztürk,Aşkın Öztürk,Esin Banu Öztürk,Aşkın Öztürk & Esin Banu Öztürk (AURA SONİC OFFİCİAL),61ec05fa78662242c6e9eeb2bea75e3a49115e59e6ed154db7bb59ec3cae4bfd,When the Plaza Emptied.mp3,4:39,2026-07-13,2026-08-08,RADIO_ONLY
When the Second Bow Answers,Aura Sonic,Aşkın Öztürk,Aşkın Öztürk,Esin Banu Öztürk,Aşkın Öztürk & Esin Banu Öztürk (AURA SONİC OFFİCİAL),720f7134ac5bc446b2a08b16fc2c0b933ccb1bba1872e2494f36996990fbc8f7,When the Second Bow Answers.mp3,4:00,2026-07-13,2026-08-08,RADIO_ONLY
Where Your Hand Used to Rest,Aura Sonic,Aşkın Öztürk,Aşkın Öztürk,Esin Banu Öztürk,Aşkın Öztürk & Esin Banu Öztürk (AURA SONİC OFFİCİAL),cc6b23faef79b76538e062a9d154b9850d340565a70daefab28d630048ea4dce,Where Your Hand Used to Rest.mp3,3:13,2026-07-13,2026-08-08,RADIO_ONLY
Whispers Between Strings,Aura Sonic,Aşkın Öztürk,Aşkın Öztürk,Esin Banu Öztürk,Aşkın Öztürk & Esin Banu Öztürk (AURA SONİC OFFİCİAL),9a12700f858882054ee0541a35a0d4a8058e15b504143f6c5959da5bebf51529,Whispers Between Strings.mp3,2:58,2026-07-13,2026-08-08,RADIO_ONLY
White Sand Circles,Aura Sonic,Aşkın Öztürk,Aşkın Öztürk,Esin Banu Öztürk,Aşkın Öztürk & Esin Banu Öztürk (AURA SONİC OFFİCİAL),1d97ffb6b4a088f5b7f899dd66d66b2a843334109886aacdcd85e494905be9fc,White Sand Circles.mp3,3:54,2026-07-13,2026-08-08,RADIO_ONLY
White Walls After Dusk,Aura Sonic,Aşkın Öztürk,Aşkın Öztürk,Esin Banu Öztürk,Aşkın Öztürk & Esin Banu Öztürk (AURA SONİC OFFİCİAL),08ce8e8fa3b6aa5c0dfa91e7f1b6865704b013ed5ec761573eb424ab6e709c10,White Walls After Dusk.mp3,3:44,2026-07-13,2026-08-08,RADIO_ONLY
Willow Brook,Aura Sonic,Aşkın Öztürk,Aşkın Öztürk,Esin Banu Öztürk,Aşkın Öztürk & Esin Banu Öztürk (AURA SONİC OFFİCİAL),773ad8c330ee1cf700b0aad0816e7a1ce545443cc88591c3c8044b9477fdcb03,Willow Brook.mp3,3:12,2026-07-13,2026-08-08,RADIO_ONLY
Willow Glen by Firelight,Aura Sonic,Aşkın Öztürk,Aşkın Öztürk,Esin Banu Öztürk,Aşkın Öztürk & Esin Banu Öztürk (AURA SONİC OFFİCİAL),ade0c586f1ff1c4b040922b519c54812d54432c2e1eb9cde0ff3a55b5ffa8f5f,Willow Glen by Firelight.mp3,3:24,2026-07-13,2026-08-08,RADIO_ONLY
Willow Harp in Mist,Aura Sonic,Aşkın Öztürk,Aşkın Öztürk,Esin Banu Öztürk,Aşkın Öztürk & Esin Banu Öztürk (AURA SONİC OFFİCİAL),186450efd5d8b69da40b3cf1393bac73c269244de03f29f678a54af8b7c265fa,Willow Harp in Mist.mp3,3:04,2026-07-13,2026-08-08,RADIO_ONLY
Willow Harp of the North,Aura Sonic,Aşkın Öztürk,Aşkın Öztürk,Esin Banu Öztürk,Aşkın Öztürk & Esin Banu Öztürk (AURA SONİC OFFİCİAL),32c1c076adb6b92ac0d070a67a9155512a68ec2f77b35198824cd24e91bd4b3d,Willow Harp of the North.mp3,3:29,2026-07-13,2026-08-08,RADIO_ONLY
Willow Meadow,Aura Sonic,Aşkın Öztürk,Aşkın Öztürk,Esin Banu Öztürk,Aşkın Öztürk & Esin Banu Öztürk (AURA SONİC OFFİCİAL),e731c8005995250291ad2f9abe797be5ccb6ac4dc3f69f112efa5c1fd98db10c,Willow Meadow.mp3,3:17,2026-07-13,2026-08-08,RADIO_ONLY
Willow Vale in Mist,Aura Sonic,Aşkın Öztürk,Aşkın Öztürk,Esin Banu Öztürk,Aşkın Öztürk & Esin Banu Öztürk (AURA SONİC OFFİCİAL),f63c0804b973c1af382edc5c1ce11859449bc9b1d8300ef4aa39ed7cc31f9c2a,Willow Vale in Mist.mp3,3:23,2026-07-13,2026-08-08,RADIO_ONLY
Window Seat After Midnight,Aura Sonic,Aşkın Öztürk,Aşkın Öztürk,Esin Banu Öztürk,Aşkın Öztürk & Esin Banu Öztürk (AURA SONİC OFFİCİAL),28b857ed49aa5a5e5fd2df4a52fff566f7e51a88890f8802d6cd083774782dec,Window Seat After Midnight.mp3,3:52,2026-07-13,2026-08-08,RADIO_ONLY
Window Seat Notes,Aura Sonic,Aşkın Öztürk,Aşkın Öztürk,Esin Banu Öztürk,Aşkın Öztürk & Esin Banu Öztürk (AURA SONİC OFFİCİAL),19580c04883f1e69c88a504b2b5bbdebe60d95c42a1cebd7d68258d2654ad936,Window Seat Notes.mp3,2:42,2026-07-13,2026-08-08,RADIO_ONLY
Winter Daydream in Orbit,Aura Sonic,Aşkın Öztürk,Aşkın Öztürk,Esin Banu Öztürk,Aşkın Öztürk & Esin Banu Öztürk (AURA SONİC OFFİCİAL),f94d6cc4fff3b950cf7f689509f34e7028efc6dbbf55456db82a381c456d2248,Winter Daydream in Orbit.mp3,3:23,2026-07-13,2026-08-08,RADIO_ONLY
Winter Letters Over Water,Aura Sonic,Aşkın Öztürk,Aşkın Öztürk,Esin Banu Öztürk,Aşkın Öztürk & Esin Banu Öztürk (AURA SONİC OFFİCİAL),fce577710e6f5829bf33982917acbe4b5e77ba3b3df573625af95b32c7b091df,Winter Letters Over Water.mp3,3:27,2026-07-13,2026-08-08,RADIO_ONLY
YASMİNE VEYRA-AS LONG AS WE BREATHE,Aura Sonic,Aşkın Öztürk,Aşkın Öztürk,Esin Banu Öztürk,Aşkın Öztürk & Esin Banu Öztürk (AURA SONİC OFFİCİAL),eb455115494ffb0e98a98c490c3ea4207194550bb26ca7db8cb0c3bf6067fbc1,YASMİNE VEYRA-AS LONG AS WE BREATHE.mp3,3:51,2026-07-11,2026-08-08,RADIO_ONLY
YASMİNE VEYRA-LIGHTS REMEMBER US,Aura Sonic,Aşkın Öztürk,Aşkın Öztürk,Esin Banu Öztürk,Aşkın Öztürk & Esin Banu Öztürk (AURA SONİC OFFİCİAL),47ae97018ab3550fcc4ddc730ea4a8cd10012e753b5221b107e6ed6a502aa16f,YASMİNE VEYRA-LIGHTS REMEMBER US.mp3,3:47,2026-07-11,2026-08-08,RADIO_ONLY
YETER EMEL TAN,Aura Sonic,Aşkın Öztürk,Aşkın Öztürk,Esin Banu Öztürk,Aşkın Öztürk & Esin Banu Öztürk (AURA SONİC OFFİCİAL),28ab253a4e56449a1078f8c86b180cf0591ae3528450c9f46d41f4ceddcaae4c, clean_YETER_EMEL TAN.wav,5:28,2026-07-22,2026-08-08,RADIO_ONLY
YIKTIĞIN EV,Aura Sonic,Aşkın Öztürk,Aşkın Öztürk,Esin Banu Öztürk,Aşkın Öztürk & Esin Banu Öztürk (AURA SONİC OFFİCİAL),cddecaf67091199e8f84d6d947a43721a6cf324ac03d53af2d469f12efe545fc,İREM-YIKTIĞIN EV.wav,4:14,2026-08-11,2026-08-08,RADIO_ONLY
YOUR BOOK STILL OPEN,Aura Sonic,Aşkın Öztürk,Aşkın Öztürk,Esin Banu Öztürk,Aşkın Öztürk & Esin Banu Öztürk (AURA SONİC OFFİCİAL),0c29446f522fc9791e0383a264108154b415eeec42c27dfb7fbbe8274f16f7ac,YOUR BOOK STILL OPEN.wav,3:34,2026-07-13,2026-08-08,RADIO_ONLY
Yasmina Veyra - Que No Se Calle Nada,Aura Sonic,Aşkın Öztürk,Aşkın Öztürk,Esin Banu Öztürk,Aşkın Öztürk & Esin Banu Öztürk (AURA SONİC OFFİCİAL),71e4a5b7e4e220bc65b247a9fdfa5006bef469a6335ebe1d68adbd918ff658e7,Yasmina Veyra - Que No Se Calle Nada.mp3,3:44,2026-07-11,2026-08-08,RADIO_ONLY
Yasmina Veyra - Se Me Rompe El Nombre,Aura Sonic,Aşkın Öztürk,Aşkın Öztürk,Esin Banu Öztürk,Aşkın Öztürk & Esin Banu Öztürk (AURA SONİC OFFİCİAL),84c28b0af203af6784243f9ec95b4d8068f8b805623f433271320d06301acad9,Yasmina Veyra - Se Me Rompe El Nombre.mp3,3:34,2026-07-11,2026-08-08,RADIO_ONLY
You Carried the World with Your Eyes,Aura Sonic,Aşkın Öztürk,Aşkın Öztürk,Esin Banu Öztürk,Aşkın Öztürk & Esin Banu Öztürk (AURA SONİC OFFİCİAL),956fb463d14da45d7f7d51b4a141c9707fa8ce0b45411b3998455a63c18140de,Aura Sonic - You Carried the World with Your Eyes.mp3,3:54,2026-07-11,2026-08-08,RADIO_ONLY
Your Chair Beside the Window,Aura Sonic,Aşkın Öztürk,Aşkın Öztürk,Esin Banu Öztürk,Aşkın Öztürk & Esin Banu Öztürk (AURA SONİC OFFİCİAL),09459fe06cd973e3ab2ae03409641c1607572140c30d4eacc8b4bbd835bc68e1,Your Chair Beside the Window.mp3,2:42,2026-07-13,2026-08-08,RADIO_ONLY
Your Name on the Bow,Aura Sonic,Aşkın Öztürk,Aşkın Öztürk,Esin Banu Öztürk,Aşkın Öztürk & Esin Banu Öztürk (AURA SONİC OFFİCİAL),44b849a5275fc96fb83739d4f717dc1cf568b30cab93a82d5e41433671044dc5,Your Name on the Bow.mp3,3:34,2026-07-13,2026-08-08,RADIO_ONLY
Your Side of the Pillow,Aura Sonic,Aşkın Öztürk,Aşkın Öztürk,Esin Banu Öztürk,Aşkın Öztürk & Esin Banu Öztürk (AURA SONİC OFFİCİAL),6ad2153cd2955785c34ed61e1d41a4923255089fa749979a070e5ac389ec337a,Your Side of the Pillow.mp3,3:12,2026-07-13,2026-08-08,RADIO_ONLY
Yüksek Basınç Yüksek Basınç,Aura Sonic,Aşkın Öztürk,Aşkın Öztürk,Esin Banu Öztürk,Aşkın Öztürk & Esin Banu Öztürk (AURA SONİC OFFİCİAL),970d310ac16ed46a813ab80d0bf8d1aa125eb56187ac0b056d70cb360fca7248, clean_Yüksek Basınç_Yüksek Basınç.wav,3:56,2026-07-22,2026-08-08,RADIO_ONLY
YİNE AKŞAM OLDU,Aura Sonic,Aşkın Öztürk,Aşkın Öztürk,Esin Banu Öztürk,Aşkın Öztürk & Esin Banu Öztürk (AURA SONİC OFFİCİAL),4ebdeca2f1b5353c9b8ec190bb20cddaadcab0b2622835fa5d8183012ac2c421, clean_YİNE AKŞAM OLDU.wav,4:32,2026-06-11,2026-08-08,RADIO_ONLY
ZENO MARWİK-AFTER MIDNIGHT CALL,Aura Sonic,Aşkın Öztürk,Aşkın Öztürk,Esin Banu Öztürk,Aşkın Öztürk & Esin Banu Öztürk (AURA SONİC OFFİCİAL),da7febb224cdfd4da7bd8aada29e8ce08007cfc11a03eaa9ad251d289c693970,ZENO MARWİK-AFTER MIDNIGHT CALL.mp3,3:51,2026-07-11,2026-08-08,RADIO_ONLY
ZENO MARWİK-MAGNETIC,Aura Sonic,Aşkın Öztürk,Aşkın Öztürk,Esin Banu Öztürk,Aşkın Öztürk & Esin Banu Öztürk (AURA SONİC OFFİCİAL),86237f31d75d5e6599ac0f0dc96437461044c8171c0238877c101de338399ce6,ZENO MARWİK-MAGNETIC.mp3,4:03,2026-07-02,2026-08-08,RADIO_ONLY
"ZENO MARWİK-ONE MORE TIME, ALL TOGETHER",Aura Sonic,Aşkın Öztürk,Aşkın Öztürk,Esin Banu Öztürk,Aşkın Öztürk & Esin Banu Öztürk (AURA SONİC OFFİCİAL),c18d8d07f65ab9853e58ddeccc418ad5a405afcc52b151e303904f37289ac215,"ZENO MARWİK-ONE MORE TIME, ALL TOGETHER.mp3",3:47,2026-07-11,2026-08-08,RADIO_ONLY
Zen Petal,Aura Sonic,Aşkın Öztürk,Aşkın Öztürk,Esin Banu Öztürk,Aşkın Öztürk & Esin Banu Öztürk (AURA SONİC OFFİCİAL),c6284f5142d4aeaf04b078aedbd4d4ec626382ff2fc329e7234cd01954c781aa,Zen Petal.mp3,4:14,2026-07-13,2026-08-08,RADIO_ONLY
Zen Petal at Dawn,Aura Sonic,Aşkın Öztürk,Aşkın Öztürk,Esin Banu Öztürk,Aşkın Öztürk & Esin Banu Öztürk (AURA SONİC OFFİCİAL),46978edf13bd27d95be82bf7819ac74743766a5c878786538cd97207e5f3a43a,Zen Petal at Dawn.mp3,3:43,2026-07-13,2026-08-08,RADIO_ONLY
Zeno Marvik - Find Me In The Noise,Aura Sonic,Aşkın Öztürk,Aşkın Öztürk,Esin Banu Öztürk,Aşkın Öztürk & Esin Banu Öztürk (AURA SONİC OFFİCİAL),4c7f8c923694fdb0bdf8f2c52475b4bb29744dca54cf6f931698669ce82ff3e2,Zeno Marvik - Find Me In The Noise.mp3,3:44,2026-07-11,2026-08-08,RADIO_ONLY
Zeno Marvik - Say It Without Words,Aura Sonic,Aşkın Öztürk,Aşkın Öztürk,Esin Banu Öztürk,Aşkın Öztürk & Esin Banu Öztürk (AURA SONİC OFFİCİAL),71f378a1ec4a22e51cfbe1299a7eef4e51eb6d0224ed53a6d5e94641e60a1696,Zeno Marvik - Say It Without Words.mp3,3:19,2026-07-11,2026-08-08,RADIO_ONLY
Zeno Marvik - Stop The Clock Tonight,Aura Sonic,Aşkın Öztürk,Aşkın Öztürk,Esin Banu Öztürk,Aşkın Öztürk & Esin Banu Öztürk (AURA SONİC OFFİCİAL),60177292ec9a0d9cb5f94bc949cad256185aae3e3a26e7bc8ff5b4e41e53233a,Zeno Marvik - Stop The Clock Tonight.mp3,3:39,2026-07-11,2026-08-08,RADIO_ONLY
Zero Gravity Reading Room,Aura Sonic,Aşkın Öztürk,Aşkın Öztürk,Esin Banu Öztürk,Aşkın Öztürk & Esin Banu Öztürk (AURA SONİC OFFİCİAL),4bf1466bcd41b0826802a00e9e2a8dedf5a242fad5953d1f3a1968cf6eb95801,Zero Gravity Reading Room.mp3,4:09,2026-07-13,2026-08-08,RADIO_ONLY
aura sonic production-Hicran Rüzgarı,Aura Sonic,Aşkın Öztürk,Aşkın Öztürk,Esin Banu Öztürk,Aşkın Öztürk & Esin Banu Öztürk (AURA SONİC OFFİCİAL),d9d42a9862fac386fb2e05a7780e6a60ef9a87513efdd4913faa0d27fecccc89, clean_aura sonic production-Hicran Rüzgarı.mp3,3:37,2026-07-22,2026-08-08,RADIO_ONLY
c Bağlamam Susturuldu,Aura Sonic,Aşkın Öztürk,Aşkın Öztürk,Esin Banu Öztürk,Aşkın Öztürk & Esin Banu Öztürk (AURA SONİC OFFİCİAL),c1d7a799faf0219cb394d34c495aeda9e27953c505bbc962cba2cc19f86d2ccf, clean_c_Bağlamam Susturuldu.wav,5:39,2026-06-06,2026-08-08,RADIO_ONLY
canım istanbulda kaldı,Aura Sonic,Aşkın Öztürk,Aşkın Öztürk,Esin Banu Öztürk,Aşkın Öztürk & Esin Banu Öztürk (AURA SONİC OFFİCİAL),3557be9585c2bb9095e71f796f1b563b227e1cec1c657e49a388c8cadda9a68f, clean_canım istanbulda kaldı.wav,3:19,2026-06-11,2026-08-08,RADIO_ONLY
dark angel-Sam Aleyn,Aura Sonic,Aşkın Öztürk,Aşkın Öztürk,Esin Banu Öztürk,Aşkın Öztürk & Esin Banu Öztürk (AURA SONİC OFFİCİAL),dfa187a053dbb98bf14b9be933859bceb13d2bf78fe3e70ef2753371a034ba29, clean_dark angel-Sam Aleyn.mp3,3:28,2026-07-28,2026-08-08,RADIO_ONLY
n Aşkın Öztürk – Bir Gece Daha Kal,Aura Sonic,Aşkın Öztürk,Aşkın Öztürk,Esin Banu Öztürk,Aşkın Öztürk & Esin Banu Öztürk (AURA SONİC OFFİCİAL),071c71e437d91b25ee45099a156c8672a32a66386d7ab2e6946399288f3ddeba,n_Aşkın Öztürk – Bir Gece Daha Kal.wav,4:31,2026-05-30,2026-08-08,RADIO_ONLY
sen benden giderken (Instrumental),Aura Sonic,Aşkın Öztürk,Aşkın Öztürk,Esin Banu Öztürk,Aşkın Öztürk & Esin Banu Öztürk (AURA SONİC OFFİCİAL),831795c18a397fa2415e9a2a800d657ca9632a43e074536c7cb2792243644fc1,sen benden giderken (Instrumental).wav,5:55,2026-06-04,2026-08-08,RADIO_ONLY
sen benden giderken final,Aura Sonic,Aşkın Öztürk,Aşkın Öztürk,Esin Banu Öztürk,Aşkın Öztürk & Esin Banu Öztürk (AURA SONİC OFFİCİAL),96dab42317005a3f6d0fbf35e0014bcaebd627fb334996908d9961ad5f91d568,sen_benden_giderken_final.wav,5:55,2026-06-04,2026-08-08,RADIO_ONLY
son şarkımız,Aura Sonic,Aşkın Öztürk,Aşkın Öztürk,Esin Banu Öztürk,Aşkın Öztürk & Esin Banu Öztürk (AURA SONİC OFFİCİAL),08645320a720dbca52c90f3d791647b88aed254febbb2c5b1628661a4256cfa0, clean_son şarkımız.wav,5:15,2026-05-30,2026-08-08,RADIO_ONLY
unuttu beni,Aura Sonic,Aşkın Öztürk,Aşkın Öztürk,Esin Banu Öztürk,Aşkın Öztürk & Esin Banu Öztürk (AURA SONİC OFFİCİAL),1af0d44892211f8f2dd35783f1fd4f9aefb84b49a741649246f59b9fa321c393, clean_unuttu beni.wav,6:53,2026-05-30,2026-08-08,RADIO_ONLY
you were my love3,Aura Sonic,Aşkın Öztürk,Aşkın Öztürk,Esin Banu Öztürk,Aşkın Öztürk & Esin Banu Öztürk (AURA SONİC OFFİCİAL),e32b6053663c407de54de0bd0a51852436997f7f5c114c43dd7ba2ddb58250e4, clean_you were my love3.wav,4:18,2026-05-30,2026-08-08,RADIO_ONLY
you were my love7,Aura Sonic,Aşkın Öztürk,Aşkın Öztürk,Esin Banu Öztürk,Aşkın Öztürk & Esin Banu Öztürk (AURA SONİC OFFİCİAL),e73a47f82178b0bd292cf9f2ea8161746231510255c028232fa878d21c7c60f3, clean_you were my love7.wav,4:18,2026-05-30,2026-08-08,RADIO_ONLY
ÇEVRİMİÇİ - AMA BANA DEĞİL,Aura Sonic,Aşkın Öztürk,Aşkın Öztürk,Esin Banu Öztürk,Aşkın Öztürk & Esin Banu Öztürk (AURA SONİC OFFİCİAL),68ed9b3e761ea97e31ecca33b20a927684b6b78b05ee3ebfa55f03ddd8a38b40,ÇEVRİMİÇİ - AMA BANA DEĞİL.wav,3:47,2026-05-30,2026-08-08,RADIO_ONLY
ÖLMEKTEN VAZGEÇTİM,Aura Sonic,Aşkın Öztürk,Aşkın Öztürk,Esin Banu Öztürk,Aşkın Öztürk & Esin Banu Öztürk (AURA SONİC OFFİCİAL),0506520b486b4a3b4c2e901585b89e52e1427a6c6c9d3dc1c14a8292997c51a5,ÖLMEKTEN VAZGEÇTİM.wav,5:11,2026-05-30,2026-08-08,RADIO_ONLY
ÖLMEKTEN VAZGEÇTİM-İrem Sezin,Aura Sonic,Aşkın Öztürk,Aşkın Öztürk,Esin Banu Öztürk,Aşkın Öztürk & Esin Banu Öztürk (AURA SONİC OFFİCİAL),1cb4f0f653537d6ba5ece6f347016f7eea9bdacdbbbda398d277c64d5e0e7d03, clean_ÖLMEKTEN VAZGEÇTİM-İrem Sezin.mp3,5:11,2026-07-28,2026-08-08,RADIO_ONLY
ÖMÜR TÖRPÜSÜ,Aura Sonic,Aşkın Öztürk,Aşkın Öztürk,Esin Banu Öztürk,Aşkın Öztürk & Esin Banu Öztürk (AURA SONİC OFFİCİAL),52118e826d49895021ff99299e1660dd1834bff7e9dd8f6410a78846073e76e5, clean_ÖMÜR TÖRPÜSÜ.wav,3:21,2026-06-11,2026-08-08,RADIO_ONLY
İBRAHİM MADAK,Aura Sonic,Aşkın Öztürk,Aşkın Öztürk,Esin Banu Öztürk,Aşkın Öztürk & Esin Banu Öztürk (AURA SONİC OFFİCİAL),993731b34462450cc1518b3ec05fb61be1ed2e1ce0bd61189b130246d0f05c81,İBRAHİM_MADAK.wav,4:27,2026-09-04,2026-09-05,RADIO_ONLY
İBRAHİM MADAK-Kıyamadım,Aura Sonic,Aşkın Öztürk,Aşkın Öztürk,Esin Banu Öztürk,Aşkın Öztürk & Esin Banu Öztürk (AURA SONİC OFFİCİAL),58d50bd3cef5f1770aae3bbce661fbc37cc1edf9bb6c4fc22f0c31984a4b5e22, clean_İBRAHİM_MADAK-Kıyamadım.wav,2:53,2026-09-05,2026-09-05,RADIO_ONLY
İREM-AYNA,Aura Sonic,Aşkın Öztürk,Aşkın Öztürk,Esin Banu Öztürk,Aşkın Öztürk & Esin Banu Öztürk (AURA SONİC OFFİCİAL),5005b0f45af26e6f0b749157e4ce5ee4f9cc948547620ebe3cc02ebc61edaa32, clean_İREM-AYNA.wav,4:04,2026-06-11,2026-08-08,RADIO_ONLY
İREM-CAMDAKİ İZ,Aura Sonic,Aşkın Öztürk,Aşkın Öztürk,Esin Banu Öztürk,Aşkın Öztürk & Esin Banu Öztürk (AURA SONİC OFFİCİAL),e3802d5cf0b88dbf3bc3fc60f5b48e5b4e0911263ba5be05685e9498a10414f4, clean_İREM-CAMDAKİ İZ.wav,4:33,2026-06-11,2026-08-08,RADIO_ONLY
İREM-KALAN BEN,Aura Sonic,Aşkın Öztürk,Aşkın Öztürk,Esin Banu Öztürk,Aşkın Öztürk & Esin Banu Öztürk (AURA SONİC OFFİCİAL),2fd6d1d75eed9036d79e8c20bc99d91b6276d79217fa74bf540769bef98c2dba, clean_İREM-KALAN BEN.wav,4:24,2026-06-11,2026-08-08,RADIO_ONLY
İREM-KENDİME DÖNDÜM,Aura Sonic,Aşkın Öztürk,Aşkın Öztürk,Esin Banu Öztürk,Aşkın Öztürk & Esin Banu Öztürk (AURA SONİC OFFİCİAL),51bf3c477ba2b85849e4d22ad6a4274efa2e06b300fd70c542a81c13f2e2c2c3, clean_İREM-KENDİME DÖNDÜM.wav,4:23,2026-06-11,2026-08-08,RADIO_ONLY
İREM-KENDİME KALAN,Aura Sonic,Aşkın Öztürk,Aşkın Öztürk,Esin Banu Öztürk,Aşkın Öztürk & Esin Banu Öztürk (AURA SONİC OFFİCİAL),ad408ce666458668d38bcc6fbe610cc6ef22136442afa0d2053656347615227e, clean_İREM-KENDİME KALAN.wav,4:39,2026-06-11,2026-08-08,RADIO_ONLY
İREM-SON MEKTUP,Aura Sonic,Aşkın Öztürk,Aşkın Öztürk,Esin Banu Öztürk,Aşkın Öztürk & Esin Banu Öztürk (AURA SONİC OFFİCİAL),ac79e21697026b90d9bfb866c8d4e366f9924dae1fe5f4100a64906aa6b4b658, clean_İREM-SON MEKTUP.wav,7:59,2026-06-11,2026-08-08,RADIO_ONLY
İREM-SONUNDA BAHAR,Aura Sonic,Aşkın Öztürk,Aşkın Öztürk,Esin Banu Öztürk,Aşkın Öztürk & Esin Banu Öztürk (AURA SONİC OFFİCİAL),d518469b09d0d35d749beeb84c7de75ffd7ea4fae5627ecc428eae5aba57e3d0, clean_İREM-SONUNDA BAHAR.wav,4:28,2026-06-11,2026-08-08,RADIO_ONLY
İREM-YIKTIĞIN EV,Aura Sonic,Aşkın Öztürk,Aşkın Öztürk,Esin Banu Öztürk,Aşkın Öztürk & Esin Banu Öztürk (AURA SONİC OFFİCİAL),fc3dfd8dc3bc1657433260c65c8fe15dd77f260e07ac2d3a1b0e66474b7f6141, clean_İREM-YIKTIĞIN EV.wav,4:14,2026-06-11,2026-08-08,RADIO_ONLY
İremSezin-SANA BIRAKTIM IŞIKLARI,Aura Sonic,Aşkın Öztürk,Aşkın Öztürk,Esin Banu Öztürk,Aşkın Öztürk & Esin Banu Öztürk (AURA SONİC OFFİCİAL),6463bf8d82a4596c1dc0a67e347f18b75e67fe9a0ba0adc0286dd2a64c2bc64a,İremSezin-SANA BIRAKTIM IŞIKLARI.mp3,4:54,2026-07-20,2026-08-08,RADIO_ONLY
Adını Sildim,Aşkın Öztürk,Aşkın Öztürk,Aşkın Öztürk,Esin Banu Öztürk,Aşkın Öztürk & Esin Banu Öztürk (AURA SONİC OFFİCİAL),175a8f5be4d78abcf9a2cc850be094204b2d814f4513199162d85702e0197870,AŞKIN-Adını Sildim.wav,4:14,2026-06-11,2026-08-08,RADIO_ONLY
Ah Güllü,Aşkın Öztürk,Aşkın Öztürk,Aşkın Öztürk,Esin Banu Öztürk,Aşkın Öztürk & Esin Banu Öztürk (AURA SONİC OFFİCİAL),35264133463853333f3a4f2997fc05778e8f82aba90afb9441ac76964e9fee08,GÜLLÜNÜN ANISINA - Ah Güllü.mp3,5:16,2026-07-18,2026-08-08,RADIO_ONLY
AŞKIN ÖZTÜRK — GECİKTİN,Aşkın Öztürk,Aşkın Öztürk,Aşkın Öztürk,Esin Banu Öztürk,Aşkın Öztürk & Esin Banu Öztürk (AURA SONİC OFFİCİAL),c28b2daf43ce6a40a23056da43c5c06fcd9b5c1bbde857dfc33f92c4036f0a5b, clean_AŞKIN ÖZTÜRK — GECİKTİN.wav,3:04,2026-09-05,2026-09-05,RADIO_ONLY
AŞKIN ÖZTÜRK — GURBETİN İÇİNDE,Aşkın Öztürk,Aşkın Öztürk,Aşkın Öztürk,Esin Banu Öztürk,Aşkın Öztürk & Esin Banu Öztürk (AURA SONİC OFFİCİAL),c8c91c75a5ccba5da1115661d1256a0b9e25b0da05cbedf55cc847345ed06dc5, clean_AŞKIN ÖZTÜRK — GURBETİN İÇİNDE.wav,2:45,2026-09-05,2026-09-05,RADIO_ONLY
AŞKIN ÖZTÜRK — “KİME SAKLADIN BENİ”,Aşkın Öztürk,Aşkın Öztürk,Aşkın Öztürk,Esin Banu Öztürk,Aşkın Öztürk & Esin Banu Öztürk (AURA SONİC OFFİCİAL),2942e6b759bf704f9d49814e0e00b07c191b87b5e836a06b59a36faffeadb86f,clean_AŞKIN ÖZTÜRK — “KİME SAKLADIN BENİ”.mp3,5:13,2026-06-21,2026-08-08,RADIO_ONLY
AŞKIN ÖZTÜRK- SESSİZLİK İLANI,Aşkın Öztürk,Aşkın Öztürk,Aşkın Öztürk,Esin Banu Öztürk,Aşkın Öztürk & Esin Banu Öztürk (AURA SONİC OFFİCİAL),8ae9023313f0bd42256083274a3edeeda490f873a4683a58a709279316e5445e, clean_AŞKIN ÖZTÜRK-_SESSİZLİK İLANI_.wav,4:28,2026-05-30,2026-08-08,RADIO_ONLY
AŞKIN ÖZTÜRK-MÜHÜR,Aşkın Öztürk,Aşkın Öztürk,Aşkın Öztürk,Esin Banu Öztürk,Aşkın Öztürk & Esin Banu Öztürk (AURA SONİC OFFİCİAL),629b5938d9ef1a774d635e26c3e5a661db896b47355e68d7ab61fc462cb15fd0, clean_AŞKIN ÖZTÜRK-MÜHÜR.wav,3:30,2026-05-30,2026-08-08,RADIO_ONLY
AŞKIN ÖZTÜRK-MÜHÜR türkce,Aşkın Öztürk,Aşkın Öztürk,Aşkın Öztürk,Esin Banu Öztürk,Aşkın Öztürk & Esin Banu Öztürk (AURA SONİC OFFİCİAL),64544fa1c0d777714ddb87230a04ca2e779572ff634bde958d78506a2fec9a41, clean_AŞKIN ÖZTÜRK-MÜHÜR türkce(1).wav,3:30,2026-05-30,2026-08-08,RADIO_ONLY
AŞKIN ÖZTÜRK—LIGHT THE SKY - lyrics,Aşkın Öztürk,Aşkın Öztürk,Aşkın Öztürk,Esin Banu Öztürk,Aşkın Öztürk & Esin Banu Öztürk (AURA SONİC OFFİCİAL),d843b0af6c6d006ca95dd88feb6af259bf79b804409313e11aa3372871de4d78,AŞKIN-AŞKIN ÖZTÜRK—LIGHT THE SKY - lyrics.wav,3:47,2026-07-27,2026-08-08,RADIO_ONLY
AŞKIN-Adını Sildim,Aşkın Öztürk,Aşkın Öztürk,Aşkın Öztürk,Esin Banu Öztürk,Aşkın Öztürk & Esin Banu Öztürk (AURA SONİC OFFİCİAL),43e063e5d7cd8fdb74c05000fef8a19b0d5177433101852f9cc5c2731154daa7, clean_AŞKIN-Adını Sildim.wav,4:14,2026-06-11,2026-08-08,RADIO_ONLY
AŞKIN-BAYRAM YERİ,Aşkın Öztürk,Aşkın Öztürk,Aşkın Öztürk,Esin Banu Öztürk,Aşkın Öztürk & Esin Banu Öztürk (AURA SONİC OFFİCİAL),bc9610495f0db49a6514b28238f1a55ef072a731376c068052a4fa012f8391e8, clean_AŞKIN-BAYRAM YERİ.wav,4:53,2026-06-11,2026-08-08,RADIO_ONLY
AŞKIN-ESKİ İSTASYON,Aşkın Öztürk,Aşkın Öztürk,Aşkın Öztürk,Esin Banu Öztürk,Aşkın Öztürk & Esin Banu Öztürk (AURA SONİC OFFİCİAL),009aaf07b2c823679387cecc0c891e8be1064ffb5fcf58f93a15f0ed3f829d6f, clean_AŞKIN-ESKİ İSTASYON.wav,4:44,2026-06-11,2026-08-08,RADIO_ONLY
AŞKIN-FERİBOT,Aşkın Öztürk,Aşkın Öztürk,Aşkın Öztürk,Esin Banu Öztürk,Aşkın Öztürk & Esin Banu Öztürk (AURA SONİC OFFİCİAL),53113fe7828b3dc2d2fb7c8d663d7cb129d173d41dd1b5d9413e032274b126f3, clean_AŞKIN-FERİBOT.wav,4:14,2026-06-11,2026-08-08,RADIO_ONLY
Aşkın Öztürk – Bir Gece Daha Kal,Aşkın Öztürk,Aşkın Öztürk,Aşkın Öztürk,Esin Banu Öztürk,Aşkın Öztürk & Esin Banu Öztürk (AURA SONİC OFFİCİAL),b97ea2894bd84159b4662fe385d6fa9aeb103410d9ea572cc888aed334792cd5,AŞKIN-Aşkın Öztürk – Bir Gece Daha Kal.wav,4:31,2026-05-11,2026-08-31,RADIO_ONLY
Aşkın Öztürk – Dön Artık Yar,Aşkın Öztürk,Aşkın Öztürk,Aşkın Öztürk,Esin Banu Öztürk,Aşkın Öztürk & Esin Banu Öztürk (AURA SONİC OFFİCİAL),50e1490ea28c14a1956b86e2ab48af4841388013ddf66f89a05da6a1468a0aaf, clean_Aşkın Öztürk – Dön Artık Yar.wav,4:07,2026-05-30,2026-08-08,RADIO_ONLY
Aşkın Öztürk — YASAK DEDİLER,Aşkın Öztürk,Aşkın Öztürk,Aşkın Öztürk,Esin Banu Öztürk,Aşkın Öztürk & Esin Banu Öztürk (AURA SONİC OFFİCİAL),e6eeff8996be730a9ce98a604530866392e4ecff688bd6ac2c1e0de7437d6f4d, clean_Aşkın Öztürk — YASAK DEDİLER.wav,3:32,2026-09-05,2026-09-05,RADIO_ONLY
Aşkın Öztürk —DAR GüN,Aşkın Öztürk,Aşkın Öztürk,Aşkın Öztürk,Esin Banu Öztürk,Aşkın Öztürk & Esin Banu Öztürk (AURA SONİC OFFİCİAL),4e3abeb9c776102962a8f29af9e4be79ebe0c1a4ab6f2930768b3a5be178bc7b, clean_Aşkın Öztürk —DAR GüN.wav,3:33,2026-09-05,2026-09-05,RADIO_ONLY
Aşkın Öztürk —DÖNÜP DURUR,Aşkın Öztürk,Aşkın Öztürk,Aşkın Öztürk,Esin Banu Öztürk,Aşkın Öztürk & Esin Banu Öztürk (AURA SONİC OFFİCİAL),e344d3e02e7cb4898a71e17a1a706cf0cfd2819bd36e9e877d79a3a8d8e3004a, clean_Aşkın Öztürk —DÖNÜP DURUR.wav,4:09,2026-09-05,2026-09-05,RADIO_ONLY
Aşkın Öztürk- EVERY YEAR YOU CAN,Aşkın Öztürk,Aşkın Öztürk,Aşkın Öztürk,Esin Banu Öztürk,Aşkın Öztürk & Esin Banu Öztürk (AURA SONİC OFFİCİAL),09d742870b99a76c102c648eabe9e2ff74314695983a6b736538d66674e6574c, clean_Aşkın Öztürk- EVERY YEAR YOU CAN.mp3,3:44,2026-08-08,2026-08-08,RADIO_ONLY
Aşkın Öztürk- LEARN YOU AGAIN,Aşkın Öztürk,Aşkın Öztürk,Aşkın Öztürk,Esin Banu Öztürk,Aşkın Öztürk & Esin Banu Öztürk (AURA SONİC OFFİCİAL),f808c698b52b07188e4e309b296149d6e6c44a18392aabd07cc656b9a020a716, clean_Aşkın Öztürk- LEARN YOU AGAIN.mp3,3:59,2026-08-08,2026-08-08,RADIO_ONLY
Aşkın Öztürk-AYNI AYIN ALTINDA,Aşkın Öztürk,Aşkın Öztürk,Aşkın Öztürk,Esin Banu Öztürk,Aşkın Öztürk & Esin Banu Öztürk (AURA SONİC OFFİCİAL),4ab9e4e9d407f257ba7e2fde38ea9aedec290a40e802bb89d32cb82504176eb7, clean_Aşkın Öztürk-AYNI AYIN ALTINDA.mp3,4:22,2026-08-07,2026-08-08,RADIO_ONLY
Aşkın Öztürk-Adını Sildim,Aşkın Öztürk,Aşkın Öztürk,Aşkın Öztürk,Esin Banu Öztürk,Aşkın Öztürk & Esin Banu Öztürk (AURA SONİC OFFİCİAL),7a2c4c0e8aeadb4f304c85c2e0fa96ad53330c3e5054535e7a16efd4e9605a3a, clean_Aşkın Öztürk-Adını Sildim.mp3,4:14,2026-08-07,2026-08-08,RADIO_ONLY
Aşkın Öztürk-BAYRAM YERİ,Aşkın Öztürk,Aşkın Öztürk,Aşkın Öztürk,Esin Banu Öztürk,Aşkın Öztürk & Esin Banu Öztürk (AURA SONİC OFFİCİAL),e653c92182348ee628252b36b39311fb4b55960e51b77831dff750900a791148, clean_Aşkın Öztürk-BAYRAM YERİ.mp3,4:53,2026-08-07,2026-08-08,RADIO_ONLY
Aşkın Öztürk-ESKİ İSTASYON,Aşkın Öztürk,Aşkın Öztürk,Aşkın Öztürk,Esin Banu Öztürk,Aşkın Öztürk & Esin Banu Öztürk (AURA SONİC OFFİCİAL),3903f38ae02205049d0c178d0e2f8548ef2a586cfbf61e890a8544b11ba82f96, clean_Aşkın Öztürk-ESKİ İSTASYON.mp3,4:44,2026-08-07,2026-08-08,RADIO_ONLY
Aşkın Öztürk-FERİBOT,Aşkın Öztürk,Aşkın Öztürk,Aşkın Öztürk,Esin Banu Öztürk,Aşkın Öztürk & Esin Banu Öztürk (AURA SONİC OFFİCİAL),1aecd5ee6c8413ec8a0a158105bcd4b8ac4acd9932cea7f44067422991371cf4, clean_Aşkın Öztürk-FERİBOT.mp3,4:14,2026-08-07,2026-08-08,RADIO_ONLY
Aşkın Öztürk-HAFİFLEDİM,Aşkın Öztürk,Aşkın Öztürk,Aşkın Öztürk,Esin Banu Öztürk,Aşkın Öztürk & Esin Banu Öztürk (AURA SONİC OFFİCİAL),8cbcb2acf2fb1cc34694461afec6d82af69b8d6a9d32a9e5a9a04641575e26b6, clean_Aşkın Öztürk-HAFİFLEDİM.mp3,4:03,2026-08-07,2026-08-08,RADIO_ONLY
Aşkın Öztürk-KIRMIZI GECE,Aşkın Öztürk,Aşkın Öztürk,Aşkın Öztürk,Esin Banu Öztürk,Aşkın Öztürk & Esin Banu Öztürk (AURA SONİC OFFİCİAL),0bb598febd44bfca67352605cb3bc21038744c151a5f8b445cbd1114a6a229f6, clean_Aşkın Öztürk-KIRMIZI GECE.mp3,4:19,2026-08-07,2026-08-08,RADIO_ONLY
Aşkın Öztürk-KÜLÜMDEN DÖNDÜM,Aşkın Öztürk,Aşkın Öztürk,Aşkın Öztürk,Esin Banu Öztürk,Aşkın Öztürk & Esin Banu Öztürk (AURA SONİC OFFİCİAL),f26c6806a92ccebf88f0a695273ee2ad36ea159cb08467c727aeb7ae53897cfe, clean_Aşkın Öztürk-KÜLÜMDEN DÖNDÜM.mp3,4:03,2026-08-07,2026-08-08,RADIO_ONLY
Aşkın Öztürk-NO REPLY NEEDED,Aşkın Öztürk,Aşkın Öztürk,Aşkın Öztürk,Esin Banu Öztürk,Aşkın Öztürk & Esin Banu Öztürk (AURA SONİC OFFİCİAL),7185835f2205014c313e9e6fa8696fb2b60f9cd9d41fcb4c6d15150befbdf791, clean_Aşkın Öztürk-NO REPLY NEEDED.mp3,5:24,2026-08-08,2026-08-08,RADIO_ONLY
Aşkın Öztürk-PRIDE SPOKE FIRST,Aşkın Öztürk,Aşkın Öztürk,Aşkın Öztürk,Esin Banu Öztürk,Aşkın Öztürk & Esin Banu Öztürk (AURA SONİC OFFİCİAL),5d477c57d6f65eff5084fdab98cd259c7556e4390465170ff2646865f597b40a, clean_Aşkın Öztürk-PRIDE SPOKE FIRST.mp3,3:32,2026-08-08,2026-08-08,RADIO_ONLY
Aşkın Öztürk-SALT AND HONEY,Aşkın Öztürk,Aşkın Öztürk,Aşkın Öztürk,Esin Banu Öztürk,Aşkın Öztürk & Esin Banu Öztürk (AURA SONİC OFFİCİAL),36a1413ab2ee5504391130d3cf898b81862324a9f1224b6b853f51753e851cd9, clean_Aşkın Öztürk-SALT AND HONEY.mp3,3:34,2026-08-08,2026-08-08,RADIO_ONLY
Aşkın Öztürk-STAYING ISNT ALWAYS LOVE,Aşkın Öztürk,Aşkın Öztürk,Aşkın Öztürk,Esin Banu Öztürk,Aşkın Öztürk & Esin Banu Öztürk (AURA SONİC OFFİCİAL),00d343d18f7d8a1396d946a4e37b966bc2eda8510ff8f36184a95dc0d7bd3208, clean_Aşkın Öztürk-STAYING ISNT ALWAYS LOVE.mp3,3:44,2026-08-08,2026-08-08,RADIO_ONLY
BAYRAM YERİ,Aşkın Öztürk,Aşkın Öztürk,Aşkın Öztürk,Esin Banu Öztürk,Aşkın Öztürk & Esin Banu Öztürk (AURA SONİC OFFİCİAL),5155499e8df8b788c95b743b74d1b471ba76f4b4f6fefaa8a27a3719605a3a90,AŞKIN-BAYRAM YERİ.wav,4:53,2026-06-11,2026-08-08,RADIO_ONLY
BAĞLAMAM SUSTURULDU,Aşkın Öztürk,Aşkın Öztürk,Aşkın Öztürk,Esin Banu Öztürk,Aşkın Öztürk & Esin Banu Öztürk (AURA SONİC OFFİCİAL),ce5d7e092fe735e4fc5b057f80f95fa2fe795d6211d7478d451004b0786c878c,sarki.wav,5:39,2026-06-12,2026-08-08,RADIO_ONLY
BENİ BANA BIRAK,Aşkın Öztürk,Aşkın Öztürk,Aşkın Öztürk,Esin Banu Öztürk,Aşkın Öztürk & Esin Banu Öztürk (AURA SONİC OFFİCİAL),f843c3e7a161aa55aec709b064638a1dfba056cab5c7ed34073b287630aeea75,AŞKIN ÖZTÜRK — BENİ BANA BIRAK.wav,3:43,2026-09-14,2026-09-14,RADIO_ONLY
BENİM GİBİ YAN,Aşkın Öztürk,Aşkın Öztürk,Aşkın Öztürk,Esin Banu Öztürk,Aşkın Öztürk & Esin Banu Öztürk (AURA SONİC OFFİCİAL),30921a6caad97fe16c831d42e5b37e81b1c18dd8917e2bd366f559928e6973c9,sarki.wav,5:50,2026-06-12,2026-08-08,RADIO_ONLY
BUGÜN BENİ SORMA,Aşkın Öztürk,Aşkın Öztürk,Aşkın Öztürk,Esin Banu Öztürk,Aşkın Öztürk & Esin Banu Öztürk (AURA SONİC OFFİCİAL),01386ab7a75684f438116d7de5a683da91fd6206adb8be8339d74bc3109676a5,AŞKIN ÖZTÜRK — BUGÜN BENİ SORMA.wav,3:42,2026-09-14,2026-09-14,RADIO_ONLY
Bir Gece Daha Kal,Aşkın Öztürk,Aşkın Öztürk,Aşkın Öztürk,Esin Banu Öztürk,Aşkın Öztürk & Esin Banu Öztürk (AURA SONİC OFFİCİAL),1ef4edc40d4a523037e24113ef17b4963ec2aced30c8c3d2e8040e3fa76ece5a,sarki.wav,4:31,2026-06-12,2026-08-08,RADIO_ONLY
BÖYLE GELMEDİM DÜNYAYA,Aşkın Öztürk,Aşkın Öztürk,Aşkın Öztürk,Esin Banu Öztürk,Aşkın Öztürk & Esin Banu Öztürk (AURA SONİC OFFİCİAL),aafd7816580efe59cfadd76b1cd0ce683b98fa88d842ee0f3b5a21a07b13830d,AŞKIN ÖZTÜRK — BÖYLE GELMEDİM DÜNYAYA.wav,3:34,2026-09-14,2026-09-14,RADIO_ONLY
BİR DE BENDEN DİNLE,Aşkın Öztürk,Aşkın Öztürk,Aşkın Öztürk,Esin Banu Öztürk,Aşkın Öztürk & Esin Banu Öztürk (AURA SONİC OFFİCİAL),250919071b7ce73feb8ec2fd922ac4d4ccd0bab4d4a845afc28ec4cd86fa235e,AŞKIN ÖZTÜRK — BİR DE BENDEN DİNLE.wav,3:00,2026-09-14,2026-09-14,RADIO_ONLY
BİR EKSİK SAY BENİ,Aşkın Öztürk,Aşkın Öztürk,Aşkın Öztürk,Esin Banu Öztürk,Aşkın Öztürk & Esin Banu Öztürk (AURA SONİC OFFİCİAL),30eabd2923b70a997fb188d13b668d87454317ae948d66d56a52751bbf7c37ab,AŞKIN ÖZTÜRK — BİR EKSİK SAY BENİ.wav,3:04,2026-09-14,2026-09-14,RADIO_ONLY
CARELESS WITH US,Aşkın Öztürk,Aşkın Öztürk,Aşkın Öztürk,Esin Banu Öztürk,Aşkın Öztürk & Esin Banu Öztürk (AURA SONİC OFFİCİAL),bb8d2da0ce8fae93ed6d964f97432ee95f608f2c8dd58b4e9de4cc6ba4f43c8a, clean_21-08-26-Aşkın Öztürk -CARELESS WITH US.mp3,4:24,2026-08-30,2026-08-31,RADIO_ONLY
Canın Sağ Olsun Diyemem,Aşkın Öztürk,Aşkın Öztürk,Aşkın Öztürk,Esin Banu Öztürk,Aşkın Öztürk & Esin Banu Öztürk (AURA SONİC OFFİCİAL),4d90cefc131e79330046d8e91c3b3bccc0b11decb2385fe817d48bffac30172a,sarki.wav,5:38,2026-06-12,2026-08-08,RADIO_ONLY
DUSTY MIRRORS,Aşkın Öztürk,Aşkın Öztürk,Aşkın Öztürk,Esin Banu Öztürk,Aşkın Öztürk & Esin Banu Öztürk (AURA SONİC OFFİCİAL),b348ba7fc8105b8b37a77594cffa64f2c7447d99f2988e01036a36314bc7d5b4,sarki.wav,4:48,2026-06-12,2026-08-08,RADIO_ONLY
DÖNME ARTIK,Aşkın Öztürk,Aşkın Öztürk,Aşkın Öztürk,Esin Banu Öztürk,Aşkın Öztürk & Esin Banu Öztürk (AURA SONİC OFFİCİAL),ffd1e182467362b296acf7d38590ad50167c69e317706c7dd943cfcc365743b8,sarki.wav,4:39,2026-06-12,2026-08-08,RADIO_ONLY
Dön Artık Yar,Aşkın Öztürk,Aşkın Öztürk,Aşkın Öztürk,Esin Banu Öztürk,Aşkın Öztürk & Esin Banu Öztürk (AURA SONİC OFFİCİAL),f919e1f4b1347fa54d9422271e287bee804e2168c706fa4f61a9ab9f1527c4a0,sarki.wav,4:07,2026-06-12,2026-08-08,RADIO_ONLY
ESKİ İSTASYON,Aşkın Öztürk,Aşkın Öztürk,Aşkın Öztürk,Esin Banu Öztürk,Aşkın Öztürk & Esin Banu Öztürk (AURA SONİC OFFİCİAL),8a204cd26e744c74409d65f370326e14fd65ea29d6c49d9171e2039a93d38dec,AŞKIN-ESKİ İSTASYON.wav,4:44,2026-06-11,2026-08-08,RADIO_ONLY
EV KAPANMADI,Aşkın Öztürk,Aşkın Öztürk,Aşkın Öztürk,Esin Banu Öztürk,Aşkın Öztürk & Esin Banu Öztürk (AURA SONİC OFFİCİAL),6816f0459ba803d101fa941393efe0f480b2aa75f88e3a5460e6e2fb5f48e558,sarki.wav,4:50,2026-05-30,2026-08-08,RADIO_ONLY
GURBET YOLU,Aşkın Öztürk,Aşkın Öztürk,Aşkın Öztürk,Esin Banu Öztürk,Aşkın Öztürk & Esin Banu Öztürk (AURA SONİC OFFİCİAL),7ec6943f5461eb3974422d28f6d6e3ac9aed92e5358a3e0d024a902d76d34527,sarki.wav,4:56,2026-06-12,2026-08-08,RADIO_ONLY
I LOVED YOU NOT WELL,Aşkın Öztürk,Aşkın Öztürk,Aşkın Öztürk,Esin Banu Öztürk,Aşkın Öztürk & Esin Banu Öztürk (AURA SONİC OFFİCİAL),9f85f66e7fb20330a68ee325467e1f46a99313cedc3bae40ff383bb0694834ea, clean_15-08-26-Aşkın Öztürk -I LOVED YOU NOT WELL.mp3,4:18,2026-08-30,2026-08-31,RADIO_ONLY
IF MEMORY GOES FIRST,Aşkın Öztürk,Aşkın Öztürk,Aşkın Öztürk,Esin Banu Öztürk,Aşkın Öztürk & Esin Banu Öztürk (AURA SONİC OFFİCİAL),a2a109d9d9301aba45befb536bebf027e4e2fc9d0ff4f22ec95f58c2f62b7ee8, clean_21-08-26-Aşkın Öztürk -IF MEMORY GOES FIRST.mp3,3:54,2026-08-30,2026-08-31,RADIO_ONLY
KAPIMDA SABAH,Aşkın Öztürk,Aşkın Öztürk,Aşkın Öztürk,Esin Banu Öztürk,Aşkın Öztürk & Esin Banu Öztürk (AURA SONİC OFFİCİAL),e215ffd64905fa7672f743644971f7befc849139d839cf85366e4f02d127eeea,AŞKIN ÖZTÜRK — KAPIMDA SABAH.wav,3:03,2026-09-14,2026-09-14,RADIO_ONLY
NO ME APAGUES AHORA,Aşkın Öztürk,Aşkın Öztürk,Aşkın Öztürk,Esin Banu Öztürk,Aşkın Öztürk & Esin Banu Öztürk (AURA SONİC OFFİCİAL),e206986401c93847ffb6824dc5d945a57cb29b83f6bffa88bb7968d5ac309a06,clean_AŞKIN ÖZTÜRK — NO ME APAGUES AHORA.wav,3:38,2026-09-12,2026-09-12,RADIO_ONLY
NO SMALL TALK,Aşkın Öztürk,Aşkın Öztürk,Aşkın Öztürk,Esin Banu Öztürk,Aşkın Öztürk & Esin Banu Öztürk (AURA SONİC OFFİCİAL),8fc3533aa31474e18a770131f4cae5c0fbbaf2aef87a34a60fabb18f4e69419d, clean_30-08-26-AŞKIN ÖZTÜRK-NO SMALL TALK.mp3,4:14,2026-08-30,2026-08-31,RADIO_ONLY
NO TODO FUE MENTIRA,Aşkın Öztürk,Aşkın Öztürk,Aşkın Öztürk,Esin Banu Öztürk,Aşkın Öztürk & Esin Banu Öztürk (AURA SONİC OFFİCİAL),d13d20de8ebacc18965e1d314cd6dcbf8e31cd0c07a7cdc1cbd35ff8272c700a,clean_AŞKIN ÖZTÜRK — NO TODO FUE MENTIRA.wav,3:49,2026-09-12,2026-09-12,RADIO_ONLY
OUTSIDE MY LIFE,Aşkın Öztürk,Aşkın Öztürk,Aşkın Öztürk,Esin Banu Öztürk,Aşkın Öztürk & Esin Banu Öztürk (AURA SONİC OFFİCİAL),10ab7b957e7e33475da909831d31ca5e43f5110e9bcf2a0ce2813514e8755656, clean_15-08-26-Aşkın Öztürk -OUTSIDE MY LIFE.mp3,4:24,2026-08-30,2026-08-31,RADIO_ONLY
On My Own,Aşkın Öztürk,Aşkın Öztürk,Aşkın Öztürk,Esin Banu Öztürk,Aşkın Öztürk & Esin Banu Öztürk (AURA SONİC OFFİCİAL),b9f95322ce6f882818f19801195d7d7da03eb8aed7ddfcb3adcea19208cc21c1,sarki.wav,7:59,2026-06-12,2026-08-08,RADIO_ONLY
QUE DIGAN LO QUE QUIERAN,Aşkın Öztürk,Aşkın Öztürk,Aşkın Öztürk,Esin Banu Öztürk,Aşkın Öztürk & Esin Banu Öztürk (AURA SONİC OFFİCİAL),164cf7b90d72df467d08ee3aa51bd971bbd356790e06bc817f84bc55379dc730,clean_AŞKIN ÖZTÜRK — QUE DIGAN LO QUE QUIERAN.wav,3:20,2026-09-12,2026-09-12,RADIO_ONLY
QUE TERMINE BAILANDO,Aşkın Öztürk,Aşkın Öztürk,Aşkın Öztürk,Esin Banu Öztürk,Aşkın Öztürk & Esin Banu Öztürk (AURA SONİC OFFİCİAL),2e17814c649c1accfc427a7f2d14dd23fea851e82c9fedf62fdd078aac570d62,clean_AŞKIN ÖZTÜRK — QUE TERMINE BAILANDO.wav,3:42,2026-09-12,2026-09-12,RADIO_ONLY
QUÉDATE CON TU ORGULLO,Aşkın Öztürk,Aşkın Öztürk,Aşkın Öztürk,Esin Banu Öztürk,Aşkın Öztürk & Esin Banu Öztürk (AURA SONİC OFFİCİAL),5bdb2d8e9a1245541979776783f81a9b940329ca7d1c555cb868b1fd6419bc35,clean_AŞKIN ÖZTÜRK — QUÉDATE CON TU ORGULLO.wav,3:23,2026-09-12,2026-09-12,RADIO_ONLY
SANA KALSIN,Aşkın Öztürk,Aşkın Öztürk,Aşkın Öztürk,Esin Banu Öztürk,Aşkın Öztürk & Esin Banu Öztürk (AURA SONİC OFFİCİAL),32323b85ca9f0e543c4430b9666c469ffce88c5acc36890dcb3254845220bdc6,AŞKIN ÖZTÜRK — SANA KALSIN.wav,3:16,2026-09-14,2026-09-14,RADIO_ONLY
SENİN HABERİN YOK,Aşkın Öztürk,Aşkın Öztürk,Aşkın Öztürk,Esin Banu Öztürk,Aşkın Öztürk & Esin Banu Öztürk (AURA SONİC OFFİCİAL),2b1f874ae727ab487de5325d361deb1912aeb40d9ed6c2ea49f302831dd8d986,AŞKIN ÖZTÜRK — SENİN HABERİN YOK.wav,3:36,2026-09-14,2026-09-14,RADIO_ONLY
"SI ME BUSCAS, AQUÍ ESTOY",Aşkın Öztürk,Aşkın Öztürk,Aşkın Öztürk,Esin Banu Öztürk,Aşkın Öztürk & Esin Banu Öztürk (AURA SONİC OFFİCİAL),2aa61ab4fa8f49fc1216934ad6bb47fd4281635b230a9de9183eb3442ce0568b,"clean_AŞKIN ÖZTÜRK — SI ME BUSCAS, AQUÍ ESTOY.wav",3:46,2026-09-12,2026-09-12,RADIO_ONLY
SON ŞARKIMIZ,Aşkın Öztürk,Aşkın Öztürk,Aşkın Öztürk,Esin Banu Öztürk,Aşkın Öztürk & Esin Banu Öztürk (AURA SONİC OFFİCİAL),54ff703dfb0be530bd58cfad26151fdb10e57fef075dec5656d9448f46032164,sarki.wav,4:39,2026-05-30,2026-08-08,RADIO_ONLY
STAY FOR SIDE B,Aşkın Öztürk,Aşkın Öztürk,Aşkın Öztürk,Esin Banu Öztürk,Aşkın Öztürk & Esin Banu Öztürk (AURA SONİC OFFİCİAL),3300ae036b71afd20ec3e28844f4888c6b39bec12e1bfec199218e1eaf852a3b, clean_30-08-26-AŞKIN ÖZTÜRK-STAY FOR SIDE B.mp3,4:23,2026-08-30,2026-08-31,RADIO_ONLY
STILL WANT EACH OTHER,Aşkın Öztürk,Aşkın Öztürk,Aşkın Öztürk,Esin Banu Öztürk,Aşkın Öztürk & Esin Banu Öztürk (AURA SONİC OFFİCİAL),652ec19e48929642d32d693a078e0dd6bc15c5782c7cbf988ade677dc1858193, clean_21-08-26-Aşkın Öztürk -STILL WANT EACH OTHER.mp3,3:59,2026-08-30,2026-08-31,RADIO_ONLY
Sen Benden Giderken,Aşkın Öztürk,Aşkın Öztürk,Aşkın Öztürk,Esin Banu Öztürk,Aşkın Öztürk & Esin Banu Öztürk (AURA SONİC OFFİCİAL),3c831205aeaaaadb6e0a828227471d862e0c274b8a8edb5cc117ce3a4ed9be88,sarki.wav,4:34,2026-05-30,2026-08-08,RADIO_ONLY
Son Kez Bak,Aşkın Öztürk,Aşkın Öztürk,Aşkın Öztürk,Esin Banu Öztürk,Aşkın Öztürk & Esin Banu Öztürk (AURA SONİC OFFİCİAL),631be6e141e1a0012ca8ad2006a72fa3405638a9c979bc0613721442990ff8ac,sarki.wav,3:41,2026-06-12,2026-08-08,RADIO_ONLY
TE QUIERO SIN PROMESAS,Aşkın Öztürk,Aşkın Öztürk,Aşkın Öztürk,Esin Banu Öztürk,Aşkın Öztürk & Esin Banu Öztürk (AURA SONİC OFFİCİAL),a37e4a5a9785a41c763eae79bae58affe458e5cab727dc1d3bd0f04eb9b69975,clean_AŞKIN ÖZTÜRK — TE QUIERO SIN PROMESAS.wav,3:45,2026-09-12,2026-09-12,RADIO_ONLY
VEN SIN MIEDO,Aşkın Öztürk,Aşkın Öztürk,Aşkın Öztürk,Esin Banu Öztürk,Aşkın Öztürk & Esin Banu Öztürk (AURA SONİC OFFİCİAL),87391e27cb4ff1ccba9114eeab301d3adb49e33a26fd17574ca9053bb66a8a5b,clean_AŞKIN ÖZTÜRK — VEN SIN MIEDO.wav,3:30,2026-09-12,2026-09-12,RADIO_ONLY
YO ELIJO EL FUEGO,Aşkın Öztürk,Aşkın Öztürk,Aşkın Öztürk,Esin Banu Öztürk,Aşkın Öztürk & Esin Banu Öztürk (AURA SONİC OFFİCİAL),cccea96becfcd3d487fe9233ce420260d8334fc3f09f1190602bbf41ac0ed231,clean_AŞKIN ÖZTÜRK — YO ELIJO EL FUEGO.wav,3:38,2026-09-12,2026-09-12,RADIO_ONLY
YO NO NACÍ PARA ESPERAR,Aşkın Öztürk,Aşkın Öztürk,Aşkın Öztürk,Esin Banu Öztürk,Aşkın Öztürk & Esin Banu Öztürk (AURA SONİC OFFİCİAL),0fabce4ebefb032d38cd805d728ebbeb84e0f39f87fc29f4ccd9746102cf42bc,clean_AŞKIN ÖZTÜRK — YO NO NACÍ PARA ESPERAR.wav,3:34,2026-09-12,2026-09-12,RADIO_ONLY
Yine Gece,Aşkın Öztürk,Aşkın Öztürk,Aşkın Öztürk,Esin Banu Öztürk,Aşkın Öztürk & Esin Banu Öztürk (AURA SONİC OFFİCİAL),8244139abcfe3ae2a172e6e3a557b42aab55014c2ac2b100f8b3d4f85a85f3bf,sarki.wav,3:36,2026-06-12,2026-08-08,RADIO_ONLY
aşkın öztürk--DEMEDİM Kİ,Aşkın Öztürk,Aşkın Öztürk,Aşkın Öztürk,Esin Banu Öztürk,Aşkın Öztürk & Esin Banu Öztürk (AURA SONİC OFFİCİAL),6e4a4896463227b6edd284ded7e09e1a48b5f51a67e1c844a1fdaf38f8ca83df, clean_aşkın öztürk--DEMEDİM Kİ.wav,4:33,2026-09-05,2026-09-05,RADIO_ONLY
half of my love,Aşkın Öztürk,Aşkın Öztürk,Aşkın Öztürk,Esin Banu Öztürk,Aşkın Öztürk & Esin Banu Öztürk (AURA SONİC OFFİCİAL),4d5b185ee667b1d7737adde7cf4ddd2f8fe09145a52c314077c8ac6aa25a7a78,sarki.wav,3:31,2026-06-12,2026-08-08,RADIO_ONLY
kırık saz,Aşkın Öztürk,Aşkın Öztürk,Aşkın Öztürk,Esin Banu Öztürk,Aşkın Öztürk & Esin Banu Öztürk (AURA SONİC OFFİCİAL),b5e1b9638b0284a4367b48579c43989f8f891237f7ccef1032967f6be00c1dd7,sarki.wav,5:29,2026-06-12,2026-08-08,RADIO_ONLY
ÇEKİL ARADAN,Aşkın Öztürk,Aşkın Öztürk,Aşkın Öztürk,Esin Banu Öztürk,Aşkın Öztürk & Esin Banu Öztürk (AURA SONİC OFFİCİAL),5ec4bf291bfefd0c1866f017d7723e53a56517a25075ef56f121de6acd9acb3b,AŞKIN ÖZTÜRK — ÇEKİL ARADAN.wav,3:31,2026-09-14,2026-09-14,RADIO_ONLY
ÖZTÜRK - ARAMADIM AMA SİLDİM,Aşkın Öztürk,Aşkın Öztürk,Aşkın Öztürk,Esin Banu Öztürk,Aşkın Öztürk & Esin Banu Öztürk (AURA SONİC OFFİCİAL),aa67a9744cdbfcc0cc52482d52d6182343c5a1c18232e27fff4438564cb662e5,AŞKIN ÖZTÜRK - ARAMADIM AMA SİLDİM.mp3,3:16,2026-07-18,2026-08-08,RADIO_ONLY
ÖZTÜRK - Aramazsın,Aşkın Öztürk,Aşkın Öztürk,Aşkın Öztürk,Esin Banu Öztürk,Aşkın Öztürk & Esin Banu Öztürk (AURA SONİC OFFİCİAL),4215cddf1cd1ffeded398d4490cec1c519aae4667c148fdbcbed97416588e06e,AŞKIN ÖZTÜRK - Aramazsın.mp3,3:35,2026-07-18,2026-08-08,RADIO_ONLY
ÖZTÜRK - BANA GEÇ KALDIN LIVE CONCERT VERSION,Aşkın Öztürk,Aşkın Öztürk,Aşkın Öztürk,Esin Banu Öztürk,Aşkın Öztürk & Esin Banu Öztürk (AURA SONİC OFFİCİAL),508184e868ec2a552f08ba5a553888bd8877241e4b81bd2090b355b2df5a3082,AŞKIN ÖZTÜRK - BANA GEÇ KALDIN LIVE CONCERT VERSION.wav,6:09,2026-05-21,2026-08-08,RADIO_ONLY
ÖZTÜRK - BENİ BÖYLE SEVME,Aşkın Öztürk,Aşkın Öztürk,Aşkın Öztürk,Esin Banu Öztürk,Aşkın Öztürk & Esin Banu Öztürk (AURA SONİC OFFİCİAL),c3297cb893d294fdd65639383e91047694370923ea5a430c0ec301ca28333ab1,AŞKIN ÖZTÜRK - BENİ BÖYLE SEVME.mp3,4:27,2026-07-18,2026-08-08,RADIO_ONLY
ÖZTÜRK - BENİM GİBİ YAN,Aşkın Öztürk,Aşkın Öztürk,Aşkın Öztürk,Esin Banu Öztürk,Aşkın Öztürk & Esin Banu Öztürk (AURA SONİC OFFİCİAL),4e163126bf618f20eb99dfcc359ee04a44faa19d090d4cecc19dca948deddca7,AŞKIN ÖZTÜRK - BENİM GİBİ YAN.mp3,5:50,2026-07-18,2026-08-08,RADIO_ONLY
ÖZTÜRK - Bağlamam Susturuldu,Aşkın Öztürk,Aşkın Öztürk,Aşkın Öztürk,Esin Banu Öztürk,Aşkın Öztürk & Esin Banu Öztürk (AURA SONİC OFFİCİAL),0b941cb979a147d36738829a4103628e5475b46a494d006d13f6bda7d6635bd3,AŞKIN ÖZTÜRK - Bağlamam Susturuldu.mp3,5:39,2026-07-18,2026-08-08,RADIO_ONLY
ÖZTÜRK - BİR GÜN ADIM DA SUSAR,Aşkın Öztürk,Aşkın Öztürk,Aşkın Öztürk,Esin Banu Öztürk,Aşkın Öztürk & Esin Banu Öztürk (AURA SONİC OFFİCİAL),7f54e29e0eb512577df25b71e8a051f08c10c8ad1c3ea67a954c557852af1675,AŞKIN ÖZTÜRK - BİR GÜN ADIM DA SUSAR.mp3,5:39,2026-07-18,2026-08-08,RADIO_ONLY
ÖZTÜRK - CANIN SAĞ OLSUN DİYEMEM LIVE CONCERT VERSION,Aşkın Öztürk,Aşkın Öztürk,Aşkın Öztürk,Esin Banu Öztürk,Aşkın Öztürk & Esin Banu Öztürk (AURA SONİC OFFİCİAL),62957bd8500fff216049e0f3846a0af1ffa297ed23f459639ceeb61c0211a023,AŞKIN ÖZTÜRK - CANIN SAĞ OLSUN DİYEMEM LIVE CONCERT VERSION.wav,6:25,2026-05-21,2026-08-08,RADIO_ONLY
ÖZTÜRK - Canın Sağ Olsun Diyemem,Aşkın Öztürk,Aşkın Öztürk,Aşkın Öztürk,Esin Banu Öztürk,Aşkın Öztürk & Esin Banu Öztürk (AURA SONİC OFFİCİAL),e33f3e0689e821a619cd66df13a607e26886c5fcc8dcf1b748d9c066a28d86c8,AŞKIN ÖZTÜRK - Canın Sağ Olsun Diyemem.mp3,5:38,2026-07-18,2026-08-08,RADIO_ONLY
ÖZTÜRK - DANSÖZ RAP,Aşkın Öztürk,Aşkın Öztürk,Aşkın Öztürk,Esin Banu Öztürk,Aşkın Öztürk & Esin Banu Öztürk (AURA SONİC OFFİCİAL),5441cc5f06fb4af7e3aab3db04d0b366079e53a6147f850fcaf3f219dddc71e8,AŞKIN ÖZTÜRK - DANSÖZ RAP.mp3,2:13,2026-07-18,2026-08-08,RADIO_ONLY
ÖZTÜRK - Dert Çayın Dibinde Kalır,Aşkın Öztürk,Aşkın Öztürk,Aşkın Öztürk,Esin Banu Öztürk,Aşkın Öztürk & Esin Banu Öztürk (AURA SONİC OFFİCİAL),a2996361c7d8ea37baf633f961f4c7174e193b5a91f3c81bcca8047ac2313561,AŞKIN ÖZTÜRK - Dert Çayın Dibinde Kalır.mp3,4:49,2026-07-18,2026-08-08,RADIO_ONLY
ÖZTÜRK - DÖNME ARTIK,Aşkın Öztürk,Aşkın Öztürk,Aşkın Öztürk,Esin Banu Öztürk,Aşkın Öztürk & Esin Banu Öztürk (AURA SONİC OFFİCİAL),c36c83ef1d358407970d2fda7b9588f04407f2a19f0e681267e8b78ddcdd0838,AŞKIN ÖZTÜRK - DÖNME ARTIK.mp3,4:39,2026-07-18,2026-08-08,RADIO_ONLY
ÖZTÜRK - ENGELLENDİN - SON MESAJ,Aşkın Öztürk,Aşkın Öztürk,Aşkın Öztürk,Esin Banu Öztürk,Aşkın Öztürk & Esin Banu Öztürk (AURA SONİC OFFİCİAL),217fcfb49c77d5037c6beff069f999612f2d97c73cc0f2bf466d2184fa01df2d,AŞKIN ÖZTÜRK - ENGELLENDİN - SON MESAJ.mp3,3:43,2026-07-18,2026-08-08,RADIO_ONLY
ÖZTÜRK - GERİ YAZMADIN,Aşkın Öztürk,Aşkın Öztürk,Aşkın Öztürk,Esin Banu Öztürk,Aşkın Öztürk & Esin Banu Öztürk (AURA SONİC OFFİCİAL),c78e531c1ddc09d35c4b4d10a817d9368a765a72d6f9db7b3fbbbd82802c2355,AŞKIN ÖZTÜRK - GERİ YAZMADIN.mp3,3:25,2026-07-18,2026-08-08,RADIO_ONLY
ÖZTÜRK - GURBET YOLU,Aşkın Öztürk,Aşkın Öztürk,Aşkın Öztürk,Esin Banu Öztürk,Aşkın Öztürk & Esin Banu Öztürk (AURA SONİC OFFİCİAL),1a3b37faafcf7db36d6d7296f5da8e58f23c5736109e27423a23b3813ccb5c9e,AŞKIN ÖZTÜRK - GURBET YOLU.mp3,4:56,2026-07-18,2026-08-08,RADIO_ONLY
ÖZTÜRK - HA BU DAĞLAR DUMANLI,Aşkın Öztürk,Aşkın Öztürk,Aşkın Öztürk,Esin Banu Öztürk,Aşkın Öztürk & Esin Banu Öztürk (AURA SONİC OFFİCİAL),8e6079c42a13ba8a9c792d2f519a0d1a70de7022b4f283a020cb6c599f03bce5,AŞKIN ÖZTÜRK - HA BU DAĞLAR DUMANLI.mp3,4:35,2026-07-18,2026-08-08,RADIO_ONLY
ÖZTÜRK - KIRIK SAZ,Aşkın Öztürk,Aşkın Öztürk,Aşkın Öztürk,Esin Banu Öztürk,Aşkın Öztürk & Esin Banu Öztürk (AURA SONİC OFFİCİAL),313b584310d7d777183ad80e2741b6ec1806c12de6aa42eac31efa86bd204473,AŞKIN ÖZTÜRK - KIRIK SAZ.mp3,5:29,2026-07-18,2026-08-08,RADIO_ONLY
ÖZTÜRK - OY DEREYE VUR AYAĞI,Aşkın Öztürk,Aşkın Öztürk,Aşkın Öztürk,Esin Banu Öztürk,Aşkın Öztürk & Esin Banu Öztürk (AURA SONİC OFFİCİAL),d97b8d4a418956ebdabd39df7165326988e6a278de6df806313f92014e411a75,AŞKIN ÖZTÜRK - OY DEREYE VUR AYAĞI.mp3,4:58,2026-07-18,2026-08-08,RADIO_ONLY
ÖZTÜRK - RECAİ MERT - Bu Bayram da Yoksun Canım,Aşkın Öztürk,Aşkın Öztürk,Aşkın Öztürk,Esin Banu Öztürk,Aşkın Öztürk & Esin Banu Öztürk (AURA SONİC OFFİCİAL),48e423b9ad856c018192570d13792428fabacabc13a0b075ae4a250b545951b9,AŞKIN ÖZTÜRK - RECAİ MERT - Bu Bayram da Yoksun Canım.mp3,3:39,2026-07-18,2026-08-08,RADIO_ONLY
ÖZTÜRK - SEN BENDEN GİDERKEN,Aşkın Öztürk,Aşkın Öztürk,Aşkın Öztürk,Esin Banu Öztürk,Aşkın Öztürk & Esin Banu Öztürk (AURA SONİC OFFİCİAL),5a130a1393defbcde05c53e432490353c095783bf2c343941a805d9f04ac44eb,AŞKIN ÖZTÜRK - SEN BENDEN GİDERKEN.mp3,4:34,2026-07-18,2026-08-08,RADIO_ONLY
ÖZTÜRK - SON GÖRÜLME - 02 17,Aşkın Öztürk,Aşkın Öztürk,Aşkın Öztürk,Esin Banu Öztürk,Aşkın Öztürk & Esin Banu Öztürk (AURA SONİC OFFİCİAL),290cd54787523e03a1f5520ce228346943516363beacbd518277dfb01fe97b65,AŞKIN ÖZTÜRK - SON GÖRÜLME - 02_17.mp3,3:17,2026-07-18,2026-08-08,RADIO_ONLY
ÖZTÜRK - SON ŞARKIMIZ,Aşkın Öztürk,Aşkın Öztürk,Aşkın Öztürk,Esin Banu Öztürk,Aşkın Öztürk & Esin Banu Öztürk (AURA SONİC OFFİCİAL),7f943eb2fadf26c2f478fc472b21c48e697b4e855b97dd91f981ea43e1a475e3,AŞKIN ÖZTÜRK - SON ŞARKIMIZ.mp3,5:15,2026-07-18,2026-08-08,RADIO_ONLY
ÖZTÜRK - Son Kez Bak,Aşkın Öztürk,Aşkın Öztürk,Aşkın Öztürk,Esin Banu Öztürk,Aşkın Öztürk & Esin Banu Öztürk (AURA SONİC OFFİCİAL),e2ebf4a904a371c521fcd8837f8df5db2ed868e12bb35fe1bfaa6343a26b0020,AŞKIN ÖZTÜRK - Son Kez Bak.mp3,3:41,2026-07-18,2026-08-08,RADIO_ONLY
ÖZTÜRK - YAĞMUR DÜŞTÜ BAĞ ÜSTÜNE,Aşkın Öztürk,Aşkın Öztürk,Aşkın Öztürk,Esin Banu Öztürk,Aşkın Öztürk & Esin Banu Öztürk (AURA SONİC OFFİCİAL),3e4d5731c489db3034ce7a01a2ae0f052e15ffac76caeac4a0fef0e59549a6a6,AŞKIN ÖZTÜRK - YAĞMUR DÜŞTÜ BAĞ ÜSTÜNE.mp3,4:33,2026-07-18,2026-08-08,RADIO_ONLY
ÖZTÜRK - Yine Gece,Aşkın Öztürk,Aşkın Öztürk,Aşkın Öztürk,Esin Banu Öztürk,Aşkın Öztürk & Esin Banu Öztürk (AURA SONİC OFFİCİAL),3a9a5017d1fa4078e0053db23e9580cb0e05836d0f1e24161f44b339d94d910d,AŞKIN ÖZTÜRK - Yine Gece.mp3,3:36,2026-07-18,2026-08-08,RADIO_ONLY
ÖZTÜRK - YİNE AKŞAM OLDU,Aşkın Öztürk,Aşkın Öztürk,Aşkın Öztürk,Esin Banu Öztürk,Aşkın Öztürk & Esin Banu Öztürk (AURA SONİC OFFİCİAL),fd8972e9bf1bd3cbe684c95f8c843cd0461357dc177d2dfcd89e7ae3729c716b,AŞKIN ÖZTÜRK - YİNE AKŞAM OLDU.mp3,4:31,2026-07-18,2026-08-08,RADIO_ONLY
ÖZTÜRK - ÇEVRİMİÇİ - AMA BANA DEĞİL,Aşkın Öztürk,Aşkın Öztürk,Aşkın Öztürk,Esin Banu Öztürk,Aşkın Öztürk & Esin Banu Öztürk (AURA SONİC OFFİCİAL),c40527167610a8ac9194098418b664923b5dbd7faae2c86ec6e7207be7848105,AŞKIN ÖZTÜRK - ÇEVRİMİÇİ - AMA BANA DEĞİL.mp3,3:47,2026-07-18,2026-08-08,RADIO_ONLY
ÖZTÜRK - ÖMÜR TÖRPÜSÜ,Aşkın Öztürk,Aşkın Öztürk,Aşkın Öztürk,Esin Banu Öztürk,Aşkın Öztürk & Esin Banu Öztürk (AURA SONİC OFFİCİAL),1c4e2bd42224dd9698ef6e177a3673f47d0433c7b770eb50fbdc3760d11d05ad,AŞKIN ÖZTÜRK - ÖMÜR TÖRPÜSÜ.mp3,3:21,2026-07-18,2026-08-08,RADIO_ONLY
ÖZTÜRK - ÖMÜR TÖRPÜSÜ (V2),Aşkın Öztürk,Aşkın Öztürk,Aşkın Öztürk,Esin Banu Öztürk,Aşkın Öztürk & Esin Banu Öztürk (AURA SONİC OFFİCİAL),2a149015dc2d8ca91a38cdcba718265893d78dbedafb34becb5828bb6cdfb7a3,AŞKIN ÖZTÜRK - ÖMÜR TÖRPÜSÜ (V2).mp3,3:47,2026-07-18,2026-08-08,RADIO_ONLY
ÖZTÜRK - İKİ TURNAM GEÇTİ DAĞDAN,Aşkın Öztürk,Aşkın Öztürk,Aşkın Öztürk,Esin Banu Öztürk,Aşkın Öztürk & Esin Banu Öztürk (AURA SONİC OFFİCİAL),cb2629b0f5a5af7fbec47179280826cf1ef702f6403f320f81f5f53fd114aa17,AŞKIN ÖZTÜRK - İKİ TURNAM GEÇTİ DAĞDAN.mp3,5:09,2026-07-18,2026-08-08,RADIO_ONLY
ÖZTÜRK - İSMİN HÂLÂ BURADA,Aşkın Öztürk,Aşkın Öztürk,Aşkın Öztürk,Esin Banu Öztürk,Aşkın Öztürk & Esin Banu Öztürk (AURA SONİC OFFİCİAL),914ae1a16466f5bad8a54b2483c4515736f15a9d207066aa588353ca783fe73b,AŞKIN ÖZTÜRK - İSMİN HÂLÂ BURADA.mp3,4:23,2026-07-18,2026-08-08,RADIO_ONLY
ÖZTÜRK BENİ BANA GERİ VER,Aşkın Öztürk,Aşkın Öztürk,Aşkın Öztürk,Esin Banu Öztürk,Aşkın Öztürk & Esin Banu Öztürk (AURA SONİC OFFİCİAL),db93c219b69fb79164d7eaf2c0c27eda446d947111191b19c1918842770d6ef3,AŞKIN ÖZTÜRK BENİ BANA GERİ VER.mp3,4:44,2026-07-18,2026-08-08,RADIO_ONLY
ÖZTÜRK BENİ BÖYLE BIRAKMA,Aşkın Öztürk,Aşkın Öztürk,Aşkın Öztürk,Esin Banu Öztürk,Aşkın Öztürk & Esin Banu Öztürk (AURA SONİC OFFİCİAL),fa38b7494fae5111d810296123ee447d5a7476aab7028a62f6c43ad746649a01,AŞKIN ÖZTÜRK BENİ BÖYLE BIRAKMA.mp3,5:23,2026-07-18,2026-08-08,RADIO_ONLY
ÖZTÜRK BENİ SENDE UNUT,Aşkın Öztürk,Aşkın Öztürk,Aşkın Öztürk,Esin Banu Öztürk,Aşkın Öztürk & Esin Banu Öztürk (AURA SONİC OFFİCİAL),8d2df5db0a53b762cd4b51f136bc85cf4ef20236826b6f6d1e6ab30c1b2d5c04,AŞKIN ÖZTÜRK BENİ SENDE UNUT.mp3,5:09,2026-07-18,2026-08-08,RADIO_ONLY
ÖZTÜRK Bana Geçti Deme,Aşkın Öztürk,Aşkın Öztürk,Aşkın Öztürk,Esin Banu Öztürk,Aşkın Öztürk & Esin Banu Öztürk (AURA SONİC OFFİCİAL),2aefdf82628dea5101964826c01a5a2b8cf459d37f2a5c98e305309336b34eb2,AŞKIN ÖZTÜRK Bana Geçti Deme.mp3,4:32,2026-07-18,2026-08-08,RADIO_ONLY
ÖZTÜRK BİR DAHA BENİ SEVME,Aşkın Öztürk,Aşkın Öztürk,Aşkın Öztürk,Esin Banu Öztürk,Aşkın Öztürk & Esin Banu Öztürk (AURA SONİC OFFİCİAL),8b728d6b57fa02523280e063c1feeec94082434925a5c0ad49c390cd6c06ad08,AŞKIN ÖZTÜRK BİR DAHA BENİ SEVME.mp3,4:35,2026-07-18,2026-08-08,RADIO_ONLY
ÖZTÜRK GEÇ ANLADIM,Aşkın Öztürk,Aşkın Öztürk,Aşkın Öztürk,Esin Banu Öztürk,Aşkın Öztürk & Esin Banu Öztürk (AURA SONİC OFFİCİAL),89e9737ff57fa6c3e2b4e6581fd2ff8aba73b9d010e3448eed2e1b2de7b65af5,AŞKIN ÖZTÜRK GEÇ ANLADIM.mp3,3:04,2026-07-18,2026-08-08,RADIO_ONLY
ÖZTÜRK KENDİME GEÇ KALDIM,Aşkın Öztürk,Aşkın Öztürk,Aşkın Öztürk,Esin Banu Öztürk,Aşkın Öztürk & Esin Banu Öztürk (AURA SONİC OFFİCİAL),45e766eb5e8fa1e4beab1090d3b6f8bf0152e217d4b215194bea978190a0534e,AŞKIN ÖZTÜRK KENDİME GEÇ KALDIM.mp3,5:13,2026-07-18,2026-08-08,RADIO_ONLY
ÖZTÜRK Kadere Değil Sana İsyanım,Aşkın Öztürk,Aşkın Öztürk,Aşkın Öztürk,Esin Banu Öztürk,Aşkın Öztürk & Esin Banu Öztürk (AURA SONİC OFFİCİAL),0febe40bdb1bcc39a54f042f0f2b9b9a311cb27ded713df36a43283d23294243,AŞKIN ÖZTÜRK Kadere Değil Sana İsyanım.mp3,4:56,2026-07-18,2026-08-08,RADIO_ONLY
ÖZTÜRK YOKLUĞUN BENİ TANIYOR,Aşkın Öztürk,Aşkın Öztürk,Aşkın Öztürk,Esin Banu Öztürk,Aşkın Öztürk & Esin Banu Öztürk (AURA SONİC OFFİCİAL),721cdfa6ce60c77c58e3e32664e61d9d5939604f52bdf60f3b1b0cdc7f0bd61e,AŞKIN ÖZTÜRK YOKLUĞUN BENİ TANIYOR.mp3,5:38,2026-07-18,2026-08-08,RADIO_ONLY
ÖZTÜRK — “KİME SAKLADIN BENİ”,Aşkın Öztürk,Aşkın Öztürk,Aşkın Öztürk,Esin Banu Öztürk,Aşkın Öztürk & Esin Banu Öztürk (AURA SONİC OFFİCİAL),771d244161b09efcef79e4f6fde734f06a788ea22e14693c9d6e83978be92674,AŞKIN ÖZTÜRK — “KİME SAKLADIN BENİ”.wav,5:13,2026-06-20,2026-08-08,RADIO_ONLY
ÖZTÜRK- SESSİZLİK İLANI,Aşkın Öztürk,Aşkın Öztürk,Aşkın Öztürk,Esin Banu Öztürk,Aşkın Öztürk & Esin Banu Öztürk (AURA SONİC OFFİCİAL),728e26a8455829eb04aaced84327b4054aea8fc3b2d6a9c01b29e65a2f5ee516,AŞKIN ÖZTÜRK-_SESSİZLİK İLANI_.wav,4:28,2026-04-07,2026-08-08,RADIO_ONLY
ÖZTÜRK-AKLIM GECEYE KALIR,Aşkın Öztürk,Aşkın Öztürk,Aşkın Öztürk,Esin Banu Öztürk,Aşkın Öztürk & Esin Banu Öztürk (AURA SONİC OFFİCİAL),68ce374251e9bf6713f6584246c5d385168d8447985c247acc4f5e96868194f9,AŞKIN ÖZTÜRK-AKLIM GECEYE KALIR.mp3,4:24,2026-07-20,2026-08-08,RADIO_ONLY
ÖZTÜRK-BU ŞEHİR BİZE DAR,Aşkın Öztürk,Aşkın Öztürk,Aşkın Öztürk,Esin Banu Öztürk,Aşkın Öztürk & Esin Banu Öztürk (AURA SONİC OFFİCİAL),ed6f1671bb57987ebc6cf76209d409ffc1371abff32c4c805f3282f12a981e2d,AŞKIN ÖZTÜRK-BU ŞEHİR BİZE DAR.mp3,4:09,2026-07-20,2026-08-08,RADIO_ONLY
ÖZTÜRK-BİR SANA YENİLMEK GÜZEL,Aşkın Öztürk,Aşkın Öztürk,Aşkın Öztürk,Esin Banu Öztürk,Aşkın Öztürk & Esin Banu Öztürk (AURA SONİC OFFİCİAL),f723bf2e7f689ba1654e14318581c95bcfc627d6c2448878af87b9347a84cee8,AŞKIN ÖZTÜRK-BİR SANA YENİLMEK GÜZEL.mp3,4:34,2026-08-02,2026-08-08,RADIO_ONLY
ÖZTÜRK-HAYAT SENDE BENİ BULDU,Aşkın Öztürk,Aşkın Öztürk,Aşkın Öztürk,Esin Banu Öztürk,Aşkın Öztürk & Esin Banu Öztürk (AURA SONİC OFFİCİAL),ec99f4c22448ac9dbfd7aa4e5694214fcaef3c21c2cf2aa2097858762800fda1,AŞKIN ÖZTÜRK-HAYAT SENDE BENİ BULDU.mp3,4:33,2026-08-02,2026-08-08,RADIO_ONLY
ÖZTÜRK-MÜHÜR,Aşkın Öztürk,Aşkın Öztürk,Aşkın Öztürk,Esin Banu Öztürk,Aşkın Öztürk & Esin Banu Öztürk (AURA SONİC OFFİCİAL),4ce8aafc460ef52e13f8611530f79020219a2d1a7e387d9b54629d748601c73e,AŞKIN ÖZTÜRK-MÜHÜR.wav,3:30,2026-04-07,2026-08-08,RADIO_ONLY
ÖZTÜRK-SABAHI DUVARA ÇİZDİM,Aşkın Öztürk,Aşkın Öztürk,Aşkın Öztürk,Esin Banu Öztürk,Aşkın Öztürk & Esin Banu Öztürk (AURA SONİC OFFİCİAL),4c9accc5fb335edc41710f2de009f55aaf5958e08291d2bc7a059e8a75b5a67d,AŞKIN ÖZTÜRK-SABAHI DUVARA ÇİZDİM.mp3,5:07,2026-07-20,2026-08-08,RADIO_ONLY
ÖZTÜRK—LIGHT THE SKY,Aşkın Öztürk,Aşkın Öztürk,Aşkın Öztürk,Esin Banu Öztürk,Aşkın Öztürk & Esin Banu Öztürk (AURA SONİC OFFİCİAL),da4d0b36e120991fff503971b5ed9129cd2e7bc7b6c707469700a11190086ce7,AŞKIN ÖZTÜRK—LIGHT THE SKY.wav,3:39,2026-08-13,2026-08-08,RADIO_ONLY
ÖZTÜRK—LIGHT THE SKY - lyrics,Aşkın Öztürk,Aşkın Öztürk,Aşkın Öztürk,Esin Banu Öztürk,Aşkın Öztürk & Esin Banu Öztürk (AURA SONİC OFFİCİAL),d843b0af6c6d006ca95dd88feb6af259bf79b804409313e11aa3372871de4d78,AŞKIN ÖZTÜRK—LIGHT THE SKY - lyrics.wav,3:47,2026-07-27,2026-08-08,RADIO_ONLY
ÖZTÜRK—MY LAST SONG FOR YOU,Aşkın Öztürk,Aşkın Öztürk,Aşkın Öztürk,Esin Banu Öztürk,Aşkın Öztürk & Esin Banu Öztürk (AURA SONİC OFFİCİAL),1fa3c44169c6ef0ae78e5cf0f13e2d03821e26bf47f2ed206cafbaecad04f809,AŞKIN ÖZTÜRK—MY LAST SONG FOR YOU.wav,3:47,2026-08-13,2026-08-08,RADIO_ONLY
Öztürk - 3 AM Still Standing,Aşkın Öztürk,Aşkın Öztürk,Aşkın Öztürk,Esin Banu Öztürk,Aşkın Öztürk & Esin Banu Öztürk (AURA SONİC OFFİCİAL),3f5a8f3747ee025cc7ed240a3c7c6dbb0fd0321adbd5fa5b2a358d02c30cde2a,Aşkın Öztürk - 3 AM Still Standing.mp3,3:39,2026-07-11,2026-08-08,RADIO_ONLY
Öztürk - Aklım Geceye Kalır,Aşkın Öztürk,Aşkın Öztürk,Aşkın Öztürk,Esin Banu Öztürk,Aşkın Öztürk & Esin Banu Öztürk (AURA SONİC OFFİCİAL),fe2371b5a094a3005f0ecda9f61448df071e93fa54c581c19294f4d6e42f38c5,Aşkın Öztürk - Aklım Geceye Kalır.mp3,4:24,2026-07-20,2026-08-08,RADIO_ONLY
Öztürk - EV KAPANMADI,Aşkın Öztürk,Aşkın Öztürk,Aşkın Öztürk,Esin Banu Öztürk,Aşkın Öztürk & Esin Banu Öztürk (AURA SONİC OFFİCİAL),989b34678b6ecfc6c2f970bb7c047990d878ea67788dec479cabd3d4bb95f424,Aşkın Öztürk - EV KAPANMADI.mp3,4:37,2026-07-18,2026-08-08,RADIO_ONLY
Öztürk - Gece Seni Ele Verir,Aşkın Öztürk,Aşkın Öztürk,Aşkın Öztürk,Esin Banu Öztürk,Aşkın Öztürk & Esin Banu Öztürk (AURA SONİC OFFİCİAL),8a0fefe6fc7d574d37cdb1d7b690cffb40850f7aa6790e2a6d953c6cf7b69563,Aşkın Öztürk - Gece Seni Ele Verir.mp3,4:28,2026-07-20,2026-08-08,RADIO_ONLY
Öztürk - Gittiğin Gibi Gitmedi,Aşkın Öztürk,Aşkın Öztürk,Aşkın Öztürk,Esin Banu Öztürk,Aşkın Öztürk & Esin Banu Öztürk (AURA SONİC OFFİCİAL),da44851eac49f4b3eb4a78677aea12c9a3d791798f5f8710723e3eccc0d72442,Aşkın Öztürk - Gittiğin Gibi Gitmedi.mp3,4:52,2026-07-18,2026-08-08,RADIO_ONLY
Öztürk - Gölge Durağı,Aşkın Öztürk,Aşkın Öztürk,Aşkın Öztürk,Esin Banu Öztürk,Aşkın Öztürk & Esin Banu Öztürk (AURA SONİC OFFİCİAL),84208ce5b4743b1df13231263b62aaa38f67100b2f4a124dae60f50bf01892a8,Aşkın Öztürk - Gölge Durağı.mp3,3:44,2026-07-19,2026-08-08,RADIO_ONLY
Öztürk - Masamda Boş Sandalye,Aşkın Öztürk,Aşkın Öztürk,Aşkın Öztürk,Esin Banu Öztürk,Aşkın Öztürk & Esin Banu Öztürk (AURA SONİC OFFİCİAL),da95f4c45db7a22fa6967d9cad3f65df659c9461c296fa13460fabdca12c8bf7,Aşkın Öztürk - Masamda Boş Sandalye.mp3,2:52,2026-07-19,2026-08-08,RADIO_ONLY
Öztürk - Rüyalar Yanar,Aşkın Öztürk,Aşkın Öztürk,Aşkın Öztürk,Esin Banu Öztürk,Aşkın Öztürk & Esin Banu Öztürk (AURA SONİC OFFİCİAL),c9c84e089e7c1c96f7c5c48fb98fc3aa953f0473edea538d96e196a45a492d0d,Aşkın Öztürk - Rüyalar Yanar.mp3,3:07,2026-07-19,2026-08-08,RADIO_ONLY
Öztürk - Sabahı Duvara Çizdim,Aşkın Öztürk,Aşkın Öztürk,Aşkın Öztürk,Esin Banu Öztürk,Aşkın Öztürk & Esin Banu Öztürk (AURA SONİC OFFİCİAL),c371e6d4e92ec7696345648f90d8510747f306033056e470d668228bb1fc50c5,Aşkın Öztürk - Sabahı Duvara Çizdim.mp3,5:07,2026-07-20,2026-08-08,RADIO_ONLY
Öztürk - Sessizlik İlanı,Aşkın Öztürk,Aşkın Öztürk,Aşkın Öztürk,Esin Banu Öztürk,Aşkın Öztürk & Esin Banu Öztürk (AURA SONİC OFFİCİAL),2180323e7f68609ab58805fce2ba347065c0f73eee58d43b49109c3fa3e25c25,Aşkın Öztürk - Sessizlik İlanı.mp3,4:28,2026-07-19,2026-08-08,RADIO_ONLY
Öztürk - Son Vapur Kalkarken,Aşkın Öztürk,Aşkın Öztürk,Aşkın Öztürk,Esin Banu Öztürk,Aşkın Öztürk & Esin Banu Öztürk (AURA SONİC OFFİCİAL),139a7f69cdfc4c9f7894824785fb2ec6784c166614e0da9ca082d59db2b5d26a,Aşkın Öztürk - Son Vapur Kalkarken.mp3,2:51,2026-07-19,2026-08-08,RADIO_ONLY
Öztürk – Bir Gece Daha Kal,Aşkın Öztürk,Aşkın Öztürk,Aşkın Öztürk,Esin Banu Öztürk,Aşkın Öztürk & Esin Banu Öztürk (AURA SONİC OFFİCİAL),a55961b063ff2fcaf3d8c9b20fc4fd6f63a3b725e3e8e4948a02e6a1457f7ff3,Aşkın Öztürk – Bir Gece Daha Kal.wav,4:35,2026-07-21,2026-08-08,RADIO_ONLY
Öztürk – Bir Gece Daha Kal (Bass),Aşkın Öztürk,Aşkın Öztürk,Aşkın Öztürk,Esin Banu Öztürk,Aşkın Öztürk & Esin Banu Öztürk (AURA SONİC OFFİCİAL),bdc4a9f73660d4faa1c0a244f2f02571249848d677543093ef4a3483e7c591ed,Aşkın Öztürk – Bir Gece Daha Kal (Bass).wav,4:35,2026-07-21,2026-08-08,RADIO_ONLY
Öztürk – Bir Gece Daha Kal (Drums),Aşkın Öztürk,Aşkın Öztürk,Aşkın Öztürk,Esin Banu Öztürk,Aşkın Öztürk & Esin Banu Öztürk (AURA SONİC OFFİCİAL),d7c25e4fea18cdf06cbe4adff8a9a02e0fbe3a37191bf1ad90918dc878a7b956,Aşkın Öztürk – Bir Gece Daha Kal (Drums).wav,4:35,2026-07-21,2026-08-08,RADIO_ONLY
Öztürk – Bir Gece Daha Kal (FX),Aşkın Öztürk,Aşkın Öztürk,Aşkın Öztürk,Esin Banu Öztürk,Aşkın Öztürk & Esin Banu Öztürk (AURA SONİC OFFİCİAL),e0d4af4f8d4254a2883cb1594ce85bcda12014c1454ae39c7423eef3cfb1fee7,Aşkın Öztürk – Bir Gece Daha Kal (FX).wav,4:35,2026-07-21,2026-08-08,RADIO_ONLY
Öztürk – Bir Gece Daha Kal (Guitar),Aşkın Öztürk,Aşkın Öztürk,Aşkın Öztürk,Esin Banu Öztürk,Aşkın Öztürk & Esin Banu Öztürk (AURA SONİC OFFİCİAL),6c824b51cb5401996877c1babd91864a05472cb770b30be167e76d517c2889fa,Aşkın Öztürk – Bir Gece Daha Kal (Guitar).wav,4:35,2026-07-21,2026-08-08,RADIO_ONLY
Öztürk – Bir Gece Daha Kal (Keyboard),Aşkın Öztürk,Aşkın Öztürk,Aşkın Öztürk,Esin Banu Öztürk,Aşkın Öztürk & Esin Banu Öztürk (AURA SONİC OFFİCİAL),c4b0bc576cccbf1a280724981ba532107b3f7810c0c7152ad3ca3deef667254c,Aşkın Öztürk – Bir Gece Daha Kal (Keyboard).wav,4:35,2026-07-21,2026-08-08,RADIO_ONLY
Öztürk – Bir Gece Daha Kal (Percussion),Aşkın Öztürk,Aşkın Öztürk,Aşkın Öztürk,Esin Banu Öztürk,Aşkın Öztürk & Esin Banu Öztürk (AURA SONİC OFFİCİAL),993192932869867aa1c0ccb9c03e6c9d1b8453f8d10bb2507ba7c00afa960a31,Aşkın Öztürk – Bir Gece Daha Kal (Percussion).wav,4:35,2026-07-21,2026-08-08,RADIO_ONLY
Öztürk – Bir Gece Daha Kal (Strings),Aşkın Öztürk,Aşkın Öztürk,Aşkın Öztürk,Esin Banu Öztürk,Aşkın Öztürk & Esin Banu Öztürk (AURA SONİC OFFİCİAL),60d4df6e476472a0016a64f0a5e3da4b3c098e09141204aa2e7ef3bf0443a948,Aşkın Öztürk – Bir Gece Daha Kal (Strings).wav,4:35,2026-07-21,2026-08-08,RADIO_ONLY
Öztürk – Bir Gece Daha Kal (Synth),Aşkın Öztürk,Aşkın Öztürk,Aşkın Öztürk,Esin Banu Öztürk,Aşkın Öztürk & Esin Banu Öztürk (AURA SONİC OFFİCİAL),6d80861168a395cdcccb0f5104f18ca6b3f95dae5bff355067e520784509ce66,Aşkın Öztürk – Bir Gece Daha Kal (Synth).wav,4:35,2026-07-21,2026-08-08,RADIO_ONLY
Öztürk – Dön Artık Yar,Aşkın Öztürk,Aşkın Öztürk,Aşkın Öztürk,Esin Banu Öztürk,Aşkın Öztürk & Esin Banu Öztürk (AURA SONİC OFFİCİAL),3666d599ace673ee577ff6a8f2e5c20264a4e6d808f4c3830a7b6c33f56d6f5d,Aşkın Öztürk – Dön Artık Yar.wav,4:07,2026-05-11,2026-08-08,RADIO_ONLY
Öztürk- EVERY YEAR YOU CAN,Aşkın Öztürk,Aşkın Öztürk,Aşkın Öztürk,Esin Banu Öztürk,Aşkın Öztürk & Esin Banu Öztürk (AURA SONİC OFFİCİAL),6cc66f9812d06886c4666bf654317f391afb081413e0b72bcce2cb627f60ab72,Aşkın Öztürk- EVERY YEAR YOU CAN.wav,3:44,2026-08-11,2026-08-31,RADIO_ONLY
Öztürk- LEARN YOU AGAIN,Aşkın Öztürk,Aşkın Öztürk,Aşkın Öztürk,Esin Banu Öztürk,Aşkın Öztürk & Esin Banu Öztürk (AURA SONİC OFFİCİAL),93eeb1cf7006758adf7e4f85f02c6a4d025b1e0908e488f449572f2c8c147cab,Aşkın Öztürk- LEARN YOU AGAIN.wav,3:59,2026-08-11,2026-08-31,RADIO_ONLY
Öztürk-BEN BU YOLDAN GEÇTİM,Aşkın Öztürk,Aşkın Öztürk,Aşkın Öztürk,Esin Banu Öztürk,Aşkın Öztürk & Esin Banu Öztürk (AURA SONİC OFFİCİAL),4d7ecfc3735603032030779a247bc2a10320d0e1c05855cc31b063c5c37082fc,Aşkın Öztürk-BEN BU YOLDAN GEÇTİM.mp3,4:34,2026-08-02,2026-08-08,RADIO_ONLY
Öztürk-HOLD ME TO THE TRUTH,Aşkın Öztürk,Aşkın Öztürk,Aşkın Öztürk,Esin Banu Öztürk,Aşkın Öztürk & Esin Banu Öztürk (AURA SONİC OFFİCİAL),0f0449538c798c4eb1be5bdbeb03e1f6b5187154bf9ccb0ff83d6aa6973a98c8,Aşkın Öztürk-HOLD ME TO THE TRUTH.mp3,5:06,2026-07-12,2026-08-08,RADIO_ONLY
Öztürk-KARA YEL ALDI BENİ,Aşkın Öztürk,Aşkın Öztürk,Aşkın Öztürk,Esin Banu Öztürk,Aşkın Öztürk & Esin Banu Öztürk (AURA SONİC OFFİCİAL),1efde8d25e13b762c55f2bcfd6e542b7f2c34d3382f05cb4aafafe965140b4d0,Aşkın Öztürk-KARA YEL ALDI BENİ.mp3,4:34,2026-08-02,2026-08-08,RADIO_ONLY
Öztürk-KIRILDIĞIM YERDE KALDIM,Aşkın Öztürk,Aşkın Öztürk,Aşkın Öztürk,Esin Banu Öztürk,Aşkın Öztürk & Esin Banu Öztürk (AURA SONİC OFFİCİAL),1793b7d0fb03b07e86a70a685dcb5fc48e7e758d29133f6016138354a0f9e3e9,Aşkın Öztürk-KIRILDIĞIM YERDE KALDIM.mp3,5:09,2026-08-02,2026-08-08,RADIO_ONLY
Öztürk-KİMSE BİLMEZ,Aşkın Öztürk,Aşkın Öztürk,Aşkın Öztürk,Esin Banu Öztürk,Aşkın Öztürk & Esin Banu Öztürk (AURA SONİC OFFİCİAL),92f1858fcc45ad35f21a3be70b590ce263d47ba275d0a8d15653f72456951c42,Aşkın Öztürk-KİMSE BİLMEZ.mp3,4:46,2026-08-02,2026-08-08,RADIO_ONLY
Öztürk-LOVE ME AFTER THE NOISE,Aşkın Öztürk,Aşkın Öztürk,Aşkın Öztürk,Esin Banu Öztürk,Aşkın Öztürk & Esin Banu Öztürk (AURA SONİC OFFİCİAL),a21ad59c7369cbc963b11054778c06c6ed223415d18ee3fe06f0dbdead2998ab,Aşkın Öztürk-LOVE ME AFTER THE NOISE.mp3,5:49,2026-07-12,2026-08-08,RADIO_ONLY
Öztürk-NO REPLY NEEDED,Aşkın Öztürk,Aşkın Öztürk,Aşkın Öztürk,Esin Banu Öztürk,Aşkın Öztürk & Esin Banu Öztürk (AURA SONİC OFFİCİAL),3a644a7a1defa41a3791663f4dafa2dae078607db542b025fb02ae961f7205e9,Aşkın Öztürk-NO REPLY NEEDED.wav,5:25,2026-08-11,2026-08-31,RADIO_ONLY
Öztürk-PRIDE SPOKE FIRST,Aşkın Öztürk,Aşkın Öztürk,Aşkın Öztürk,Esin Banu Öztürk,Aşkın Öztürk & Esin Banu Öztürk (AURA SONİC OFFİCİAL),10133b99c3e6e3e60f4ae6710a38039191fee580dcacbfcd3d2658f6c58ebb42,Aşkın Öztürk-PRIDE SPOKE FIRST.wav,3:32,2026-08-11,2026-08-31,RADIO_ONLY
Öztürk-SALT AND HONEY,Aşkın Öztürk,Aşkın Öztürk,Aşkın Öztürk,Esin Banu Öztürk,Aşkın Öztürk & Esin Banu Öztürk (AURA SONİC OFFİCİAL),4283e8e41d037146596f014c5e83fe56eb947802eee83d8ccb01e8ae5d633b0c,Aşkın Öztürk-SALT AND HONEY.wav,3:34,2026-08-11,2026-08-31,RADIO_ONLY
Öztürk-STAYING ISN'T ALWAYS LOVE,Aşkın Öztürk,Aşkın Öztürk,Aşkın Öztürk,Esin Banu Öztürk,Aşkın Öztürk & Esin Banu Öztürk (AURA SONİC OFFİCİAL),a5fcd26a68e8525aa1c514fd5bf644e4942d3f3d2fa3791ac763b2c20e413dbd,Aşkın Öztürk-STAYING ISN'T ALWAYS LOVE.wav,3:44,2026-08-11,2026-08-31,RADIO_ONLY
Öztürk-THE NIGHT WONT TAKE US,Aşkın Öztürk,Aşkın Öztürk,Aşkın Öztürk,Esin Banu Öztürk,Aşkın Öztürk & Esin Banu Öztürk (AURA SONİC OFFİCİAL),7611973049490d3afda748cb0954d9709cd84bdce0965e4addb91671a300bb90,Aşkın Öztürk-THE NIGHT WONT TAKE US.mp3,4:49,2026-07-12,2026-08-08,RADIO_ONLY
Öztürk-TURN THE SILENCE UP,Aşkın Öztürk,Aşkın Öztürk,Aşkın Öztürk,Esin Banu Öztürk,Aşkın Öztürk & Esin Banu Öztürk (AURA SONİC OFFİCİAL),3741b9c274e2046f8f5a0e35eabd24f8875311ae18089712a51db1236a8b18f5,Aşkın Öztürk-TURN THE SILENCE UP.mp3,5:43,2026-07-12,2026-08-08,RADIO_ONLY
Öztürk-UNTIL THE WIRES GLOW,Aşkın Öztürk,Aşkın Öztürk,Aşkın Öztürk,Esin Banu Öztürk,Aşkın Öztürk & Esin Banu Öztürk (AURA SONİC OFFİCİAL),9749992c0a55de6780d20f44061b66030ac9d1d5b5749c93a53ecd1c97c71e55,Aşkın Öztürk-UNTIL THE WIRES GLOW.mp3,5:18,2026-07-12,2026-08-08,RADIO_ONLY
Öztürk-YÜZÜNÜ EKSİLTME,Aşkın Öztürk,Aşkın Öztürk,Aşkın Öztürk,Esin Banu Öztürk,Aşkın Öztürk & Esin Banu Öztürk (AURA SONİC OFFİCİAL),565f1fc6c556b263ea9b60ea9d0e25f7ebda3335636df399003fe045f26c3f08,Aşkın Öztürk-YÜZÜNÜ EKSİLTME.mp3,4:36,2026-08-02,2026-08-08,RADIO_ONLY
ATEŞİNE YAKIN,Babaconda,Aşkın Öztürk,Aşkın Öztürk,Esin Banu Öztürk,Aşkın Öztürk & Esin Banu Öztürk (AURA SONİC OFFİCİAL),2f74c4ce3a137241922d440390b98474ef5407a1ad0882678b6792a9d7fa3357,BABACONDA--ATEŞİNE YAKIN.mp3,3:31,2026-07-20,2026-08-08,RADIO_ONLY
Ateşine Yakın,Babaconda,Aşkın Öztürk,Aşkın Öztürk,Esin Banu Öztürk,Aşkın Öztürk & Esin Banu Öztürk (AURA SONİC OFFİCİAL),2c678845db0a886d58ca615bc1a5a351ac8143377cd055e283fd3c32ef3d214a,Babaconda - Ateşine Yakın.mp3,3:31,2026-07-20,2026-08-08,RADIO_ONLY
BABACONDA — AÇIK HESAP,Babaconda,Aşkın Öztürk,Aşkın Öztürk,Esin Banu Öztürk,Aşkın Öztürk & Esin Banu Öztürk (AURA SONİC OFFİCİAL),7e85115688c920a7f15a8bbc49c3107cf719fcb9ed1aeebf8ab70021b3a1fd9f, clean_BABACONDA — AÇIK HESAP.wav,2:35,2026-09-05,2026-09-05,RADIO_ONLY
BABACONDA — KURAL DIŞI,Babaconda,Aşkın Öztürk,Aşkın Öztürk,Esin Banu Öztürk,Aşkın Öztürk & Esin Banu Öztürk (AURA SONİC OFFİCİAL),c5d44abfb4f30e1a6d4b5919bfbd52ec18cd0f29bd08b85da61bb10c7d093f70, clean_BABACONDA — KURAL DIŞI.wav,2:40,2026-09-05,2026-09-05,RADIO_ONLY
Bir Bakışlık,Babaconda,Aşkın Öztürk,Aşkın Öztürk,Esin Banu Öztürk,Aşkın Öztürk & Esin Banu Öztürk (AURA SONİC OFFİCİAL),bbf158f6ed271a3532a20656938ac66bee974c2454badab78e54f2e46bf7b23f,Babaconda - Bir Bakışlık.mp3,4:20,2026-07-19,2026-08-08,RADIO_ONLY
BİR TEK SEN DOĞRU ÇIKTIN,Babaconda,Aşkın Öztürk,Aşkın Öztürk,Esin Banu Öztürk,Aşkın Öztürk & Esin Banu Öztürk (AURA SONİC OFFİCİAL),41f5896264b374178e79b97985beda7f2b67ebf41bf9c205934886c7cbbb38fc,BABACONDA-BİR TEK SEN DOĞRU ÇIKTIN.mp3,2:49,2026-08-02,2026-08-08,RADIO_ONLY
ERİŞİMİN YOK,Babaconda,Aşkın Öztürk,Aşkın Öztürk,Esin Banu Öztürk,Aşkın Öztürk & Esin Banu Öztürk (AURA SONİC OFFİCİAL),377aa6e198a9d354713cf4c5821487a7408a3de1f02ed597ec4185b0f939fab3,Babaconda-ERİŞİMİN YOK.mp3,3:11,2026-08-02,2026-08-08,RADIO_ONLY
EĞİLMEM GEÇMEM,Babaconda,Aşkın Öztürk,Aşkın Öztürk,Esin Banu Öztürk,Aşkın Öztürk & Esin Banu Öztürk (AURA SONİC OFFİCİAL),95169a2626ed6d5b15596cdd47fd588da28006f1bf2fba04f336f0d9691af8c3,Babaconda-EĞİLMEM GEÇMEM.mp3,4:44,2026-08-02,2026-08-08,RADIO_ONLY
Kapalı Şehir,Babaconda,Aşkın Öztürk,Aşkın Öztürk,Esin Banu Öztürk,Aşkın Öztürk & Esin Banu Öztürk (AURA SONİC OFFİCİAL),62106dcb6d01fa44a6fbec6289ceee67e9092d4f554cff3e6e2e92e8d5303f1f,Babaconda - Kapalı Şehir.mp3,4:22,2026-07-19,2026-08-08,RADIO_ONLY
Vın Vın Şapo,Babaconda,Aşkın Öztürk,Aşkın Öztürk,Esin Banu Öztürk,Aşkın Öztürk & Esin Banu Öztürk (AURA SONİC OFFİCİAL),4f48a1376b78d7a9e397fc42a52c9840f3f86fefc76dffc78c548281338036ba,Babaconda - Vın Vın Şapo.mp3,4:28,2026-07-19,2026-08-08,RADIO_ONLY
BANU unuttu beni,Banu Öztürk,Aşkın Öztürk,Aşkın Öztürk,Esin Banu Öztürk,Aşkın Öztürk & Esin Banu Öztürk (AURA SONİC OFFİCİAL),0d86e118f01d17ad9ee36c5a6ce0b56939f7f0ad4034e1c8320f5d87e23a4fd0, clean_BANU_unuttu beni.wav,7:59,2026-07-22,2026-08-08,RADIO_ONLY
GÖZLERİN BENİ UNUTTU,Berivan Beydağ,Aşkın Öztürk,Aşkın Öztürk,Esin Banu Öztürk,Aşkın Öztürk & Esin Banu Öztürk (AURA SONİC OFFİCİAL),fe9dc530093fc87b94290ff577b2c6c2bbcf7c2744d6238d05f1febadb32b5db,BERİVAN BEYDAĞ - GÖZLERİN BENİ UNUTTU.mp3,5:54,2026-07-18,2026-08-08,RADIO_ONLY
Gözlerin Nihavent,Berivan Beydağ,Aşkın Öztürk,Aşkın Öztürk,Esin Banu Öztürk,Aşkın Öztürk & Esin Banu Öztürk (AURA SONİC OFFİCİAL),47be4c842b44f9a4d42a6a26e7a8c2e52a74ad83a3a9e70bedd012df40742ef3,Berivan Beydağ - Gözlerin Nihavent.mp3,3:02,2026-07-19,2026-08-08,RADIO_ONLY
NE YANA DÖNSEM SEN VARSIN,Berivan Beydağ,Aşkın Öztürk,Aşkın Öztürk,Esin Banu Öztürk,Aşkın Öztürk & Esin Banu Öztürk (AURA SONİC OFFİCİAL),18d3d978b7d076170bfa25a0a1205b0834f83e29a126b58305dcbb57ca25e632,BERİVAN BEYDAĞ - NE YANA DÖNSEM SEN VARSIN.mp3,5:23,2026-07-18,2026-08-08,RADIO_ONLY
PALANDÖKENE KAR YAĞDI,Berivan Beydağ,Aşkın Öztürk,Aşkın Öztürk,Esin Banu Öztürk,Aşkın Öztürk & Esin Banu Öztürk (AURA SONİC OFFİCİAL),4c740219b1c6b507ad759171e46532d9013ebc83ef7c23a1810d0f5a7a8289c0,BERİVAN BEYDAĞ - PALANDÖKENE KAR YAĞDI.mp3,5:23,2026-07-18,2026-08-08,RADIO_ONLY
BENDE EN ÇOK SEN KALDIN,Berk Taşkın,Aşkın Öztürk,Aşkın Öztürk,Esin Banu Öztürk,Aşkın Öztürk & Esin Banu Öztürk (AURA SONİC OFFİCİAL),14f5f50c58c097e58ba71756db8b6d2aec0cafaa65d9a323f4d95a2946b9ec13,Berk Taşkın-BENDE EN ÇOK SEN KALDIN.mp3,3:54,2026-08-02,2026-08-08,RADIO_ONLY
Yetecek Kadar Kaldı,Berk Taşkın,Aşkın Öztürk,Aşkın Öztürk,Esin Banu Öztürk,Aşkın Öztürk & Esin Banu Öztürk (AURA SONİC OFFİCİAL),2d7dcb5ca9c466786a15a20ebf0b203098b747086c11e1b4feb870818668113d,Berk Taşkın - Yetecek Kadar Kaldı.mp3,5:24,2026-07-19,2026-08-08,RADIO_ONLY
BENİ ÖĞRENİP ONA GİTME,Buğra Mert,Aşkın Öztürk,Aşkın Öztürk,Esin Banu Öztürk,Aşkın Öztürk & Esin Banu Öztürk (AURA SONİC OFFİCİAL),8e186abf8ddfcaa4b5d469df6c4ae57eef3733fda8a9f0536b178b2316baf1ad,Buğra Mert-BENİ ÖĞRENİP ONA GİTME.mp3,4:29,2026-08-02,2026-08-08,RADIO_ONLY
Bu Meyhane Beni Tanır,Buğra Mert,Aşkın Öztürk,Aşkın Öztürk,Esin Banu Öztürk,Aşkın Öztürk & Esin Banu Öztürk (AURA SONİC OFFİCİAL),94ba82323f360e2880d9b48d1828efaf7fac27372c13545c5b924635fddad131,Buğra Mert - Bu Meyhane Beni Tanır.mp3,2:59,2026-07-19,2026-08-08,RADIO_ONLY
KALBİMİN MASASINDA,Buğra Mert,Aşkın Öztürk,Aşkın Öztürk,Esin Banu Öztürk,Aşkın Öztürk & Esin Banu Öztürk (AURA SONİC OFFİCİAL),a78f97bdc902d5664b3cb189d0d51bfb4194416112bae2b0611b44f095140508,BUĞRA MERT-KALBİMİN MASASINDA.mp3,4:28,2026-07-20,2026-08-08,RADIO_ONLY
Kalbimin Masasında,Buğra Mert,Aşkın Öztürk,Aşkın Öztürk,Esin Banu Öztürk,Aşkın Öztürk & Esin Banu Öztürk (AURA SONİC OFFİCİAL),7faf54fc33ca9b3edfd76499a4034e4f07edbc6e442c26cf3bda4861b1e2f2a7,Buğra Mert - Kalbimin Masasında.mp3,4:28,2026-07-20,2026-08-08,RADIO_ONLY
İMZAYI ATTIN M,Buğra Mert,Aşkın Öztürk,Aşkın Öztürk,Esin Banu Öztürk,Aşkın Öztürk & Esin Banu Öztürk (AURA SONİC OFFİCİAL),a68fb12904bd49b9963b95b907321e51e5d3c5cd6d2a196d4dd749b878025852,BUĞRA MERT-İMZAYI ATTIN M.mp3,3:42,2026-08-02,2026-08-08,RADIO_ONLY
BENEATH THE CROWN,CHRONOS,Aşkın Öztürk,Aşkın Öztürk,Esin Banu Öztürk,Aşkın Öztürk & Esin Banu Öztürk (AURA SONİC OFFİCİAL),bcf01c1a093ff72333fcd127344fc0c65d00878f995b6f87263f4930369caf8d, clean_BENEATH THE CROWN.wav,3:43,2026-05-30,2026-08-08,RADIO_ONLY
BENEATH THE CROWN-Chronos,CHRONOS,Aşkın Öztürk,Aşkın Öztürk,Esin Banu Öztürk,Aşkın Öztürk & Esin Banu Öztürk (AURA SONİC OFFİCİAL),ac8de2bcb76252b55204727e81920514178a6fd023083aba1ad32f0582068492, clean_BENEATH THE CROWN-Chronos.mp3,3:43,2026-07-28,2026-08-08,RADIO_ONLY
CHRONOS-The Chronos,CHRONOS,Aşkın Öztürk,Aşkın Öztürk,Esin Banu Öztürk,Aşkın Öztürk & Esin Banu Öztürk (AURA SONİC OFFİCİAL),39667d531969f0b4de6e6c8db311ff07bad40d72f21c0673587e5358c8c5e642, clean_CHRONOS-The Chronos.mp3,3:48,2026-07-28,2026-08-08,RADIO_ONLY
LAST KING STANDING,CHRONOS,Aşkın Öztürk,Aşkın Öztürk,Esin Banu Öztürk,Aşkın Öztürk & Esin Banu Öztürk (AURA SONİC OFFİCİAL),31bb30e116435813f0ceb99b1570b2ce9ac3ce594cf83e7015ce2b357d06a9d3, clean_LAST KING STANDING.wav,4:47,2026-05-30,2026-08-08,RADIO_ONLY
LAST KING STANDING-Chronos,CHRONOS,Aşkın Öztürk,Aşkın Öztürk,Esin Banu Öztürk,Aşkın Öztürk & Esin Banu Öztürk (AURA SONİC OFFİCİAL),f2f2f2609c41cbc401efa4df002bec087a821196f2ff9949a5bc804bad78a714, clean_LAST KING STANDING-Chronos.mp3,4:47,2026-07-28,2026-08-08,RADIO_ONLY
THE CHRONOS,CHRONOS,Aşkın Öztürk,Aşkın Öztürk,Esin Banu Öztürk,Aşkın Öztürk & Esin Banu Öztürk (AURA SONİC OFFİCİAL),bcf01c1a093ff72333fcd127344fc0c65d00878f995b6f87263f4930369caf8d,sarki.wav,3:43,2026-05-30,2026-08-08,RADIO_ONLY
WOLVES AFTER MIDNIGHT,CHRONOS,Aşkın Öztürk,Aşkın Öztürk,Esin Banu Öztürk,Aşkın Öztürk & Esin Banu Öztürk (AURA SONİC OFFİCİAL),0898385434054926650aff41e18ace92372a3565c0dd66f423509ff22b8306dc, clean_WOLVES AFTER MIDNIGHT.wav,3:34,2026-05-30,2026-08-08,RADIO_ONLY
WOLVES AFTER MIDNIGHT-Chronos,CHRONOS,Aşkın Öztürk,Aşkın Öztürk,Esin Banu Öztürk,Aşkın Öztürk & Esin Banu Öztürk (AURA SONİC OFFİCİAL),94c04ea9d214978a2b678f15760cf184b015a32e047453503d4abbf769e088f1, clean_WOLVES AFTER MIDNIGHT-Chronos.mp3,3:34,2026-07-28,2026-08-08,RADIO_ONLY
BENİ ÖZLEMEDİN,Can Erdem,Aşkın Öztürk,Aşkın Öztürk,Esin Banu Öztürk,Aşkın Öztürk & Esin Banu Öztürk (AURA SONİC OFFİCİAL),5000728287ba3f8bff71ed16cfac5f69703750f9481bc7c46037838ff0f13250,CAN ERDEM BENİ ÖZLEMEDİN.mp3,3:54,2026-08-02,2026-08-08,RADIO_ONLY
KALANIN ADI AŞK,Can Erdem,Aşkın Öztürk,Aşkın Öztürk,Esin Banu Öztürk,Aşkın Öztürk & Esin Banu Öztürk (AURA SONİC OFFİCİAL),7fb59119169c583dae8615c090a6be3d9f7d2f471786c5e00a5e35a7e6e71a37,CAN ERDEM-KALANIN ADI AŞK.mp3,3:32,2026-08-02,2026-08-08,RADIO_ONLY
ASHAMED THAT IT HURTS,Carl Braint,Aşkın Öztürk,Aşkın Öztürk,Esin Banu Öztürk,Aşkın Öztürk & Esin Banu Öztürk (AURA SONİC OFFİCİAL),eb87d53a0c448a317965655776bbfeeba393118331c7a5f58a5b8d6f11416909,Carl Braint  -ASHAMED THAT IT HURTS.wav,3:14,2026-08-11,2026-08-31,RADIO_ONLY
BÜTÜN KURALLAR BOZULUR,Carl Braint,Aşkın Öztürk,Aşkın Öztürk,Esin Banu Öztürk,Aşkın Öztürk & Esin Banu Öztürk (AURA SONİC OFFİCİAL),49b088dda7c14e770f4cbbdbc8c7421b7d95af4c0b3f645f6d5e2bc9065ce85a,CARL BRAİNT-BÜTÜN KURALLAR BOZULUR.mp3,4:17,2026-07-20,2026-08-08,RADIO_ONLY
CARL BRAİNT- MY HEART IS STRANDED ON,Carl Braint,Aşkın Öztürk,Aşkın Öztürk,Esin Banu Öztürk,Aşkın Öztürk & Esin Banu Öztürk (AURA SONİC OFFİCİAL),950638fbcd8a80f6259302f810bf9640c93161502ef1674b01d37c3c9bf854b2, clean_CARL BRAİNT- MY HEART IS STRANDED ON.mp3,4:01,2026-07-28,2026-08-08,RADIO_ONLY
Carl Braint -ASHAMED THAT IT HURTS,Carl Braint,Aşkın Öztürk,Aşkın Öztürk,Esin Banu Öztürk,Aşkın Öztürk & Esin Banu Öztürk (AURA SONİC OFFİCİAL),6252bc50eacffd17365ea1fc8cc4cb918c2c9844862f0742ac134353f658b2df, clean_Carl Braint -ASHAMED THAT IT HURTS.mp3,3:14,2026-08-08,2026-08-08,RADIO_ONLY
Carl Braint -I CANT REPAY YOU WITH FOREVER,Carl Braint,Aşkın Öztürk,Aşkın Öztürk,Esin Banu Öztürk,Aşkın Öztürk & Esin Banu Öztürk (AURA SONİC OFFİCİAL),b792748a6d7fefd7162da78857957a64e72b63166d6b76693ec935b050c7c26f, clean_Carl Braint -I CANT REPAY YOU WITH FOREVER.mp3,3:33,2026-08-08,2026-08-08,RADIO_ONLY
Carl Braint -NO BREAKUP SONG,Carl Braint,Aşkın Öztürk,Aşkın Öztürk,Esin Banu Öztürk,Aşkın Öztürk & Esin Banu Öztürk (AURA SONİC OFFİCİAL),e7e6b42a7e010fa158c94348c9ba0817195979d015981405f0f3533f8999631b, clean_Carl Braint -NO BREAKUP SONG.mp3,4:04,2026-08-08,2026-08-08,RADIO_ONLY
Carl Braint -STILL PUNISHING US,Carl Braint,Aşkın Öztürk,Aşkın Öztürk,Esin Banu Öztürk,Aşkın Öztürk & Esin Banu Öztürk (AURA SONİC OFFİCİAL),f19109a173eeabd04eaefb275d30f8f8e36a6732887721d01df4b4ad049ae48b, clean_Carl Braint -STILL PUNISHING US.mp3,3:29,2026-08-08,2026-08-08,RADIO_ONLY
Carl Braint -THE YES I DONT HAVE,Carl Braint,Aşkın Öztürk,Aşkın Öztürk,Esin Banu Öztürk,Aşkın Öztürk & Esin Banu Öztürk (AURA SONİC OFFİCİAL),564495563a6d324c90b648f2ea8e86173c0094ff5394c6fb958cded76e978fbc, clean_Carl Braint -THE YES I DONT HAVE.mp3,3:39,2026-08-08,2026-08-08,RADIO_ONLY
Carl Braint -TIRED DOESNT MEAN LESS,Carl Braint,Aşkın Öztürk,Aşkın Öztürk,Esin Banu Öztürk,Aşkın Öztürk & Esin Banu Öztürk (AURA SONİC OFFİCİAL),3423b90e856371267aa7b8016cab458066f8ce3e0b22b8b2fc63ef8de08f52ce, clean_Carl Braint -TIRED DOESNT MEAN LESS.mp3,4:04,2026-08-08,2026-08-08,RADIO_ONLY
Carl Braint -TRYING TO BECOME THREE,Carl Braint,Aşkın Öztürk,Aşkın Öztürk,Esin Banu Öztürk,Aşkın Öztürk & Esin Banu Öztürk (AURA SONİC OFFİCİAL),bf575452ed621a1402c9ba5614e0c61c15ffe4e2c2f4d7886b8493ea566425d6, clean_Carl Braint -TRYING TO BECOME THREE.mp3,3:51,2026-08-08,2026-08-08,RADIO_ONLY
Carl Braint -YOU NEVER ASKED ME TO,Carl Braint,Aşkın Öztürk,Aşkın Öztürk,Esin Banu Öztürk,Aşkın Öztürk & Esin Banu Öztürk (AURA SONİC OFFİCİAL),114b6290e304632f80cc8746dd1fc811e84c80388629a1fe974ab1bc128aae8a, clean_Carl Braint -YOU NEVER ASKED ME TO.mp3,3:58,2026-08-08,2026-08-08,RADIO_ONLY
I CAN'T REPAY YOU WITH FOREVER,Carl Braint,Aşkın Öztürk,Aşkın Öztürk,Esin Banu Öztürk,Aşkın Öztürk & Esin Banu Öztürk (AURA SONİC OFFİCİAL),7fb88d5f397a3e84a3a8d00bbb2b98b437155c74865994d1294a8d89f5fce8c7,Carl Braint  -I CAN'T REPAY YOU WITH FOREVER.wav,3:33,2026-08-11,2026-08-31,RADIO_ONLY
NAZIN BANA SÖKMEZ,Carl Braint,Aşkın Öztürk,Aşkın Öztürk,Esin Banu Öztürk,Aşkın Öztürk & Esin Banu Öztürk (AURA SONİC OFFİCİAL),d3d0de3db177c532ba6fcb541547d71d0b37d5e181376cc5c5b76f92dc349005,CARL BRAİNT-NAZIN BANA SÖKMEZ.mp3,4:22,2026-07-20,2026-08-08,RADIO_ONLY
NO BREAKUP SONG,Carl Braint,Aşkın Öztürk,Aşkın Öztürk,Esin Banu Öztürk,Aşkın Öztürk & Esin Banu Öztürk (AURA SONİC OFFİCİAL),d7e15dba0fbe9779fd61bf33b337ba317fb389a6d519c1ec67c08be27128e367,Carl Braint  -NO BREAKUP SONG.wav,4:04,2026-08-11,2026-08-31,RADIO_ONLY
Nazın Bana Sökmez,Carl Braint,Aşkın Öztürk,Aşkın Öztürk,Esin Banu Öztürk,Aşkın Öztürk & Esin Banu Öztürk (AURA SONİC OFFİCİAL),98db2f64350f40f66ec91950ebc0395e991e0595703d4793a74fb126ab9dcf62,Carl Braint - Nazın Bana Sökmez.mp3,4:22,2026-07-20,2026-08-08,RADIO_ONLY
STILL PUNISHING US,Carl Braint,Aşkın Öztürk,Aşkın Öztürk,Esin Banu Öztürk,Aşkın Öztürk & Esin Banu Öztürk (AURA SONİC OFFİCİAL),c0c72de8f4f9d1c58baabbb771d157ff07555b05c7b127c6234fe416fc2caef6,Carl Braint   -STILL PUNISHING US.wav,3:29,2026-08-11,2026-08-31,RADIO_ONLY
THE YES I DON'T HAVE,Carl Braint,Aşkın Öztürk,Aşkın Öztürk,Esin Banu Öztürk,Aşkın Öztürk & Esin Banu Öztürk (AURA SONİC OFFİCİAL),a963396ab37348268a5e0af67972e0931cfe795c1debcab06b3fac70b6900665,Carl Braint  -THE YES I DON'T HAVE.wav,3:39,2026-08-11,2026-08-31,RADIO_ONLY
TIRED DOESN'T MEAN LESS,Carl Braint,Aşkın Öztürk,Aşkın Öztürk,Esin Banu Öztürk,Aşkın Öztürk & Esin Banu Öztürk (AURA SONİC OFFİCİAL),c07b9b6f69cee29d2d5c4be08239e657ab7c11965b0ae7538b0b946c49805a29,Carl Braint  -TIRED DOESN'T MEAN LESS.wav,4:04,2026-08-11,2026-08-31,RADIO_ONLY
TRYING TO BECOME THREE,Carl Braint,Aşkın Öztürk,Aşkın Öztürk,Esin Banu Öztürk,Aşkın Öztürk & Esin Banu Öztürk (AURA SONİC OFFİCİAL),c0770b23646a7f83b7745d4292edbe57c7bae80dae75e945e426832507f623fc,Carl Braint   -TRYING TO BECOME THREE.wav,3:51,2026-08-11,2026-08-31,RADIO_ONLY
YOU NEVER ASKED ME TO,Carl Braint,Aşkın Öztürk,Aşkın Öztürk,Esin Banu Öztürk,Aşkın Öztürk & Esin Banu Öztürk (AURA SONİC OFFİCİAL),18f18902c9621eb9d3ea96518daa5a000388749bcbef1e247820085cbfffa3b3,Carl Braint   -YOU NEVER ASKED ME TO.wav,3:58,2026-08-11,2026-08-31,RADIO_ONLY
CEM MERAKLI-sen benim aşkımdın,Cem Meraklı,Aşkın Öztürk,Aşkın Öztürk,Esin Banu Öztürk,Aşkın Öztürk & Esin Banu Öztürk (AURA SONİC OFFİCİAL),e8ed155c93a58d001cdb5363ded93aefc694b44950870de175ebb862e974a661, clean_CEM MERAKLI-sen benim aşkımdın.wav,3:09,2026-07-22,2026-08-08,RADIO_ONLY
SEN BENİM AŞKIMSIN,Cem Meraklı,Aşkın Öztürk,Aşkın Öztürk,Esin Banu Öztürk,Aşkın Öztürk & Esin Banu Öztürk (AURA SONİC OFFİCİAL),e2aabcfa293941e8a1b71510972d080094693ca45a1483d70f95ba6c138d2a4d,CEM MERAKLI - SEN BENİM AŞKIMSIN.mp3,3:14,2026-07-18,2026-08-08,RADIO_ONLY
Şerefe Be Hayat,Cem Meraklı,Aşkın Öztürk,Aşkın Öztürk,Esin Banu Öztürk,Aşkın Öztürk & Esin Banu Öztürk (AURA SONİC OFFİCİAL),f9016975217c9947b98b3e9f1e985675252fdaa13c6eae57dff24fe605fbd008,Cem Meraklı - Şerefe Be Hayat.mp3,6:20,2026-07-19,2026-08-08,RADIO_ONLY
BAD ADVICE,Chris Marlo,Aşkın Öztürk,Aşkın Öztürk,Esin Banu Öztürk,Aşkın Öztürk & Esin Banu Öztürk (AURA SONİC OFFİCİAL),2be628861e6be38afa04c7cd0a6e317a3d053c6498c6f6e2e734f3743eadf652,03-08-26-CHRIS MARLO BAD ADVICE.mp3,3:31,2026-08-04,2026-08-08,RADIO_ONLY
Chris Marlo Timing Right,Chris Marlo,Aşkın Öztürk,Aşkın Öztürk,Esin Banu Öztürk,Aşkın Öztürk & Esin Banu Öztürk (AURA SONİC OFFİCİAL),573080273d336ccf6ba77643bb0c7d07b586afc5d5daa3a41c29be7e30a50260, clean_Chris Marlo Timing Right.mp3,4:20,2026-08-08,2026-08-08,RADIO_ONLY
Chris Marlo-HALF A SUMMER,Chris Marlo,Aşkın Öztürk,Aşkın Öztürk,Esin Banu Öztürk,Aşkın Öztürk & Esin Banu Öztürk (AURA SONİC OFFİCİAL),494eb41b91bcb5e92f35a8b31eef6c43766e82d0ab677b839538c106b605cd25, clean_Chris Marlo-HALF A SUMMER.mp3,5:17,2026-08-08,2026-08-08,RADIO_ONLY
Chris Marlo-I WOULDNT ERASE US,Chris Marlo,Aşkın Öztürk,Aşkın Öztürk,Esin Banu Öztürk,Aşkın Öztürk & Esin Banu Öztürk (AURA SONİC OFFİCİAL),a641f4433938bdaf2771930f0ac6100ab504c73a7b521d1f0fd342652a67847f, clean_Chris Marlo-I WOULDNT ERASE US.mp3,3:13,2026-08-08,2026-08-08,RADIO_ONLY
Chris Marlo-LOVE SURVIVED THE DISTANCE,Chris Marlo,Aşkın Öztürk,Aşkın Öztürk,Esin Banu Öztürk,Aşkın Öztürk & Esin Banu Öztürk (AURA SONİC OFFİCİAL),29089dca7af7404293be48492eca424523936cc5a0d7acd7d7e0fcbaea65634a, clean_Chris Marlo-LOVE SURVIVED THE DISTANCE.mp3,3:22,2026-08-08,2026-08-08,RADIO_ONLY
Chris Marlo-MEET ME AS WE ARE,Chris Marlo,Aşkın Öztürk,Aşkın Öztürk,Esin Banu Öztürk,Aşkın Öztürk & Esin Banu Öztürk (AURA SONİC OFFİCİAL),a65ddb1cb5414061c88c1770bb79a1d535e82ffe6edb55cdc9462871b720bc0f, clean_Chris Marlo-MEET ME AS WE ARE.mp3,3:21,2026-08-08,2026-08-08,RADIO_ONLY
Chris Marlo-NEVER READY TOGETHER,Chris Marlo,Aşkın Öztürk,Aşkın Öztürk,Esin Banu Öztürk,Aşkın Öztürk & Esin Banu Öztürk (AURA SONİC OFFİCİAL),c2c345ffc0bcb04e6a54a354b899579915d29a575ba3375099241a863f62c6ff, clean_Chris Marlo-NEVER READY TOGETHER.mp3,2:58,2026-08-08,2026-08-08,RADIO_ONLY
Chris Marlo-WHO I WAS WITH YOU,Chris Marlo,Aşkın Öztürk,Aşkın Öztürk,Esin Banu Öztürk,Aşkın Öztürk & Esin Banu Öztürk (AURA SONİC OFFİCİAL),6c7fcf29c7f02572e7f6cdb6d8c6a10fa9a3992cd3bfe868f19a1ee5b1790240, clean_Chris Marlo-WHO I WAS WITH YOU.mp3,3:09,2026-08-08,2026-08-08,RADIO_ONLY
DON'T WAKE ME UP,Chris Marlo,Aşkın Öztürk,Aşkın Öztürk,Esin Banu Öztürk,Aşkın Öztürk & Esin Banu Öztürk (AURA SONİC OFFİCİAL),204baf6290078378dc4ad903b5ede4475347939a7c5f116335899faa6114533c,CHRIS MARLO-DON'T WAKE ME UP.wav,2:51,2026-08-13,2026-08-08,RADIO_ONLY
FEEL ALIVE,Chris Marlo,Aşkın Öztürk,Aşkın Öztürk,Esin Banu Öztürk,Aşkın Öztürk & Esin Banu Öztürk (AURA SONİC OFFİCİAL),b10a92332364ae165072713f7d02641226ec1b2918d83d2aedb869a417c26388,CHRIS MARLO-FEEL ALIVE.wav,3:33,2026-08-13,2026-08-08,RADIO_ONLY
HALF A SUMMER,Chris Marlo,Aşkın Öztürk,Aşkın Öztürk,Esin Banu Öztürk,Aşkın Öztürk & Esin Banu Öztürk (AURA SONİC OFFİCİAL),131fdd1163705d535018373e7d1e8e4214a4d021c0889594f0ce1a817c8c662c,Chris Marlo-HALF A SUMMER.wav,5:17,2026-08-11,2026-08-31,RADIO_ONLY
LOVE SURVIVED THE DISTANCE,Chris Marlo,Aşkın Öztürk,Aşkın Öztürk,Esin Banu Öztürk,Aşkın Öztürk & Esin Banu Öztürk (AURA SONİC OFFİCİAL),76c8e8d74489167241d814d11d911d6434df01bdf9127cd5980284c7804cb645,Chris Marlo-LOVE SURVIVED THE DISTANCE.wav,3:22,2026-08-11,2026-08-31,RADIO_ONLY
LUCKY ON PURPOSE,Chris Marlo,Aşkın Öztürk,Aşkın Öztürk,Esin Banu Öztürk,Aşkın Öztürk & Esin Banu Öztürk (AURA SONİC OFFİCİAL),37adce400c4ce0e66af7a0b09099853b9e3394eed1d68717cffc8f6ad2218b31,CHRIS MARLO LUCKY ON PURPOSE.mp3,3:50,2026-08-04,2026-08-08,RADIO_ONLY
MEET ME AS WE ARE,Chris Marlo,Aşkın Öztürk,Aşkın Öztürk,Esin Banu Öztürk,Aşkın Öztürk & Esin Banu Öztürk (AURA SONİC OFFİCİAL),8f04a1c26796cccab02b0ff675237aeaa431cf613dc7b016f28a20ad2821a3a7,Chris Marlo-MEET ME AS WE ARE.wav,3:21,2026-08-11,2026-08-31,RADIO_ONLY
NEVER READY TOGETHER,Chris Marlo,Aşkın Öztürk,Aşkın Öztürk,Esin Banu Öztürk,Aşkın Öztürk & Esin Banu Öztürk (AURA SONİC OFFİCİAL),e46a3c0b2a9f54bb34c1c37f37b56e15ce51038ba8b33f6ec61e5c10ff84421c,Chris Marlo-NEVER READY TOGETHER.wav,2:58,2026-08-11,2026-08-31,RADIO_ONLY
ONE MORE SUNRISE,Chris Marlo,Aşkın Öztürk,Aşkın Öztürk,Esin Banu Öztürk,Aşkın Öztürk & Esin Banu Öztürk (AURA SONİC OFFİCİAL),c58620a10bc8d8124966e40f074fab3dd158ee565220a2e4d761e7b1a09d46d1,03-08-26-CHRIS MARLO ONE MORE SUNRISE.mp3,4:04,2026-08-04,2026-08-08,RADIO_ONLY
ONE MORE SUNSET,Chris Marlo,Aşkın Öztürk,Aşkın Öztürk,Esin Banu Öztürk,Aşkın Öztürk & Esin Banu Öztürk (AURA SONİC OFFİCİAL),47a1c237a931a3ea19aad7041d0be8330eb1a3bd96fe1fb6f97a3e7ab647d2c9,CHRIS MARLO-ONE MORE SUNSET.wav,3:26,2026-08-13,2026-08-08,RADIO_ONLY
Second-Degree Summer,Chris Marlo,Aşkın Öztürk,Aşkın Öztürk,Esin Banu Öztürk,Aşkın Öztürk & Esin Banu Öztürk (AURA SONİC OFFİCİAL),95e82a88de86765fbf12026b0cfe830a29243468ab78d1a9d095297c237eef66,Chris Marlo - Second-Degree Summer.mp3,4:25,2026-07-11,2026-08-08,RADIO_ONLY
The Loudest Table,Chris Marlo,Aşkın Öztürk,Aşkın Öztürk,Esin Banu Öztürk,Aşkın Öztürk & Esin Banu Öztürk (AURA SONİC OFFİCİAL),796bb578c5ee7cc3968cad8617ed31382fd83f75d5ad155faedead41210bf723,Chris Marlo - The Loudest Table.mp3,3:54,2026-07-11,2026-08-08,RADIO_ONLY
WHO I WAS WITH YOU,Chris Marlo,Aşkın Öztürk,Aşkın Öztürk,Esin Banu Öztürk,Aşkın Öztürk & Esin Banu Öztürk (AURA SONİC OFFİCİAL),e68915c031b6dc1278efff8defb3f89f611346d50fa56da0b1cbc1246390cff5,Chris Marlo-WHO I WAS WITH YOU.wav,3:09,2026-08-11,2026-08-31,RADIO_ONLY
Whole World Quiet,Chris Marlo,Aşkın Öztürk,Aşkın Öztürk,Esin Banu Öztürk,Aşkın Öztürk & Esin Banu Öztürk (AURA SONİC OFFİCİAL),b6a0d8870ae6968ea7ecdf7c18f4f9218858241b13d74c885cc2de25b7e6992b,Chris Marlo - Whole World Quiet.mp3,3:54,2026-07-11,2026-08-08,RADIO_ONLY
– Timing Right,Chris Marlo,Aşkın Öztürk,Aşkın Öztürk,Esin Banu Öztürk,Aşkın Öztürk & Esin Banu Öztürk (AURA SONİC OFFİCİAL),e5082155e4c350fa05a3cf4265f0a12f0a5293e916b3964ff503934d7c4de4a9,Chris Marlo – Timing Right.wav,4:20,2026-08-11,2026-08-31,RADIO_ONLY
— SHAKE THE LIGHT,Chris Marlo,Aşkın Öztürk,Aşkın Öztürk,Esin Banu Öztürk,Aşkın Öztürk & Esin Banu Öztürk (AURA SONİC OFFİCİAL),4cb5f810ff08d4c0da4bd0916433499bf9e33272c8c2de6f2364084eeaaba9fe,CHRIS MARLO — SHAKE THE LIGHT.wav,3:50,2026-06-25,2026-08-08,RADIO_ONLY
— SUMMER ON REPEAT,Chris Marlo,Aşkın Öztürk,Aşkın Öztürk,Esin Banu Öztürk,Aşkın Öztürk & Esin Banu Öztürk (AURA SONİC OFFİCİAL),3b0a0553a9ec2f48e1d5635fb94ed3b5cf02600345aec4ead01164f9aa055c95,CHRIS MARLO — SUMMER ON REPEAT.wav,3:21,2026-08-13,2026-08-08,RADIO_ONLY
— TURN IT UP,Chris Marlo,Aşkın Öztürk,Aşkın Öztürk,Esin Banu Öztürk,Aşkın Öztürk & Esin Banu Öztürk (AURA SONİC OFFİCİAL),5c94cc139ecf6a88aa0de479545dd30b0eb8bc2ef46619fed8f68551a25efbe8,CHRIS MARLO — TURN IT UP.wav,2:07,2026-08-13,2026-08-08,RADIO_ONLY
AFTER THE EASY YEARS,Ciro Valden,Aşkın Öztürk,Aşkın Öztürk,Esin Banu Öztürk,Aşkın Öztürk & Esin Banu Öztürk (AURA SONİC OFFİCİAL),1a1cb41f0e9ec68ee8e2bcbf0366f3cd5c806c7da9487aa11eeb6d90623b32bd,Ciro Valden-AFTER THE EASY YEARS.wav,3:56,2026-08-11,2026-08-31,RADIO_ONLY
BONFIRE SUMMER,Ciro Valden,Aşkın Öztürk,Aşkın Öztürk,Esin Banu Öztürk,Aşkın Öztürk & Esin Banu Öztürk (AURA SONİC OFFİCİAL),f962dda8fb55b1bc352ef57868b909cc1866a602aaca5b2ececf9a28d20806e3,CİRO VALDEN-BONFIRE SUMMER.mp3,3:15,2026-07-11,2026-08-08,RADIO_ONLY
CUARENTA Y TRES SEGUNDOS,Ciro Valden,Aşkın Öztürk,Aşkın Öztürk,Esin Banu Öztürk,Aşkın Öztürk & Esin Banu Öztürk (AURA SONİC OFFİCİAL),084f61664b537637dad55f7203b0e901f615da23ca73fafc3738600b820f8c28,03-08-26-Ciro Valden-CUARENTA Y TRES SEGUNDOS.wav,3:04,2026-08-11,2026-08-08,RADIO_ONLY
Ciro Valden-AFTER THE EASY YEARS,Ciro Valden,Aşkın Öztürk,Aşkın Öztürk,Esin Banu Öztürk,Aşkın Öztürk & Esin Banu Öztürk (AURA SONİC OFFİCİAL),5824acfe67b3528c65d12da2251ad7a475be1281082437616a1553cadb377efe, clean_Ciro Valden-AFTER THE EASY YEARS.mp3,3:56,2026-08-08,2026-08-08,RADIO_ONLY
Ciro Valden-DONT SAY MAÑANA,Ciro Valden,Aşkın Öztürk,Aşkın Öztürk,Esin Banu Öztürk,Aşkın Öztürk & Esin Banu Öztürk (AURA SONİC OFFİCİAL),d81c1659032588ba3e87c38fd57de26f4e59b490590cba55bb1b04bcd18680a6, clean_Ciro Valden-DONT SAY MAÑANA.mp3,3:24,2026-08-07,2026-08-08,RADIO_ONLY
Ciro Valden-LATE IS NOT TOO LATE,Ciro Valden,Aşkın Öztürk,Aşkın Öztürk,Esin Banu Öztürk,Aşkın Öztürk & Esin Banu Öztürk (AURA SONİC OFFİCİAL),33f34b538c75a63b6e9323f206b408f031e6e49751e09d7c47c4b2381f6cb18c, clean_Ciro Valden-LATE IS NOT TOO LATE.mp3,4:02,2026-08-08,2026-08-08,RADIO_ONLY
Ciro Valden-NOTHING IS WRONG,Ciro Valden,Aşkın Öztürk,Aşkın Öztürk,Esin Banu Öztürk,Aşkın Öztürk & Esin Banu Öztürk (AURA SONİC OFFİCİAL),7fb2b3c1badebb4decd6649dfba52b3ff1db76909c5a58d09901bf95637b7aba, clean_Ciro Valden-NOTHING IS WRONG.mp3,4:33,2026-08-08,2026-08-08,RADIO_ONLY
Ciro Valden-THE APOLOGY I KEPT AVOIDING,Ciro Valden,Aşkın Öztürk,Aşkın Öztürk,Esin Banu Öztürk,Aşkın Öztürk & Esin Banu Öztürk (AURA SONİC OFFİCİAL),0ecaca727e10a3fc7d7d130829a45ec1b42c0dee0af43c070190d5d8109e8618, clean_Ciro Valden-THE APOLOGY I KEPT AVOIDING.mp3,3:33,2026-08-08,2026-08-08,RADIO_ONLY
Ciro Valden-WANT NOT NEED,Ciro Valden,Aşkın Öztürk,Aşkın Öztürk,Esin Banu Öztürk,Aşkın Öztürk & Esin Banu Öztürk (AURA SONİC OFFİCİAL),97213abea95d839cb4b15023073e12782dad58136fcc788f5493e50d1a1cadd9, clean_Ciro Valden-WANT NOT NEED.mp3,3:31,2026-08-08,2026-08-08,RADIO_ONLY
Ciro Vaylen How Much Later,Ciro Valden,Aşkın Öztürk,Aşkın Öztürk,Esin Banu Öztürk,Aşkın Öztürk & Esin Banu Öztürk (AURA SONİC OFFİCİAL),bbc3490ad16d1eb5fae890aa5f5905fb9c38fe5eeffdf86d714cbbf7cbbaaba0, clean_Ciro Vaylen How Much Later.mp3,4:24,2026-08-08,2026-08-08,RADIO_ONLY
Ciro Vaylen-WRONG CENTURY,Ciro Valden,Aşkın Öztürk,Aşkın Öztürk,Esin Banu Öztürk,Aşkın Öztürk & Esin Banu Öztürk (AURA SONİC OFFİCİAL),6e69b85dbc35766e61492214c5c3e2d20d90e988cf1243d7c6b041b90c052fc6, clean_Ciro Vaylen-WRONG CENTURY.mp3,4:24,2026-08-08,2026-08-08,RADIO_ONLY
Fireworks Tonight,Ciro Valden,Aşkın Öztürk,Aşkın Öztürk,Esin Banu Öztürk,Aşkın Öztürk & Esin Banu Öztürk (AURA SONİC OFFİCİAL),6191d91c0e3d075b538dfd665d40902a5566d357b6a82a0d23acee05e09ad1b9,Ciro Valden - Fireworks Tonight.mp3,4:24,2026-07-11,2026-08-08,RADIO_ONLY
Ganó Mi Orgullo,Ciro Valden,Aşkın Öztürk,Aşkın Öztürk,Esin Banu Öztürk,Aşkın Öztürk & Esin Banu Öztürk (AURA SONİC OFFİCİAL),3e55ac248f60b4295d31cd9f7655998ebacf0e78906fbd95ad66a2b47bf2cf45,CİRO VALDEN- Ganó Mi Orgullo.mp3,3:19,2026-07-10,2026-08-08,RADIO_ONLY
Hoy Respiro Por Mí,Ciro Valden,Aşkın Öztürk,Aşkın Öztürk,Esin Banu Öztürk,Aşkın Öztürk & Esin Banu Öztürk (AURA SONİC OFFİCİAL),923ab3748c86603ee0a6c9747fe480f6681f5080a9d8380860212f8f6a504817,Ciro Valden - Hoy Respiro Por Mí.mp3,3:04,2026-07-11,2026-08-08,RADIO_ONLY
LATE IS NOT TOO LATE,Ciro Valden,Aşkın Öztürk,Aşkın Öztürk,Esin Banu Öztürk,Aşkın Öztürk & Esin Banu Öztürk (AURA SONİC OFFİCİAL),51ed561ab283a3354e701a04ae3513ae3308d3df31b8d3c8878a0103db9b825d,Ciro Valden-LATE IS NOT TOO LATE.wav,4:02,2026-08-11,2026-08-31,RADIO_ONLY
LOS AMORES EXTRAÑAN,Ciro Valden,Aşkın Öztürk,Aşkın Öztürk,Esin Banu Öztürk,Aşkın Öztürk & Esin Banu Öztürk (AURA SONİC OFFİCİAL),3b77097f8dd1370aaf1e2b94d66f8075079df170019b2bd48eb11d283adf67c6,CİRO VALDEN-LOS AMORES EXTRAÑAN.mp3,3:19,2026-07-11,2026-08-08,RADIO_ONLY
Mi Orgullo Contestó,Ciro Valden,Aşkın Öztürk,Aşkın Öztürk,Esin Banu Öztürk,Aşkın Öztürk & Esin Banu Öztürk (AURA SONİC OFFİCİAL),c2ebcdec101dc91698abcc0aec3dc49840a730263370d7791d35be574391e652,Ciro Valden - Mi Orgullo Contestó.mp3,3:19,2026-07-11,2026-08-08,RADIO_ONLY
NO APAGUES LO QUE SOMOS,Ciro Valden,Aşkın Öztürk,Aşkın Öztürk,Esin Banu Öztürk,Aşkın Öztürk & Esin Banu Öztürk (AURA SONİC OFFİCİAL),880068aed3a8b78f17666480bb5a4963ab368a5299d53ed4cc668683afa6a223,28-07-26-Ciro Valden NO APAGUES LO QUE SOMOS.wav,4:09,2026-08-11,2026-08-08,RADIO_ONLY
NOTHING IS WRONG,Ciro Valden,Aşkın Öztürk,Aşkın Öztürk,Esin Banu Öztürk,Aşkın Öztürk & Esin Banu Öztürk (AURA SONİC OFFİCİAL),d118fe7d016c4673f6938cc76040a257205c6b30ad420f8524f1e39e4a25fbe8,Ciro Valden-NOTHING IS WRONG.wav,4:33,2026-08-11,2026-08-31,RADIO_ONLY
QUE MAÑANA NOS ENCUENTRE ARDIENDO,Ciro Valden,Aşkın Öztürk,Aşkın Öztürk,Esin Banu Öztürk,Aşkın Öztürk & Esin Banu Öztürk (AURA SONİC OFFİCİAL),1771cf4c3a459fa58e2811bec859c90685e0191b3c78a3987a5797444addd5aa,28-07-26-Ciro Valden -QUE MAÑANA NOS ENCUENTRE ARDIENDO.wav,4:49,2026-08-11,2026-08-08,RADIO_ONLY
QUE NOS ALCANCE LA VIDA BAILANDO,Ciro Valden,Aşkın Öztürk,Aşkın Öztürk,Esin Banu Öztürk,Aşkın Öztürk & Esin Banu Öztürk (AURA SONİC OFFİCİAL),f86757f0d7157430e295a0933bf6586d2c39c31e630f9fc1485fa4c62dc54af1,28-07-26-Ciro Valden -QUE NOS ALCANCE LA VIDA BAILANDO.wav,4:42,2026-08-11,2026-08-08,RADIO_ONLY
SEVDAS EN REBELDÍA,Ciro Valden,Aşkın Öztürk,Aşkın Öztürk,Esin Banu Öztürk,Aşkın Öztürk & Esin Banu Öztürk (AURA SONİC OFFİCİAL),33c3c50c3f431a67e787f9512722e5b64ed4990a4fa6d50d8f08e6442bada317,CİRO VALDEN-SEVDAS EN REBELDÍA.mp3,3:04,2026-07-11,2026-08-08,RADIO_ONLY
THE APOLOGY I KEPT AVOIDING,Ciro Valden,Aşkın Öztürk,Aşkın Öztürk,Esin Banu Öztürk,Aşkın Öztürk & Esin Banu Öztürk (AURA SONİC OFFİCİAL),6dd3aa9561b7806e3bde8df8a583fc946d5181412c9bacae9560bb00aaa60d71,Ciro Valden-THE APOLOGY I KEPT AVOIDING.wav,3:33,2026-08-11,2026-08-31,RADIO_ONLY
THE DAY YOU LEFT,Ciro Valden,Aşkın Öztürk,Aşkın Öztürk,Esin Banu Öztürk,Aşkın Öztürk & Esin Banu Öztürk (AURA SONİC OFFİCİAL),105f590b6317028339092609457b81ea81925cb95b387769f50bea785f832ef3,CİRO VALDEN-THE DAY YOU LEFT.mp3,3:03,2026-07-11,2026-08-08,RADIO_ONLY
TÚ Y YO CONTRA EL LUNES,Ciro Valden,Aşkın Öztürk,Aşkın Öztürk,Esin Banu Öztürk,Aşkın Öztürk & Esin Banu Öztürk (AURA SONİC OFFİCİAL),75bb76d656ee9d68cbc28b54861444022042e5e1609f159d357aa9592a6045d2,28-07-26-Ciro Valden TÚ Y YO CONTRA EL LUNES.wav,4:19,2026-08-11,2026-08-08,RADIO_ONLY
Vivir Antes,Ciro Valden,Aşkın Öztürk,Aşkın Öztürk,Esin Banu Öztürk,Aşkın Öztürk & Esin Banu Öztürk (AURA SONİC OFFİCİAL),9b417d5b69656bfdab1d3980a8e63c97471f1c0883d0c6ed1c6b6861b380aa00,Ciro Valden - Vivir Antes.mp3,3:14,2026-07-11,2026-08-08,RADIO_ONLY
"WANT, NOT NEED",Ciro Valden,Aşkın Öztürk,Aşkın Öztürk,Esin Banu Öztürk,Aşkın Öztürk & Esin Banu Öztürk (AURA SONİC OFFİCİAL),9ca586c943c8c7bb8ea7c7f5cd9621568e4993acc647f6ec3a2a222c9c715170,"Ciro Valden-WANT, NOT NEED.wav",3:31,2026-08-11,2026-08-31,RADIO_ONLY
WRONG CENTURY,Ciro Valden,Aşkın Öztürk,Aşkın Öztürk,Esin Banu Öztürk,Aşkın Öztürk & Esin Banu Öztürk (AURA SONİC OFFİCİAL),d719e14ce16d513820a75b81722ea2def6b8ce75e916054ee279303b34d9cc84,Ciro Vaylen-WRONG CENTURY.wav,4:25,2026-08-11,2026-08-31,RADIO_ONLY
We Dont Whisper Anymore,Ciro Valden,Aşkın Öztürk,Aşkın Öztürk,Esin Banu Öztürk,Aşkın Öztürk & Esin Banu Öztürk (AURA SONİC OFFİCİAL),600728975dff18ee60c79e00b878837af5bed638b4977be10f33636c9b4a4b52,Ciro Valden - We Dont Whisper Anymore.mp3,3:14,2026-07-11,2026-08-08,RADIO_ONLY
– How Much Later,Ciro Valden,Aşkın Öztürk,Aşkın Öztürk,Esin Banu Öztürk,Aşkın Öztürk & Esin Banu Öztürk (AURA SONİC OFFİCİAL),dbb73305acabc1fd1db89b22d1413927197d33c7afb3341a86baffbcb7bbfaf5,Ciro Vaylen – How Much Later.wav,4:24,2026-08-11,2026-08-31,RADIO_ONLY
MAKE THE FLOOR LOOK SMALL,Dartagnan,Aşkın Öztürk,Aşkın Öztürk,Esin Banu Öztürk,Aşkın Öztürk & Esin Banu Öztürk (AURA SONİC OFFİCİAL),906b9851bc3891017a38da96cce9af20eba917fba9e003e8e325e2a9d06a0397,DARTAGNAN MAKE THE FLOOR LOOK SMALL.mp3,2:39,2026-07-12,2026-08-08,RADIO_ONLY
MOVE LIKE THE RENT DUE,Dartagnan,Aşkın Öztürk,Aşkın Öztürk,Esin Banu Öztürk,Aşkın Öztürk & Esin Banu Öztürk (AURA SONİC OFFİCİAL),c2a0e9a13d8a6976027fd66605024c7cefd298ced3a9bb038c6b744b7149e1dc,DARTAGNAN MOVE LIKE THE RENT DUE.mp3,2:37,2026-07-12,2026-08-08,RADIO_ONLY
YANLIŞ SARHOŞ,Emir Kolcu,Aşkın Öztürk,Aşkın Öztürk,Esin Banu Öztürk,Aşkın Öztürk & Esin Banu Öztürk (AURA SONİC OFFİCİAL),69117fdd631b139194dd9f793304b0041471e8382674d48b27ef5ee10a7b3343,EMİR KOLCU - YANLIŞ SARHOŞ.mp3,2:42,2026-07-18,2026-08-08,RADIO_ONLY
BİRİ DİYE ANLATTIN,Esin Banu Öztürk,Aşkın Öztürk,Aşkın Öztürk,Esin Banu Öztürk,Aşkın Öztürk & Esin Banu Öztürk (AURA SONİC OFFİCİAL),610d50d2439c290287b831f5e1559c3288bdd73ef031268d839afd6d4e509d43,ESİN BANU-BİRİ DİYE ANLATTIN.mp3,3:57,2026-08-02,2026-08-08,RADIO_ONLY
SEVDİN AMA SEÇMEDİN,Esin Banu Öztürk,Aşkın Öztürk,Aşkın Öztürk,Esin Banu Öztürk,Aşkın Öztürk & Esin Banu Öztürk (AURA SONİC OFFİCİAL),0e83070739d0803526cf8d724ee1aaf5f90ddd7528b8a4e72de804712e5b1684,Esin Banu-SEVDİN AMA SEÇMEDİN.mp3,4:30,2026-08-02,2026-08-08,RADIO_ONLY
Adını Rüzgâra Yazdım,Ezgi Meram,Aşkın Öztürk,Aşkın Öztürk,Esin Banu Öztürk,Aşkın Öztürk & Esin Banu Öztürk (AURA SONİC OFFİCİAL),bcf8dd7057e78392514ba1639f41ce4f3a548bde558d5b2297c13cbd68640c43,Ezgi Meram - Adını Rüzgâra Yazdım.mp3,5:08,2026-07-19,2026-08-08,RADIO_ONLY
BANA YAPTIKLARINLA YAŞA,Ezgi Meram,Aşkın Öztürk,Aşkın Öztürk,Esin Banu Öztürk,Aşkın Öztürk & Esin Banu Öztürk (AURA SONİC OFFİCİAL),4c1c3e4201ce4921ef5ebb10f762a6d4dbc2ee157ba4dd93e098a9fd86d23187,EZGİ MERAM — BANA YAPTIKLARINLA YAŞA.wav,5:32,2026-09-14,2026-09-14,RADIO_ONLY
BENİ KİMLERE SORUYORSUN,Ezgi Meram,Aşkın Öztürk,Aşkın Öztürk,Esin Banu Öztürk,Aşkın Öztürk & Esin Banu Öztürk (AURA SONİC OFFİCİAL),5511aecdaf10321eea0f71134af515536898140ec1dfa34356e7398c403f5498,EZGİ MERAM — BENİ KİMLERE SORUYORSUN.wav,4:59,2026-09-14,2026-09-14,RADIO_ONLY
BENİ ONA ANLATMA,Ezgi Meram,Aşkın Öztürk,Aşkın Öztürk,Esin Banu Öztürk,Aşkın Öztürk & Esin Banu Öztürk (AURA SONİC OFFİCİAL),02d3afefbc8123159d17bac5c4f74ca616ddf64058758a9a2159a2dec3901edc,EZGİ MERAM — BENİ ONA ANLATMA.wav,4:45,2026-09-14,2026-09-14,RADIO_ONLY
BU ŞEHİR SENİ SAKLIYOR,Ezgi Meram,Aşkın Öztürk,Aşkın Öztürk,Esin Banu Öztürk,Aşkın Öztürk & Esin Banu Öztürk (AURA SONİC OFFİCİAL),d32dd063ddd46e700b3a3f157999af05e25522cf4769fb8d3c964a3764ce6efb,EZGİ MERAM-BU ŞEHİR SENİ SAKLIYOR.mp3,4:07,2026-07-20,2026-08-08,RADIO_ONLY
Bu Şehir Seni Saklıyor,Ezgi Meram,Aşkın Öztürk,Aşkın Öztürk,Esin Banu Öztürk,Aşkın Öztürk & Esin Banu Öztürk (AURA SONİC OFFİCİAL),69bd2ba07a851705019fe001f834681f659e8fc9a2d957942238c3982b455388,Ezgi Meram - Bu Şehir Seni Saklıyor.mp3,4:07,2026-07-20,2026-08-08,RADIO_ONLY
BİR ÖMÜRLÜK BİLDİM,Ezgi Meram,Aşkın Öztürk,Aşkın Öztürk,Esin Banu Öztürk,Aşkın Öztürk & Esin Banu Öztürk (AURA SONİC OFFİCİAL),d05f786822bc745c9a6cf65b329f466ad9cd96ce6eb247c625736673ea1457d4,EZGİ MERAM-BİR ÖMÜRLÜK BİLDİM.mp3,5:31,2026-07-20,2026-08-08,RADIO_ONLY
BİRAZ DA SEN YAN,Ezgi Meram,Aşkın Öztürk,Aşkın Öztürk,Esin Banu Öztürk,Aşkın Öztürk & Esin Banu Öztürk (AURA SONİC OFFİCİAL),ec50c2dabcf8d9e50c6bb9a09b5427416a4a5c55f5cf610e9fb780a53d8dc411,EZGİ MERAM — BİRAZ DA SEN YAN.wav,4:42,2026-09-14,2026-09-14,RADIO_ONLY
DAĞLARA BIRAKTIM YÜKÜMÜ,Ezgi Meram,Aşkın Öztürk,Aşkın Öztürk,Esin Banu Öztürk,Aşkın Öztürk & Esin Banu Öztürk (AURA SONİC OFFİCİAL),0541629a4c967a393ce99328bc1f597a604dbb2693c88e6986bf05a761b21201,EZGİ MERAM-DAĞLARA BIRAKTIM YÜKÜMÜ.mp3,5:32,2026-07-20,2026-08-08,RADIO_ONLY
Dağlara Bıraktım Yükümü,Ezgi Meram,Aşkın Öztürk,Aşkın Öztürk,Esin Banu Öztürk,Aşkın Öztürk & Esin Banu Öztürk (AURA SONİC OFFİCİAL),92f438278fc6ec1e9e03e5a0d1db7dc39710b4aa4886c270f9e38ea15c01cc86,Ezgi Meram - Dağlara Bıraktım Yükümü.mp3,5:32,2026-07-20,2026-08-08,RADIO_ONLY
DİLİM VARMADI,Ezgi Meram,Aşkın Öztürk,Aşkın Öztürk,Esin Banu Öztürk,Aşkın Öztürk & Esin Banu Öztürk (AURA SONİC OFFİCİAL),95fc8e3004f747940237777933a3fdfaa5185658fcd7fcf8fe9ec529266580ff,EZGİ MERAM — DİLİM VARMADI.wav,5:56,2026-09-14,2026-09-14,RADIO_ONLY
EZGİ MERAM — HABER SALIN,Ezgi Meram,Aşkın Öztürk,Aşkın Öztürk,Esin Banu Öztürk,Aşkın Öztürk & Esin Banu Öztürk (AURA SONİC OFFİCİAL),cb23a460561bb651e4ee906841c8f262fd9bce34c043f24702bb8f39e9e1fd22, clean_EZGİ MERAM — HABER SALIN.wav,3:19,2026-09-05,2026-09-05,RADIO_ONLY
EZGİ MERAM — KAVUŞAMAYANLAR,Ezgi Meram,Aşkın Öztürk,Aşkın Öztürk,Esin Banu Öztürk,Aşkın Öztürk & Esin Banu Öztürk (AURA SONİC OFFİCİAL),acf784e1ba7fa8d1248b405935fa235f5c6233943282f5e00c9f13fc7c2a4bca, clean_EZGİ MERAM — KAVUŞAMAYANLAR.wav,3:45,2026-09-05,2026-09-05,RADIO_ONLY
EZGİ MERAM — SABAHA KALDI,Ezgi Meram,Aşkın Öztürk,Aşkın Öztürk,Esin Banu Öztürk,Aşkın Öztürk & Esin Banu Öztürk (AURA SONİC OFFİCİAL),9452a667936e4eb201e2b049b4295bc36044c4793c15ba363503bdfde8a28ea2, clean_EZGİ MERAM — SABAHA KALDI.wav,3:28,2026-09-05,2026-09-05,RADIO_ONLY
"GELME, YİNE İNANIRIM",Ezgi Meram,Aşkın Öztürk,Aşkın Öztürk,Esin Banu Öztürk,Aşkın Öztürk & Esin Banu Öztürk (AURA SONİC OFFİCİAL),47e151f027b7d3da015152f5cdb981904d51d1708f09c94764f06b0f784af960,"EZGİ MERAM — GELME, YİNE İNANIRIM.wav",5:11,2026-09-14,2026-09-14,RADIO_ONLY
Kime Kaldı Bu Sevda,Ezgi Meram,Aşkın Öztürk,Aşkın Öztürk,Esin Banu Öztürk,Aşkın Öztürk & Esin Banu Öztürk (AURA SONİC OFFİCİAL),0e304d45ad3ffafe3bdf71332ddd1899793f437b0bc005dda6de269fb88a6455,Ezgi Meram - Kime Kaldı Bu Sevda.mp3,4:18,2026-07-20,2026-08-08,RADIO_ONLY
KİME KALDI BU SEVDA,Ezgi Meram,Aşkın Öztürk,Aşkın Öztürk,Esin Banu Öztürk,Aşkın Öztürk & Esin Banu Öztürk (AURA SONİC OFFİCİAL),4229315cc47d012602e2ed8f1fc8ef0053242aece00aae881ec9cd571be3f302,EZGİ MERAM-KİME KALDI BU SEVDA.mp3,4:18,2026-07-20,2026-08-08,RADIO_ONLY
"ONU DEĞİL, BİZİ KISKANDIM",Ezgi Meram,Aşkın Öztürk,Aşkın Öztürk,Esin Banu Öztürk,Aşkın Öztürk & Esin Banu Öztürk (AURA SONİC OFFİCİAL),b7344bb0d4c06132cef30e774e98cd373371924602dd1ffd6216ac5f33ac2ffe,"EZGİ MERAM — ONU DEĞİL, BİZİ KISKANDIM.wav",5:25,2026-09-14,2026-09-14,RADIO_ONLY
SANA BEDDUA EDEMEDİM,Ezgi Meram,Aşkın Öztürk,Aşkın Öztürk,Esin Banu Öztürk,Aşkın Öztürk & Esin Banu Öztürk (AURA SONİC OFFİCİAL),598ac88c406c847cb9ef33c8c08b43db5d4a2fbec9c826a9badb33953258b9d1,EZGİ MERAM — SANA BEDDUA EDEMEDİM.wav,5:03,2026-09-14,2026-09-14,RADIO_ONLY
SANA DERMAN DİYE SARILDIM,Ezgi Meram,Aşkın Öztürk,Aşkın Öztürk,Esin Banu Öztürk,Aşkın Öztürk & Esin Banu Öztürk (AURA SONİC OFFİCİAL),9796f22f6c56d7d5cb128d5ea5b7905079fe4020721feca936334b529aa96fb2,EZGİ MERAM — SANA DERMAN DİYE SARILDIM.wav,5:11,2026-09-14,2026-09-14,RADIO_ONLY
SENİ SEVDİĞİME KIZIYORUM,Ezgi Meram,Aşkın Öztürk,Aşkın Öztürk,Esin Banu Öztürk,Aşkın Öztürk & Esin Banu Öztürk (AURA SONİC OFFİCİAL),988d633df2fa616cae7ae275ed5a427166e8651ecce6685217613ba79d2beaef,EZGİ MERAM — SENİ SEVDİĞİME KIZIYORUM.wav,4:14,2026-09-14,2026-09-14,RADIO_ONLY
SÖZSÜZ VEDA,Ezgi Meram,Aşkın Öztürk,Aşkın Öztürk,Esin Banu Öztürk,Aşkın Öztürk & Esin Banu Öztürk (AURA SONİC OFFİCİAL),84a5bb6a45d8c77f1bc488e8be1cb8314322f5ccea84b3205decf8e22b5c8a2f,EZGİ MERAM-SÖZSÜZ VEDA.mp3,4:27,2026-07-20,2026-08-08,RADIO_ONLY
ÖMRÜM BENİ BEKLEMEDEN GEÇTİ,Ezgi Meram,Aşkın Öztürk,Aşkın Öztürk,Esin Banu Öztürk,Aşkın Öztürk & Esin Banu Öztürk (AURA SONİC OFFİCİAL),b4f5f36c4cb9bafdbe9565b3277878fca0fb3f41886ab26aa940dff233ec23c0,EZGİ MERAM - ÖMRÜM BENİ BEKLEMEDEN GEÇTİ.mp3,6:18,2026-07-18,2026-08-08,RADIO_ONLY
AFUERA PESA EL MUNDO,Gael Mendoza,Aşkın Öztürk,Aşkın Öztürk,Esin Banu Öztürk,Aşkın Öztürk & Esin Banu Öztürk (AURA SONİC OFFİCİAL),6076b32b72a2a94dc008acb0203d15bdbd8e9b001b536813d179c6c18e5a1c93,Gael Mendoza-  AFUERA PESA EL MUNDO (1).wav,4:14,2026-08-10,2026-08-08,RADIO_ONLY
AFUERA PESA EL MUNDO 1,Gael Mendoza,Aşkın Öztürk,Aşkın Öztürk,Esin Banu Öztürk,Aşkın Öztürk & Esin Banu Öztürk (AURA SONİC OFFİCİAL),1768b0515a420ffe8df6bb82c1b217b72822c9a343b1c53b11402effcf6900a4,Gael Mendoza- AFUERA PESA EL MUNDO_1.mp3,3:39,2026-07-23,2026-08-08,RADIO_ONLY
AUNQUE ESTÉS LEJOS,Gael Mendoza,Aşkın Öztürk,Aşkın Öztürk,Esin Banu Öztürk,Aşkın Öztürk & Esin Banu Öztürk (AURA SONİC OFFİCİAL),bc82370d22979d551f3bd04a062e7da64a9692895931fe0cf4ddd3e9c2aa4ea3,Gael Mendoza-  AUNQUE ESTÉS LEJOS.wav,3:45,2026-08-10,2026-08-08,RADIO_ONLY
DIME QUE TE QUEDAS HOY,Gael Mendoza,Aşkın Öztürk,Aşkın Öztürk,Esin Banu Öztürk,Aşkın Öztürk & Esin Banu Öztürk (AURA SONİC OFFİCİAL),26e3c98c3f1e52cb4e2f37e2d07be19b237ff97b2d0aa4606313202c26a88bce,clean_GAEL MENDOZA — DIME QUE TE QUEDAS HOY.wav,3:29,2026-09-12,2026-09-12,RADIO_ONLY
"DOS LÍNEAS, UN TELÉFONO",Gael Mendoza,Aşkın Öztürk,Aşkın Öztürk,Esin Banu Öztürk,Aşkın Öztürk & Esin Banu Öztürk (AURA SONİC OFFİCİAL),4b87ef6278e64824a691866253f194a63960bb7214d0dd881336d587726b7e4f,"24-07-26-GAEL MENDOZA-DOS LÍNEAS, UN TELÉFONO.wav",3:53,2026-08-10,2026-08-08,RADIO_ONLY
EL RECIBO BORRADO,Gael Mendoza,Aşkın Öztürk,Aşkın Öztürk,Esin Banu Öztürk,Aşkın Öztürk & Esin Banu Öztürk (AURA SONİC OFFİCİAL),490c573a0e29ce807c937f7a41288c8a455a18aa72377a90ca2356587f773f6b,24-07-26-GAEL MENDOZA-EL RECIBO BORRADO.wav,3:11,2026-08-10,2026-08-08,RADIO_ONLY
"FUI CORRECTO, FUI INJUSTO",Gael Mendoza,Aşkın Öztürk,Aşkın Öztürk,Esin Banu Öztürk,Aşkın Öztürk & Esin Banu Öztürk (AURA SONİC OFFİCİAL),ce9f1020962be210922a393154dc270a8a58d755a29b326efcf3c8489aaac4f9,"09-08-26-Gael Mendoza -FUI CORRECTO, FUI INJUSTO.wav",3:44,2026-08-11,2026-08-10,RADIO_ONLY
LA LLAVE QUE YA NO ABRE,Gael Mendoza,Aşkın Öztürk,Aşkın Öztürk,Esin Banu Öztürk,Aşkın Öztürk & Esin Banu Öztürk (AURA SONİC OFFİCİAL),8c67f11b55988a51c33e27412cc1d20e0cbf67edde87a0902c928a963e8af7de,24-07-26-GAEL MENDOZA-LA LLAVE QUE YA NO ABRE.wav,3:55,2026-08-10,2026-08-08,RADIO_ONLY
LO BUENO TAMBIÉN TERMINA,Gael Mendoza,Aşkın Öztürk,Aşkın Öztürk,Esin Banu Öztürk,Aşkın Öztürk & Esin Banu Öztürk (AURA SONİC OFFİCİAL),cfc32e274a8ab69558cfba9b011666cac724ab22320ac1b36383091c0be3051e,09-08-26-Gael Mendoza -LO BUENO TAMBIÉN TERMINA.wav,3:08,2026-08-11,2026-08-10,RADIO_ONLY
LO QUE QUEDA EN MÍ,Gael Mendoza,Aşkın Öztürk,Aşkın Öztürk,Esin Banu Öztürk,Aşkın Öztürk & Esin Banu Öztürk (AURA SONİC OFFİCİAL),0c4cb95c0c2ebce902d3562adcf2ef70335c0333e4883575f5709d3d06227d6d,clean_GAEL MENDOZA — LO QUE QUEDA EN MÍ.wav,3:19,2026-09-12,2026-09-12,RADIO_ONLY
NO ERA EL DESTINO,Gael Mendoza,Aşkın Öztürk,Aşkın Öztürk,Esin Banu Öztürk,Aşkın Öztürk & Esin Banu Öztürk (AURA SONİC OFFİCİAL),d5b284f90ad613dc34a0ae548f4e85f5014b92e45b5bee5a02f49d652bbdf240,clean_GAEL MENDOZA — NO ERA EL DESTINO.wav,3:11,2026-09-12,2026-09-12,RADIO_ONLY
NO ME MIRES ASÍ,Gael Mendoza,Aşkın Öztürk,Aşkın Öztürk,Esin Banu Öztürk,Aşkın Öztürk & Esin Banu Öztürk (AURA SONİC OFFİCİAL),6ad3d5f1bbb8cdc6e7bc6b0a60b0277a8e6b95627a11d014214f04e384dfc7cb,clean_GAEL MENDOZA — NO ME MIRES ASÍ.wav,3:19,2026-09-12,2026-09-12,RADIO_ONLY
NO QUERÍAMOS LO MISMO,Gael Mendoza,Aşkın Öztürk,Aşkın Öztürk,Esin Banu Öztürk,Aşkın Öztürk & Esin Banu Öztürk (AURA SONİC OFFİCİAL),323b92aca9f6b78eb108cb086bb0dfb4107a27a7490115e02c69eb27c0885915,09-08-26-Gael Mendoza -NO QUERÍAMOS LO MISMO.wav,3:43,2026-08-11,2026-08-10,RADIO_ONLY
NOS QUEDÓ MAÑANA,Gael Mendoza,Aşkın Öztürk,Aşkın Öztürk,Esin Banu Öztürk,Aşkın Öztürk & Esin Banu Öztürk (AURA SONİC OFFİCİAL),dc67fbe32907b87adb314b0a98b453202b978d0ec4d6ac8e9a9b98edeb75cacd,Gael Mendoza-   NOS QUEDÓ MAÑANA.wav,3:45,2026-08-10,2026-08-08,RADIO_ONLY
QUE ARDA EL CAMINO,Gael Mendoza,Aşkın Öztürk,Aşkın Öztürk,Esin Banu Öztürk,Aşkın Öztürk & Esin Banu Öztürk (AURA SONİC OFFİCİAL),ac030c502a3d7b40760faeb3af426af4f894433575998358204cc76ddbf60a2e,clean_GAEL MENDOZA — QUE ARDA EL CAMINO.wav,3:17,2026-09-12,2026-09-12,RADIO_ONLY
QUE HABLE LA CALLE,Gael Mendoza,Aşkın Öztürk,Aşkın Öztürk,Esin Banu Öztürk,Aşkın Öztürk & Esin Banu Öztürk (AURA SONİC OFFİCİAL),db06c75af253fb73902df85429f9b61a110cd46657793a53fcebf94b6d355196,clean_GAEL MENDOZA — QUE HABLE LA CALLE.wav,3:00,2026-09-12,2026-09-12,RADIO_ONLY
SIN PEDIR PERMISO,Gael Mendoza,Aşkın Öztürk,Aşkın Öztürk,Esin Banu Öztürk,Aşkın Öztürk & Esin Banu Öztürk (AURA SONİC OFFİCİAL),94840e5201c7c0900e132eaac4f7ab152784b551d3591517b97ee5a1ba93eb9e,clean_GAEL MENDOZA — SIN PEDIR PERMISO.wav,3:13,2026-09-12,2026-09-12,RADIO_ONLY
TE EXTRAÑO BONITO,Gael Mendoza,Aşkın Öztürk,Aşkın Öztürk,Esin Banu Öztürk,Aşkın Öztürk & Esin Banu Öztürk (AURA SONİC OFFİCİAL),5488e0dcd93f488a682152d2c993c4c121cd50af941efdb22bde45ec5ea7700e,Gael Mendoza-  TE EXTRAÑO BONITO.wav,4:00,2026-08-10,2026-08-08,RADIO_ONLY
TODO POR UN BESO,Gael Mendoza,Aşkın Öztürk,Aşkın Öztürk,Esin Banu Öztürk,Aşkın Öztürk & Esin Banu Öztürk (AURA SONİC OFFİCİAL),db61f0021209d6f2db27ed107b8aaf6d9183dcf11eb26982b6ef8ea95746b8b8,clean_GAEL MENDOZA — TODO POR UN BESO.wav,2:59,2026-09-12,2026-09-12,RADIO_ONLY
TU FELICIDAD YA NO DUELE,Gael Mendoza,Aşkın Öztürk,Aşkın Öztürk,Esin Banu Öztürk,Aşkın Öztürk & Esin Banu Öztürk (AURA SONİC OFFİCİAL),6bd6e72f788458babe5d0c0c430c5da58899c0396f8d61f16e3db175f0e71f35,09-08-26-Gael Mendoza -TU FELICIDAD YA NO DUELE.wav,3:44,2026-08-11,2026-08-10,RADIO_ONLY
VUELVE A REÍR,Gael Mendoza,Aşkın Öztürk,Aşkın Öztürk,Esin Banu Öztürk,Aşkın Öztürk & Esin Banu Öztürk (AURA SONİC OFFİCİAL),7f0edc6ec8505ce20614f7c33d2ddb92b5266a82650c1d4562982f6a9754d09f,clean_GAEL MENDOZA — VUELVE A REÍR.wav,3:07,2026-09-12,2026-09-12,RADIO_ONLY
YA NO CORRO DETRÁS,Gael Mendoza,Aşkın Öztürk,Aşkın Öztürk,Esin Banu Öztürk,Aşkın Öztürk & Esin Banu Öztürk (AURA SONİC OFFİCİAL),4509a2ce5b820134762179d9d352643ba8559eefae1dc0773091584f6ca26646,clean_GAEL MENDOZA — YA NO CORRO DETRÁS.wav,3:21,2026-09-12,2026-09-12,RADIO_ONLY
YA NO LO NECESITABA,Gael Mendoza,Aşkın Öztürk,Aşkın Öztürk,Esin Banu Öztürk,Aşkın Öztürk & Esin Banu Öztürk (AURA SONİC OFFİCİAL),a4195196ec3ea3e1d9130033bd0fe3f795bda2c91c0af90b6b94886070c88b04,09-08-26-Gael Mendoza -YA NO LO NECESITABA.wav,3:04,2026-08-11,2026-08-10,RADIO_ONLY
GRUP ANADOLU,Grup Anadolu,Aşkın Öztürk,Aşkın Öztürk,Esin Banu Öztürk,Aşkın Öztürk & Esin Banu Öztürk (AURA SONİC OFFİCİAL),86586396ecbb5129a4f7b2accf50d34254907f220ea7dabf775dab656a02c4a5,GRUP ANADOLU.mp3,4:16,2026-07-18,2026-08-08,RADIO_ONLY
JAXEN MOON — WHO DID YOU HIDE ME FROM,Jaxen Moon,Aşkın Öztürk,Aşkın Öztürk,Esin Banu Öztürk,Aşkın Öztürk & Esin Banu Öztürk (AURA SONİC OFFİCİAL),25247c55206cb968860290a0fb9ebbdd488aff66f051e018df86aff65c2ab418,clean_JAXEN MOON — WHO DID YOU HIDE ME FROM.mp3,5:27,2026-06-21,2026-08-08,RADIO_ONLY
JAXEN MOON-BOTH PLACES CALL ME GONE,Jaxen Moon,Aşkın Öztürk,Aşkın Öztürk,Esin Banu Öztürk,Aşkın Öztürk & Esin Banu Öztürk (AURA SONİC OFFİCİAL),a4453f072c944e1fd5b71fd138a38014e13033acdfdd1be160af5edd0f0e200a, clean_JAXEN MOON-BOTH PLACES CALL ME GONE.mp3,3:21,2026-08-08,2026-08-08,RADIO_ONLY
JAXEN MOON-CALL FIRST,Jaxen Moon,Aşkın Öztürk,Aşkın Öztürk,Esin Banu Öztürk,Aşkın Öztürk & Esin Banu Öztürk (AURA SONİC OFFİCİAL),d7b1059becb776dbdd2bfba29d257158783786ae0988b3772e5c3a5fc1432795, clean_JAXEN MOON-CALL FIRST.mp3,3:31,2026-08-08,2026-08-08,RADIO_ONLY
JAXEN MOON-RIGHT PAST MY LIFE,Jaxen Moon,Aşkın Öztürk,Aşkın Öztürk,Esin Banu Öztürk,Aşkın Öztürk & Esin Banu Öztürk (AURA SONİC OFFİCİAL),95b0293341511e46e65a51f6ca1585817bb62672011bcf208217e63d205aac5b, clean_JAXEN MOON-RIGHT PAST MY LIFE.mp3,3:13,2026-08-08,2026-08-08,RADIO_ONLY
JAXEN MOON-STILL WANT TOMORROW,Jaxen Moon,Aşkın Öztürk,Aşkın Öztürk,Esin Banu Öztürk,Aşkın Öztürk & Esin Banu Öztürk (AURA SONİC OFFİCİAL),0b5d8b046ca6b1429a3eb247a47b5a266fd75a0b2582b4f5bc2efcade5d20b7c, clean_JAXEN MOON-STILL WANT TOMORROW.mp3,3:39,2026-08-08,2026-08-08,RADIO_ONLY
JAXEN MOON-WHEN I BREAK,Jaxen Moon,Aşkın Öztürk,Aşkın Öztürk,Esin Banu Öztürk,Aşkın Öztürk & Esin Banu Öztürk (AURA SONİC OFFİCİAL),93fabfc9b4069a19b5e18c6652d4119ea6a8212eef4e3e757c7a2e84539f581e, clean_JAXEN MOON-WHEN I BREAK.mp3,3:19,2026-08-08,2026-08-08,RADIO_ONLY
Jaxen Moon-STILL CALLS ME SON,Jaxen Moon,Aşkın Öztürk,Aşkın Öztürk,Esin Banu Öztürk,Aşkın Öztürk & Esin Banu Öztürk (AURA SONİC OFFİCİAL),5f5c2f5ad85cd71e44df6968d524ef145b7bed9c5c01bb72b9d55dee7f09e32f, clean_Jaxen Moon-STILL CALLS ME SON.mp3,4:44,2026-08-08,2026-08-08,RADIO_ONLY
Jaxen Moon-WILSONS GARAGE,Jaxen Moon,Aşkın Öztürk,Aşkın Öztürk,Esin Banu Öztürk,Aşkın Öztürk & Esin Banu Öztürk (AURA SONİC OFFİCİAL),c7ba27545b756e82898d87810d49f4cfbd51cf61196873776387ccd8c727ce64, clean_Jaxen Moon-WILSONS GARAGE.mp3,4:58,2026-08-08,2026-08-08,RADIO_ONLY
KINGS OF THE TIDE,Jaxen Moon,Aşkın Öztürk,Aşkın Öztürk,Esin Banu Öztürk,Aşkın Öztürk & Esin Banu Öztürk (AURA SONİC OFFİCİAL),c5642d549a8f927127a9c69f7265355d27d8a6841156e752603641a74469f2f5,KINGS OF THE TIDE (1).wav,3:42,2026-06-11,2026-08-08,RADIO_ONLY
MIDNIGHT PALMS,Jaxen Moon,Aşkın Öztürk,Aşkın Öztürk,Esin Banu Öztürk,Aşkın Öztürk & Esin Banu Öztürk (AURA SONİC OFFİCİAL),fe44b4af7716f5dbe32fa44ebaedd7775ae61a0c0308962a62eee3287234b46f,MIDNIGHT PALMS.wav,3:04,2026-06-11,2026-08-08,RADIO_ONLY
MONEY IN THE SUN,Jaxen Moon,Aşkın Öztürk,Aşkın Öztürk,Esin Banu Öztürk,Aşkın Öztürk & Esin Banu Öztürk (AURA SONİC OFFİCİAL),6309ddefc46a950942036a335b50feeb5ce6862e318497c480879b2e8e893dca,MONEY IN THE SUN.wav,3:44,2026-06-11,2026-08-08,RADIO_ONLY
MOON - THE LAST CUP AT ROSAS,Jaxen Moon,Aşkın Öztürk,Aşkın Öztürk,Esin Banu Öztürk,Aşkın Öztürk & Esin Banu Öztürk (AURA SONİC OFFİCİAL),d35753def39c59923da1cc98410d12bcd77e3953981d570de8bfb203247d5355,JAXEN MOON - THE LAST CUP AT ROSAS.mp3,3:16,2026-08-04,2026-08-08,RADIO_ONLY
MOON - THE LAST CUP AT ROSAS 1,Jaxen Moon,Aşkın Öztürk,Aşkın Öztürk,Esin Banu Öztürk,Aşkın Öztürk & Esin Banu Öztürk (AURA SONİC OFFİCİAL),68b129def103d8b4aed20ce1199471dba49ddd55d75b434c31aed81e404bc5cc,JAXEN MOON - THE LAST CUP AT ROSAS_1.mp3,4:46,2026-08-04,2026-08-08,RADIO_ONLY
MOON — BABYLON SLEEPS,Jaxen Moon,Aşkın Öztürk,Aşkın Öztürk,Esin Banu Öztürk,Aşkın Öztürk & Esin Banu Öztürk (AURA SONİC OFFİCİAL),9a03b442afb85023c0ce8b0c1d5b44560857d27604218e1215721190c3a94d8e,JAXEN MOON — BABYLON SLEEPS.wav,4:04,2026-08-13,2026-08-08,RADIO_ONLY
MOON — BROKEN LIGHTHOUSE,Jaxen Moon,Aşkın Öztürk,Aşkın Öztürk,Esin Banu Öztürk,Aşkın Öztürk & Esin Banu Öztürk (AURA SONİC OFFİCİAL),93faf3b7a19cef7264bc7d4d43e439c3aee70e0ab91ddde09f6876c9d52a9343,JAXEN MOON — BROKEN LIGHTHOUSE.wav,4:05,2026-08-13,2026-08-08,RADIO_ONLY
MOON — DID YOU FIND ME,Jaxen Moon,Aşkın Öztürk,Aşkın Öztürk,Esin Banu Öztürk,Aşkın Öztürk & Esin Banu Öztürk (AURA SONİC OFFİCİAL),f7e4c6aebad87ad06dc620386182ed1f3579ac19f06a3877ae68814cf5833180,JAXEN MOON — DID YOU FIND ME_.wav,3:29,2026-08-14,2026-08-08,RADIO_ONLY
MOON — FIRE IN A QUIET MAN,Jaxen Moon,Aşkın Öztürk,Aşkın Öztürk,Esin Banu Öztürk,Aşkın Öztürk & Esin Banu Öztürk (AURA SONİC OFFİCİAL),39ebfd634898eaac4bcde8242cbce2683645ed8fd948920454ca790b52e2554a,JAXEN MOON — FIRE IN A QUIET MAN.wav,5:04,2026-08-13,2026-08-08,RADIO_ONLY
MOON — HALF OF ME WALKED AWAY,Jaxen Moon,Aşkın Öztürk,Aşkın Öztürk,Esin Banu Öztürk,Aşkın Öztürk & Esin Banu Öztürk (AURA SONİC OFFİCİAL),efc3318f553729d39a3210f15411f28ee22ea8a830786f44dbc9cd5acb0e4672,JAXEN MOON — HALF OF ME WALKED AWAY.wav,3:29,2026-08-14,2026-08-08,RADIO_ONLY
MOON — HEAVEN KNOWS THE ROAD,Jaxen Moon,Aşkın Öztürk,Aşkın Öztürk,Esin Banu Öztürk,Aşkın Öztürk & Esin Banu Öztürk (AURA SONİC OFFİCİAL),c42141c718b5f549ba77af525325f180f7e1a36eedef77ccbfc9d62ea42b42bd,JAXEN MOON — HEAVEN KNOWS THE ROAD (1).wav,7:59,2026-08-13,2026-08-08,RADIO_ONLY
MOON — HOLD ON TO THE LIGHT,Jaxen Moon,Aşkın Öztürk,Aşkın Öztürk,Esin Banu Öztürk,Aşkın Öztürk & Esin Banu Öztürk (AURA SONİC OFFİCİAL),468ca8ce7b9e9edc6354c68103b07ddee293ca3a480f1aa85113afdf4c40c4dd,JAXEN MOON — HOLD ON TO THE LIGHT.wav,4:42,2026-08-13,2026-08-08,RADIO_ONLY
MOON — HOME LEFT FIRST,Jaxen Moon,Aşkın Öztürk,Aşkın Öztürk,Esin Banu Öztürk,Aşkın Öztürk & Esin Banu Öztürk (AURA SONİC OFFİCİAL),2806c520cb3b919b3c09a6c1dab3657b3272cade16d4848a4a3f8a1b7fa80b91,JAXEN MOON — HOME LEFT FIRST.wav,3:08,2026-08-14,2026-08-08,RADIO_ONLY
MOON — HOUSE BY THE WATER,Jaxen Moon,Aşkın Öztürk,Aşkın Öztürk,Esin Banu Öztürk,Aşkın Öztürk & Esin Banu Öztürk (AURA SONİC OFFİCİAL),4de3a93bd6be5e6e6026eebb45317896834069bc751b2f28dbae18fc952d5d7a,JAXEN MOON — HOUSE BY THE WATER.wav,4:04,2026-08-13,2026-08-08,RADIO_ONLY
MOON — I'M STILL COMING FOR LOVE,Jaxen Moon,Aşkın Öztürk,Aşkın Öztürk,Esin Banu Öztürk,Aşkın Öztürk & Esin Banu Öztürk (AURA SONİC OFFİCİAL),7c5bb2a33381719fbe0d747a8822bd07c9226db0e0247cd280908b850642f2d5,JAXEN MOON — I'M STILL COMING FOR LOVE.wav,3:24,2026-08-14,2026-08-08,RADIO_ONLY
MOON — IF MY FATHER COULD SEE ME NOW,Jaxen Moon,Aşkın Öztürk,Aşkın Öztürk,Esin Banu Öztürk,Aşkın Öztürk & Esin Banu Öztürk (AURA SONİC OFFİCİAL),26e27b82a0662536b7ba91a51debdb58a2efec08bd3ed295714f36f4ee16dec8,JAXEN MOON — IF MY FATHER COULD SEE ME NOW (1).wav,5:10,2026-08-13,2026-08-08,RADIO_ONLY
MOON — IF THE MORNING COMES,Jaxen Moon,Aşkın Öztürk,Aşkın Öztürk,Esin Banu Öztürk,Aşkın Öztürk & Esin Banu Öztürk (AURA SONİC OFFİCİAL),f2aaef6848dc309b9b81c71e1d72b7dbdf0990a5cfbbf4825830cbc53f1b9055,JAXEN MOON — IF THE MORNING COMES.wav,5:04,2026-08-13,2026-08-08,RADIO_ONLY
MOON — LOVE OUTLIVED US,Jaxen Moon,Aşkın Öztürk,Aşkın Öztürk,Esin Banu Öztürk,Aşkın Öztürk & Esin Banu Öztürk (AURA SONİC OFFİCİAL),6483d5bebbaffa26dfa7f57c366793c9f9dfc09eb6c1f246184ef730803032c3,JAXEN MOON — LOVE OUTLIVED US.wav,3:45,2026-08-14,2026-08-08,RADIO_ONLY
MOON — NO GOLD IN THE GRAVE,Jaxen Moon,Aşkın Öztürk,Aşkın Öztürk,Esin Banu Öztürk,Aşkın Öztürk & Esin Banu Öztürk (AURA SONİC OFFİCİAL),fba5733d9386f3bb02a5201df2c893c07912f859b2d37972d2d48aabd54c2e6e,JAXEN MOON — NO GOLD IN THE GRAVE.wav,4:19,2026-08-13,2026-08-08,RADIO_ONLY
MOON — NOBODY ASKED,Jaxen Moon,Aşkın Öztürk,Aşkın Öztürk,Esin Banu Öztürk,Aşkın Öztürk & Esin Banu Öztürk (AURA SONİC OFFİCİAL),d1023eaca15efd6d12575e370d7cc46055839c730f1dd13c0ed5cc117953e9f1,JAXEN MOON — NOBODY ASKED.wav,3:29,2026-08-14,2026-08-08,RADIO_ONLY
MOON — ONE MORE RIVER,Jaxen Moon,Aşkın Öztürk,Aşkın Öztürk,Esin Banu Öztürk,Aşkın Öztürk & Esin Banu Öztürk (AURA SONİC OFFİCİAL),1346e0112eb7a6cb520d987a87e3ff8c0a12446125b5d8fa8091e8091ff87b4b,JAXEN MOON — ONE MORE RIVER.wav,4:04,2026-08-13,2026-08-08,RADIO_ONLY
MOON — ONE SMALL LIGHT,Jaxen Moon,Aşkın Öztürk,Aşkın Öztürk,Esin Banu Öztürk,Aşkın Öztürk & Esin Banu Öztürk (AURA SONİC OFFİCİAL),ae8daf464ae71c861805eaf2f340ca93d202758a31b88dbaef5152694db0620f,JAXEN MOON — ONE SMALL LIGHT.wav,3:29,2026-08-13,2026-08-08,RADIO_ONLY
MOON — SALTWATER SAINTS,Jaxen Moon,Aşkın Öztürk,Aşkın Öztürk,Esin Banu Öztürk,Aşkın Öztürk & Esin Banu Öztürk (AURA SONİC OFFİCİAL),c3835c5cf284592bd14386df1b683f7b4129dab0f54268d0541d6f5b7cc1145c,JAXEN MOON — SALTWATER SAINTS.wav,4:04,2026-08-13,2026-08-08,RADIO_ONLY
MOON — SHE LEFT THE LIGHT ON,Jaxen Moon,Aşkın Öztürk,Aşkın Öztürk,Esin Banu Öztürk,Aşkın Öztürk & Esin Banu Öztürk (AURA SONİC OFFİCİAL),f39cf78a491198774e03fc13284399600a350a19cc658bc0be09548ac1842782,JAXEN MOON — SHE LEFT THE LIGHT ON.wav,3:41,2026-08-13,2026-08-08,RADIO_ONLY
MOON — SOMEBODY STILL PRAYS FOR YOU,Jaxen Moon,Aşkın Öztürk,Aşkın Öztürk,Esin Banu Öztürk,Aşkın Öztürk & Esin Banu Öztürk (AURA SONİC OFFİCİAL),67e9ae3f0241204c06f8ef5031bf83f84457b87dfc8692fb0deba6b002205d30,JAXEN MOON — SOMEBODY STILL PRAYS FOR YOU.wav,4:44,2026-08-13,2026-08-08,RADIO_ONLY
MOON — STILL BREATHING,Jaxen Moon,Aşkın Öztürk,Aşkın Öztürk,Esin Banu Öztürk,Aşkın Öztürk & Esin Banu Öztürk (AURA SONİC OFFİCİAL),82e92944b9ecf9072c32527c512832e3042ff8279ce800d35b39c82ab366025d,JAXEN MOON — STILL BREATHING.wav,4:34,2026-08-13,2026-08-08,RADIO_ONLY
MOON — TENNESSEE RAIN,Jaxen Moon,Aşkın Öztürk,Aşkın Öztürk,Esin Banu Öztürk,Aşkın Öztürk & Esin Banu Öztürk (AURA SONİC OFFİCİAL),82297e85cd59599e663ac6f5e42f809aa76b66e99ca0f44a1bae2943d701b5f2,JAXEN MOON — TENNESSEE RAIN.wav,4:28,2026-08-13,2026-08-08,RADIO_ONLY
MOON — THE LAST BUS HOME,Jaxen Moon,Aşkın Öztürk,Aşkın Öztürk,Esin Banu Öztürk,Aşkın Öztürk & Esin Banu Öztürk (AURA SONİC OFFİCİAL),e76108235c938881cdc8300daf6de4188dcca0359e251f256d06a310fe8b15a9,JAXEN MOON — THE LAST BUS HOME.wav,3:28,2026-08-13,2026-08-08,RADIO_ONLY
MOON — THE OLD GAS STATION,Jaxen Moon,Aşkın Öztürk,Aşkın Öztürk,Esin Banu Öztürk,Aşkın Öztürk & Esin Banu Öztürk (AURA SONİC OFFİCİAL),b1946bd67038a510de4fd12c61f554c9592985fee7931280314147efe9b595a8,JAXEN MOON — THE OLD GAS STATION.wav,3:34,2026-08-13,2026-08-08,RADIO_ONLY
MOON — WHO DID YOU HIDE ME FROM,Jaxen Moon,Aşkın Öztürk,Aşkın Öztürk,Esin Banu Öztürk,Aşkın Öztürk & Esin Banu Öztürk (AURA SONİC OFFİCİAL),5f42247786845f867c584169ed16ba5565d905d318ce17b0181387edd86cff72,JAXEN MOON — WHO DID YOU HIDE ME FROM.wav,5:27,2026-08-13,2026-08-08,RADIO_ONLY
MOON-BOTH PLACES CALL ME GONE,Jaxen Moon,Aşkın Öztürk,Aşkın Öztürk,Esin Banu Öztürk,Aşkın Öztürk & Esin Banu Öztürk (AURA SONİC OFFİCİAL),43f615fce0ef0f24160dd2d0d3dbc1df88d52fa0ef4ee3e22f3bfa64924c60a0,JAXEN MOON-BOTH PLACES CALL ME GONE.wav,3:21,2026-08-11,2026-08-31,RADIO_ONLY
MOON-CALL FIRST,Jaxen Moon,Aşkın Öztürk,Aşkın Öztürk,Esin Banu Öztürk,Aşkın Öztürk & Esin Banu Öztürk (AURA SONİC OFFİCİAL),1dc998db749b0462c65f0e56d026354e9fe121b314fe4bb5898d64658b0a461d,JAXEN MOON-CALL FIRST.wav,3:32,2026-08-11,2026-08-31,RADIO_ONLY
MOON-KINGS OF THE TIDE,Jaxen Moon,Aşkın Öztürk,Aşkın Öztürk,Esin Banu Öztürk,Aşkın Öztürk & Esin Banu Öztürk (AURA SONİC OFFİCİAL),7213129709646efaa8954a0a0637851dbdb13cc6924699489aaac324ba52da71,JAXEN MOON-KINGS OF THE TIDE.wav,3:42,2026-08-11,2026-08-31,RADIO_ONLY
MOON-MIDNIGHT PALMS,Jaxen Moon,Aşkın Öztürk,Aşkın Öztürk,Esin Banu Öztürk,Aşkın Öztürk & Esin Banu Öztürk (AURA SONİC OFFİCİAL),2895a979471d26823a67ae868846e181a81aaa92250cd9739071536dee959583,JAXEN MOON-MIDNIGHT PALMS.wav,3:04,2026-08-11,2026-08-31,RADIO_ONLY
MOON-MONEY IN THE SUN,Jaxen Moon,Aşkın Öztürk,Aşkın Öztürk,Esin Banu Öztürk,Aşkın Öztürk & Esin Banu Öztürk (AURA SONİC OFFİCİAL),166761d4dd3c1409d72f4e97049b2a09ded67c74fd8210b04f2324bea1cbdfbd,JAXEN MOON-MONEY IN THE SUN.wav,3:44,2026-08-11,2026-08-31,RADIO_ONLY
MOON-RIGHT PAST MY LIFE,Jaxen Moon,Aşkın Öztürk,Aşkın Öztürk,Esin Banu Öztürk,Aşkın Öztürk & Esin Banu Öztürk (AURA SONİC OFFİCİAL),2e3050096eeae567458346542735c4cc58ee831df0f88d8bcd936d147e7184f3,JAXEN MOON-RIGHT PAST MY LIFE.wav,3:13,2026-08-11,2026-08-31,RADIO_ONLY
MOON-STILL WANT TOMORROW,Jaxen Moon,Aşkın Öztürk,Aşkın Öztürk,Esin Banu Öztürk,Aşkın Öztürk & Esin Banu Öztürk (AURA SONİC OFFİCİAL),3739298d2d1683fff9f2721a97c9b944d490169e744d3346f2157ea50c9f3138,JAXEN MOON-STILL WANT TOMORROW.wav,3:39,2026-08-11,2026-08-31,RADIO_ONLY
MOON-SUNSET CASH,Jaxen Moon,Aşkın Öztürk,Aşkın Öztürk,Esin Banu Öztürk,Aşkın Öztürk & Esin Banu Öztürk (AURA SONİC OFFİCİAL),45ab871d9b963784bdf457838afef93d6247daa4572ae53dbd7b27e3b10b7e55,JAXEN MOON-SUNSET CASH.wav,3:00,2026-08-11,2026-08-31,RADIO_ONLY
MOON-WHEN I BREAK,Jaxen Moon,Aşkın Öztürk,Aşkın Öztürk,Esin Banu Öztürk,Aşkın Öztürk & Esin Banu Öztürk (AURA SONİC OFFİCİAL),b4566477ea6282c852959c1fe036c4d254faa3a751219b26f9e2c22278503081,JAXEN MOON-WHEN I BREAK.wav,3:19,2026-08-11,2026-08-31,RADIO_ONLY
Moon - Come Home Alive,Jaxen Moon,Aşkın Öztürk,Aşkın Öztürk,Esin Banu Öztürk,Aşkın Öztürk & Esin Banu Öztürk (AURA SONİC OFFİCİAL),c2397533553206b9d7bacbb4cd14a1c275e1cdda31f79007848843b20ce18832,Jaxen Moon - Come Home Alive.mp3,3:21,2026-07-11,2026-08-08,RADIO_ONLY
Moon - Gray Mile,Jaxen Moon,Aşkın Öztürk,Aşkın Öztürk,Esin Banu Öztürk,Aşkın Öztürk & Esin Banu Öztürk (AURA SONİC OFFİCİAL),5055dbaeb7dd13e83b10865862e9f941cc7fb2be305e4475eb59f1b028a0c9bd,Jaxen Moon - Gray Mile.mp3,3:17,2026-07-11,2026-08-08,RADIO_ONLY
Moon - Life Skipped Our Front Porch,Jaxen Moon,Aşkın Öztürk,Aşkın Öztürk,Esin Banu Öztürk,Aşkın Öztürk & Esin Banu Öztürk (AURA SONİC OFFİCİAL),99637c0b95d05ca4f8c6f9ccf4261056a8a8ac234f75d31043c6c1066fdc7dc7,Jaxen Moon - Life Skipped Our Front Porch.mp3,3:11,2026-07-11,2026-08-08,RADIO_ONLY
Moon-STILL CALLS ME SON,Jaxen Moon,Aşkın Öztürk,Aşkın Öztürk,Esin Banu Öztürk,Aşkın Öztürk & Esin Banu Öztürk (AURA SONİC OFFİCİAL),fb2f772f3f8df7fcf12036cb2fec55b38b406afddf933a0d74284ffd5d5067f1,Jaxen Moon-STILL CALLS ME SON.wav,4:44,2026-08-11,2026-08-31,RADIO_ONLY
Moon-WILSON’S GARAGE,Jaxen Moon,Aşkın Öztürk,Aşkın Öztürk,Esin Banu Öztürk,Aşkın Öztürk & Esin Banu Öztürk (AURA SONİC OFFİCİAL),ce617ed1189796f5073e965efe2aa7beb7a0b99ea3b677bd8b93466655678138,Jaxen Moon-WILSON’S GARAGE.wav,4:58,2026-08-11,2026-08-31,RADIO_ONLY
NEITHER OF US GOT AWAY,Jaxen Moon,Aşkın Öztürk,Aşkın Öztürk,Esin Banu Öztürk,Aşkın Öztürk & Esin Banu Öztürk (AURA SONİC OFFİCİAL),45f6f3f2139b98553369f54ca87cd57bdf7a869a9541fc5dd87759a66d0f4200, clean_21-08-26-Jaxen Moon-NEITHER OF US GOT AWAY CLEAN.mp3,3:57,2026-08-30,2026-08-31,RADIO_ONLY
SAME HOUSE DIFFERENT WEATHER,Jaxen Moon,Aşkın Öztürk,Aşkın Öztürk,Esin Banu Öztürk,Aşkın Öztürk & Esin Banu Öztürk (AURA SONİC OFFİCİAL),3d98f7345c30ec114bc6942a6ff31f0ef9ab094ebe8d536bd94b033de303bfe8, clean_21-08-26-Jaxen Moon-SAME HOUSE DIFFERENT WEATHER.mp3,4:19,2026-08-30,2026-08-31,RADIO_ONLY
SUNSET CASH,Jaxen Moon,Aşkın Öztürk,Aşkın Öztürk,Esin Banu Öztürk,Aşkın Öztürk & Esin Banu Öztürk (AURA SONİC OFFİCİAL),3a34e01228c8995bfbc62208d8b1e7801737cc16216f5b65263cd15f92fe90f3,SUNSET CASH (1).wav,3:00,2026-06-11,2026-08-08,RADIO_ONLY
WHEN THE POWER WENT DOWN,Jaxen Moon,Aşkın Öztürk,Aşkın Öztürk,Esin Banu Öztürk,Aşkın Öztürk & Esin Banu Öztürk (AURA SONİC OFFİCİAL),be9f3e041e65a77b2688bb9cffb4f6cb0cdd619eadd1485b92c16ef58c8d67dd, clean_30-08-26-JAXEN MOON-WHEN THE POWER WENT DOWN.mp3,4:34,2026-08-30,2026-08-31,RADIO_ONLY
Architect of Echoes,Kael Voss,Aşkın Öztürk,Aşkın Öztürk,Esin Banu Öztürk,Aşkın Öztürk & Esin Banu Öztürk (AURA SONİC OFFİCİAL),ccb3413c3459f203d730a580fb4effcca50e98cc68515d8a6e383c4db1c9d233, clean_Architect of Echoes.wav,4:58,2026-05-30,2026-08-08,RADIO_ONLY
Architect of Echoes-Kael Voss,Kael Voss,Aşkın Öztürk,Aşkın Öztürk,Esin Banu Öztürk,Aşkın Öztürk & Esin Banu Öztürk (AURA SONİC OFFİCİAL),841ee323c3e8e1d053255979936645d82da44e34f5df551cf336b54fe0cb9663, clean_Architect of Echoes-Kael Voss.mp3,4:58,2026-07-28,2026-08-08,RADIO_ONLY
Ashes in the Rearview,Kael Voss,Aşkın Öztürk,Aşkın Öztürk,Esin Banu Öztürk,Aşkın Öztürk & Esin Banu Öztürk (AURA SONİC OFFİCİAL),777db2aa545f2483b3f411a6ff273dd993aad666c366b1943b5cd100b0c2249f,sarki.wav,4:57,2026-06-12,2026-08-08,RADIO_ONLY
BETWEEN THE LINES,Kael Voss,Aşkın Öztürk,Aşkın Öztürk,Esin Banu Öztürk,Aşkın Öztürk & Esin Banu Öztürk (AURA SONİC OFFİCİAL),1fa467bdc52c3a5f316d36b08375bbf82fca3e6e2a1450f5f89b6d33643956b8,KAEL VOSS — BETWEEN THE LINES.wav,3:17,2026-09-10,2026-09-10,RADIO_ONLY
BORN TO BURN,Kael Voss,Aşkın Öztürk,Aşkın Öztürk,Esin Banu Öztürk,Aşkın Öztürk & Esin Banu Öztürk (AURA SONİC OFFİCİAL),3a267f2fbb0e09458d3ddc9477dd4ba74a3a35dbe8e45566d841f16ad047159e, clean_BORN TO BURN.wav,3:15,2026-05-30,2026-08-08,RADIO_ONLY
BROKEN HIGHWAY,Kael Voss,Aşkın Öztürk,Aşkın Öztürk,Esin Banu Öztürk,Aşkın Öztürk & Esin Banu Öztürk (AURA SONİC OFFİCİAL),638ade07017f41c8c3fd09282b7dfda0b9eeb2381e95bbb2e94609ac97b6b9dd,BROKEN HIGHWAY.wav,4:54,2026-06-13,2026-08-08,RADIO_ONLY
DEAD CITY KINGS,Kael Voss,Aşkın Öztürk,Aşkın Öztürk,Esin Banu Öztürk,Aşkın Öztürk & Esin Banu Öztürk (AURA SONİC OFFİCİAL),79279c85dc5be54de558740e5e7c1200872eda7470c3f7055adce06749f531a4,DEAD CITY KINGS.wav,3:39,2026-06-13,2026-08-08,RADIO_ONLY
Dust of Babylon,Kael Voss,Aşkın Öztürk,Aşkın Öztürk,Esin Banu Öztürk,Aşkın Öztürk & Esin Banu Öztürk (AURA SONİC OFFİCİAL),c3320c604aeed07fc441a5c457008b41dd8a60d1db89d39bd2426edddfd7f82a,sarki.wav,5:16,2026-06-12,2026-08-08,RADIO_ONLY
Dust of Babylon en,Kael Voss,Aşkın Öztürk,Aşkın Öztürk,Esin Banu Öztürk,Aşkın Öztürk & Esin Banu Öztürk (AURA SONİC OFFİCİAL),bf595f2a058565441c9c19212d326d89e5713d4f7219c4702d7d97f4cc81c90b, clean_Dust_of_Babylon_en_.wav,5:16,2026-05-30,2026-08-08,RADIO_ONLY
Funeral Electric,Kael Voss,Aşkın Öztürk,Aşkın Öztürk,Esin Banu Öztürk,Aşkın Öztürk & Esin Banu Öztürk (AURA SONİC OFFİCİAL),8ae939fe91aeff30e847d3e060ef2147da439b3c351b291b7115c23943076350,sarki.wav,4:32,2026-06-12,2026-08-08,RADIO_ONLY
HALF A STEP LATE,Kael Voss,Aşkın Öztürk,Aşkın Öztürk,Esin Banu Öztürk,Aşkın Öztürk & Esin Banu Öztürk (AURA SONİC OFFİCİAL),023b4990852e3296a6fc69b00756f17d16b8a6a6b3d04a6bd4be9b1cbefb44ea,KAEL VOSS — HALF A STEP LATE.wav,3:13,2026-09-10,2026-09-10,RADIO_ONLY
I CANT ASK YOU NOW,Kael Voss,Aşkın Öztürk,Aşkın Öztürk,Esin Banu Öztürk,Aşkın Öztürk & Esin Banu Öztürk (AURA SONİC OFFİCİAL),50a08c53ef25d580b5512335bc4f4d0834ae49a1ba8f2652805d096d3a4e8be1, clean_30-08-26-Kael Voss-I CANT ASK YOU NOW.mp3,5:09,2026-08-30,2026-08-31,RADIO_ONLY
IF YOU SEE HER,Kael Voss,Aşkın Öztürk,Aşkın Öztürk,Esin Banu Öztürk,Aşkın Öztürk & Esin Banu Öztürk (AURA SONİC OFFİCİAL),58ae91eaa90212bad87cdfa91f124036ac10372120c967e56c2282f18e8b2ccd,IF YOU SEE HER.wav,4:25,2026-06-13,2026-08-08,RADIO_ONLY
KAEL VOSS — BLACKTOP SERENADE,Kael Voss,Aşkın Öztürk,Aşkın Öztürk,Esin Banu Öztürk,Aşkın Öztürk & Esin Banu Öztürk (AURA SONİC OFFİCİAL),d4b9dee5a3010bab3469c8e759835b1c3943691cf30fdb5a2079d3fbb53647ea,clean_KAEL VOSS — BLACKTOP SERENADE.mp3,4:44,2026-06-21,2026-08-08,RADIO_ONLY
KAEL VOSS — COUNTY LINE MERCY,Kael Voss,Aşkın Öztürk,Aşkın Öztürk,Esin Banu Öztürk,Aşkın Öztürk & Esin Banu Öztürk (AURA SONİC OFFİCİAL),b55d2a2fa19ee560f833d47391e103ce2fe536a6d315ed8f0d8af3d52c435998,clean_KAEL VOSS — COUNTY LINE MERCY.mp3,4:24,2026-06-21,2026-08-08,RADIO_ONLY
KAEL VOSS — DUST ON MY BOOTS,Kael Voss,Aşkın Öztürk,Aşkın Öztürk,Esin Banu Öztürk,Aşkın Öztürk & Esin Banu Öztürk (AURA SONİC OFFİCİAL),7aea0c1fcd2d482439f81187190a9f542e5903fd055994a9564f78d9517d594f,clean_KAEL VOSS — DUST ON MY BOOTS.mp3,4:16,2026-06-21,2026-08-08,RADIO_ONLY
KAEL VOSS — GASOLINE PRAYER,Kael Voss,Aşkın Öztürk,Aşkın Öztürk,Esin Banu Öztürk,Aşkın Öztürk & Esin Banu Öztürk (AURA SONİC OFFİCİAL),27e52d2a7f8a2ef1dd18c9df1aa499c51dc9ebb66774b1dac380ab98ac0d346c,clean_KAEL VOSS — GASOLINE PRAYER.mp3,5:01,2026-06-21,2026-08-08,RADIO_ONLY
KAEL VOSS — LONG WAY HOME,Kael Voss,Aşkın Öztürk,Aşkın Öztürk,Esin Banu Öztürk,Aşkın Öztürk & Esin Banu Öztürk (AURA SONİC OFFİCİAL),da10444ef04b91fe63efa651d01b4862c8207ab8fed6105aa15a752b5c3019e6,clean_KAEL VOSS — LONG WAY HOME.mp3,4:54,2026-06-21,2026-08-08,RADIO_ONLY
KAEL VOSS — RUNNING OUT OF MIDNIGHT,Kael Voss,Aşkın Öztürk,Aşkın Öztürk,Esin Banu Öztürk,Aşkın Öztürk & Esin Banu Öztürk (AURA SONİC OFFİCİAL),d2eb28cd58f3a03f25f70e6b9dbe35081d83399a69f1c790969b761ffe53a461,clean_KAEL VOSS — RUNNING OUT OF MIDNIGHT.mp3,5:39,2026-06-21,2026-08-08,RADIO_ONLY
KAEL VOSS — SOUTHBOUND LIGHTS,Kael Voss,Aşkın Öztürk,Aşkın Öztürk,Esin Banu Öztürk,Aşkın Öztürk & Esin Banu Öztürk (AURA SONİC OFFİCİAL),6e39eeea0166c419116a68e327600538336dd4a59d813969dc93de9f0beae0f2,clean_KAEL VOSS — SOUTHBOUND LIGHTS.mp3,5:01,2026-06-21,2026-08-08,RADIO_ONLY
KAEL VOSS — STAY WITH THE SIGNAL,Kael Voss,Aşkın Öztürk,Aşkın Öztürk,Esin Banu Öztürk,Aşkın Öztürk & Esin Banu Öztürk (AURA SONİC OFFİCİAL),917b13d8161abe6a47a4b1ca5fbc959731d3ded5887f3338975683e77877d5f9,clean_KAEL VOSS — STAY WITH THE SIGNAL.mp3,4:41,2026-06-21,2026-08-08,RADIO_ONLY
KAEL VOSS — THE CITY NEVER KNEW,Kael Voss,Aşkın Öztürk,Aşkın Öztürk,Esin Banu Öztürk,Aşkın Öztürk & Esin Banu Öztürk (AURA SONİC OFFİCİAL),7c98ddf63f4443cee8aa6d2283c4c0f953524c9bdb43f7b07e7c4f7ec036890d,clean_KAEL VOSS — THE CITY NEVER KNEW.mp3,4:44,2026-06-21,2026-08-08,RADIO_ONLY
Kael Voss I Heard Him In My Voice,Kael Voss,Aşkın Öztürk,Aşkın Öztürk,Esin Banu Öztürk,Aşkın Öztürk & Esin Banu Öztürk (AURA SONİC OFFİCİAL),2d3435b50de323b4e30ef9493b76386b034668d740baee2722ce909d1d422132, clean_Kael Voss I Heard Him In My Voice.mp3,3:46,2026-08-08,2026-08-08,RADIO_ONLY
Kael Voss-ALMOST WAS ENOUGH,Kael Voss,Aşkın Öztürk,Aşkın Öztürk,Esin Banu Öztürk,Aşkın Öztürk & Esin Banu Öztürk (AURA SONİC OFFİCİAL),69f44f001530ce75016b19b08fb18a6974fcf69e2eef88e7b28ec566673aec45, clean_Kael Voss-ALMOST WAS ENOUGH.mp3,3:34,2026-08-08,2026-08-08,RADIO_ONLY
Kael Voss-BEFORE IM CERTAIN,Kael Voss,Aşkın Öztürk,Aşkın Öztürk,Esin Banu Öztürk,Aşkın Öztürk & Esin Banu Öztürk (AURA SONİC OFFİCİAL),cbeb8bd1b15351dcfb1a7d104bc54c11bbc6f561d794e4826027f127de21c31c, clean_Kael Voss-BEFORE IM CERTAIN.mp3,3:34,2026-08-08,2026-08-08,RADIO_ONLY
Kael Voss-COME BACK DIFFERENT,Kael Voss,Aşkın Öztürk,Aşkın Öztürk,Esin Banu Öztürk,Aşkın Öztürk & Esin Banu Öztürk (AURA SONİC OFFİCİAL),dfac3303667dc0b551232250957df68937403711f2aaec9fbafc37cf8c4f25c7, clean_Kael Voss-COME BACK DIFFERENT.mp3,3:34,2026-08-08,2026-08-08,RADIO_ONLY
Kael Voss-EITHER WAY I LOSE,Kael Voss,Aşkın Öztürk,Aşkın Öztürk,Esin Banu Öztürk,Aşkın Öztürk & Esin Banu Öztürk (AURA SONİC OFFİCİAL),a9a9684a6e7595a4be4e1c6a4c0894c39e4e3524f264e913fe05f033a785146a, clean_Kael Voss-EITHER WAY I LOSE.mp3,3:33,2026-08-08,2026-08-08,RADIO_ONLY
Kael Voss-EVEN IF YOU NEVER SEE IT,Kael Voss,Aşkın Öztürk,Aşkın Öztürk,Esin Banu Öztürk,Aşkın Öztürk & Esin Banu Öztürk (AURA SONİC OFFİCİAL),59b0a39a9880c3704d6493b431fda4b1547e0ae14c285ea95efa89bdf2b5bef4, clean_Kael Voss-EVEN IF YOU NEVER SEE IT.mp3,3:49,2026-08-08,2026-08-08,RADIO_ONLY
Kael Voss-Second Chance Is a Room,Kael Voss,Aşkın Öztürk,Aşkın Öztürk,Esin Banu Öztürk,Aşkın Öztürk & Esin Banu Öztürk (AURA SONİC OFFİCİAL),cf5d196859e8ec86f4403f844c6eab39c52731c766062eef66d4e7a6c267e653, clean_Kael Voss-Second Chance Is a Room.mp3,3:34,2026-08-08,2026-08-08,RADIO_ONLY
Kael Voss-YOURE STILL HERE,Kael Voss,Aşkın Öztürk,Aşkın Öztürk,Esin Banu Öztürk,Aşkın Öztürk & Esin Banu Öztürk (AURA SONİC OFFİCİAL),95e94e5e348c0ebba9c56e3d6f4e46a59d971fca2e90bc8b3519dc79e69a26ea, clean_Kael Voss-YOURE STILL HERE.mp3,3:53,2026-08-08,2026-08-08,RADIO_ONLY
Knots and Ashes,Kael Voss,Aşkın Öztürk,Aşkın Öztürk,Esin Banu Öztürk,Aşkın Öztürk & Esin Banu Öztürk (AURA SONİC OFFİCİAL),58dbb2eb9e065ac09fff6e3cabc75f5e483bdb318fbc25082336857950362108,sarki.wav,6:35,2026-06-12,2026-08-08,RADIO_ONLY
LAST EXIT HOME,Kael Voss,Aşkın Öztürk,Aşkın Öztürk,Esin Banu Öztürk,Aşkın Öztürk & Esin Banu Öztürk (AURA SONİC OFFİCİAL),9f9540c80d6ec117952a34b705a997eb43c336895fc3fca64cbdde7f073c23e7,LAST EXIT HOME.wav,4:39,2026-06-13,2026-08-08,RADIO_ONLY
LEAVE THE NOISE ON,Kael Voss,Aşkın Öztürk,Aşkın Öztürk,Esin Banu Öztürk,Aşkın Öztürk & Esin Banu Öztürk (AURA SONİC OFFİCİAL),df1d879f1aeb3f0c43e1e0f7a13e42e8965c2e1abb855fc4e42f3bb0713d3fdc, clean_30-08-26-Kael Voss-LEAVE THE NOISE ON.mp3,5:10,2026-08-30,2026-08-31,RADIO_ONLY
Last Exit Halo,Kael Voss,Aşkın Öztürk,Aşkın Öztürk,Esin Banu Öztürk,Aşkın Öztürk & Esin Banu Öztürk (AURA SONİC OFFİCİAL),27069e33fe6f0e549e6ac0502c00d14ea11f48d3ac0c28f06f3945080b01f8e3,sarki.wav,4:17,2026-06-12,2026-08-08,RADIO_ONLY
MIDNIGHT STATIC,Kael Voss,Aşkın Öztürk,Aşkın Öztürk,Esin Banu Öztürk,Aşkın Öztürk & Esin Banu Öztürk (AURA SONİC OFFİCİAL),357f001bc5270b09a6657da0f4a6671421ab6e39436a4df3d42988e29791ac5a,MIDNIGHT STATIC.wav,4:39,2026-06-13,2026-08-08,RADIO_ONLY
NO REPLY NEEDED,Kael Voss,Aşkın Öztürk,Aşkın Öztürk,Esin Banu Öztürk,Aşkın Öztürk & Esin Banu Öztürk (AURA SONİC OFFİCİAL),79c6e1c93e8b3890238f3642d88c401c75f437d1631e3f216b442be1de64ae44,clean_06-09-26-KAEL VOSS — NO REPLY NEEDED.wav,2:42,2026-09-06,2026-09-06,RADIO_ONLY
NO SAINTS LEFT,Kael Voss,Aşkın Öztürk,Aşkın Öztürk,Esin Banu Öztürk,Aşkın Öztürk & Esin Banu Öztürk (AURA SONİC OFFİCİAL),fa21dff85d53a44cc1511e27d68a2ba3f4873c4135c4a27f0236fa46c5a67664,NO SAINTS LEFT.wav,4:49,2026-06-13,2026-08-08,RADIO_ONLY
NOTHING TO FIX,Kael Voss,Aşkın Öztürk,Aşkın Öztürk,Esin Banu Öztürk,Aşkın Öztürk & Esin Banu Öztürk (AURA SONİC OFFİCİAL),3f23d739b2902e74b54ccf0987f31c124a1f333d874be8db12eaac250d97a6f7,KAEL VOSS — NOTHING TO FIX.wav,3:29,2026-09-10,2026-09-10,RADIO_ONLY
OUT OF PRACTICE,Kael Voss,Aşkın Öztürk,Aşkın Öztürk,Esin Banu Öztürk,Aşkın Öztürk & Esin Banu Öztürk (AURA SONİC OFFİCİAL),c051298e06736d0091e07e29deeb477f791ddc645c95d2680fd9148972fee16a,KAEL VOSS — OUT OF PRACTICE.wav,3:20,2026-09-10,2026-09-10,RADIO_ONLY
PAPER MOON MOTEL,Kael Voss,Aşkın Öztürk,Aşkın Öztürk,Esin Banu Öztürk,Aşkın Öztürk & Esin Banu Öztürk (AURA SONİC OFFİCİAL),231d82da93a3ae58d7eb82ed4e37baf000ba5555b11029a0d085e725a2583998,PAPER MOON MOTEL.wav,4:06,2026-06-13,2026-08-08,RADIO_ONLY
PAST US,Kael Voss,Aşkın Öztürk,Aşkın Öztürk,Esin Banu Öztürk,Aşkın Öztürk & Esin Banu Öztürk (AURA SONİC OFFİCİAL),d6933d6ea64ed582a7ca689c309ae08a3b9b24e2529e7002c526480406dfa52b,clean_06-09-26-KAEL VOSS — PAST US.wav,3:05,2026-09-06,2026-09-06,RADIO_ONLY
RISE FROM THE STATIC,Kael Voss,Aşkın Öztürk,Aşkın Öztürk,Esin Banu Öztürk,Aşkın Öztürk & Esin Banu Öztürk (AURA SONİC OFFİCİAL),133a3278fb68f23ac2f46fafd3efbaea5fe16700a2bbeca6c467084dbbcf2f3a,RISE FROM THE STATIC.wav,4:54,2026-06-13,2026-08-08,RADIO_ONLY
ROOM FOR TWO,Kael Voss,Aşkın Öztürk,Aşkın Öztürk,Esin Banu Öztürk,Aşkın Öztürk & Esin Banu Öztürk (AURA SONİC OFFİCİAL),0dddb2ced7867b3627902c8718c2f9c208a9e73e3990154bb689d8f82a5f58ab,KAEL VOSS — ROOM FOR TWO.wav,3:41,2026-09-10,2026-09-10,RADIO_ONLY
RUNAWAY LIGHTS,Kael Voss,Aşkın Öztürk,Aşkın Öztürk,Esin Banu Öztürk,Aşkın Öztürk & Esin Banu Öztürk (AURA SONİC OFFİCİAL),f1fc8cf3106ad1625d47f7072e7feb5718636d51f5379a57f6eb8dc7f87a649e,RUNAWAY LIGHTS.wav,4:13,2026-06-13,2026-08-08,RADIO_ONLY
SECOND VERSION,Kael Voss,Aşkın Öztürk,Aşkın Öztürk,Esin Banu Öztürk,Aşkın Öztürk & Esin Banu Öztürk (AURA SONİC OFFİCİAL),7dc316eaa1d52796806e6ed2d30ff33b58257128e35d2b5e20e41bd7bf3db646,KAEL VOSS — SECOND VERSION.wav,3:18,2026-09-10,2026-09-10,RADIO_ONLY
STILL MY VOICE,Kael Voss,Aşkın Öztürk,Aşkın Öztürk,Esin Banu Öztürk,Aşkın Öztürk & Esin Banu Öztürk (AURA SONİC OFFİCİAL),5cc5927f8704c7182a3627f2316238f87b23133e762c30dd596281018d90e245,KAEL VOSS — STILL MY VOICE.wav,3:14,2026-09-10,2026-09-10,RADIO_ONLY
Shattered Inside,Kael Voss,Aşkın Öztürk,Aşkın Öztürk,Esin Banu Öztürk,Aşkın Öztürk & Esin Banu Öztürk (AURA SONİC OFFİCİAL),884189cbbaee0e20139ec9338cabeec2f10fc9f4375a902f5f527de33c51fe85,sarki.wav,5:19,2026-06-12,2026-08-08,RADIO_ONLY
Silver Motel,Kael Voss,Aşkın Öztürk,Aşkın Öztürk,Esin Banu Öztürk,Aşkın Öztürk & Esin Banu Öztürk (AURA SONİC OFFİCİAL),30f3d538c302ad74c1335b3cf524a0a812feb19dd0bb8f937a8ae1605b613e1c,sarki.wav,4:48,2026-06-12,2026-08-08,RADIO_ONLY
Strangers in the Static,Kael Voss,Aşkın Öztürk,Aşkın Öztürk,Esin Banu Öztürk,Aşkın Öztürk & Esin Banu Öztürk (AURA SONİC OFFİCİAL),5a22a12b9818f9bbac576bf9dcf69bf858941a9d9018b213dc500555bd1b978b,sarki.wav,4:01,2026-06-12,2026-08-08,RADIO_ONLY
THE GOOD DISTANCE,Kael Voss,Aşkın Öztürk,Aşkın Öztürk,Esin Banu Öztürk,Aşkın Öztürk & Esin Banu Öztürk (AURA SONİC OFFİCİAL),62e123393e3f1a9197784140c312b25a5c3add63e48ce698963c21242bef5bb0,KAEL VOSS — THE GOOD DISTANCE.wav,3:43,2026-09-10,2026-09-10,RADIO_ONLY
THE PART I KEPT,Kael Voss,Aşkın Öztürk,Aşkın Öztürk,Esin Banu Öztürk,Aşkın Öztürk & Esin Banu Öztürk (AURA SONİC OFFİCİAL),f056f7e4e18b4a5412ec3ab6397df5eeabbb607620240618d04e570382d8bdb7,KAEL VOSS — THE PART I KEPT.wav,3:34,2026-09-10,2026-09-10,RADIO_ONLY
TRY ME NOW,Kael Voss,Aşkın Öztürk,Aşkın Öztürk,Esin Banu Öztürk,Aşkın Öztürk & Esin Banu Öztürk (AURA SONİC OFFİCİAL),d11b9c6fb408d890ef8f36b28043118775e1425b2958bfbaa10771cc5bed65b3, clean_30-08-26-Kael Voss-TRY ME NOW.mp3,4:54,2026-08-30,2026-08-31,RADIO_ONLY
Tennessee to Tokyo,Kael Voss,Aşkın Öztürk,Aşkın Öztürk,Esin Banu Öztürk,Aşkın Öztürk & Esin Banu Öztürk (AURA SONİC OFFİCİAL),bb3664b1db6d6d4a2a2321dfb977e19ab7499b9c925e9358a05518c2feb7293d,clean_ clean_ clean_ clean___Tennessee to Tokyo__.wav,4:14,2026-06-02,2026-08-08,RADIO_ONLY
Tennessee to Tokyo Kael Voss,Kael Voss,Aşkın Öztürk,Aşkın Öztürk,Esin Banu Öztürk,Aşkın Öztürk & Esin Banu Öztürk (AURA SONİC OFFİCİAL),7cb76e9f9398a5d195d01a3f31157054c3a5a6e737e5f9099a969dc1246e12a4, clean__Tennessee to Tokyo__Kael Voss.mp3,4:14,2026-07-28,2026-08-08,RADIO_ONLY
The Ghost in the Glass,Kael Voss,Aşkın Öztürk,Aşkın Öztürk,Esin Banu Öztürk,Aşkın Öztürk & Esin Banu Öztürk (AURA SONİC OFFİCİAL),2b09bb051f1571b114f4f644f353b94138b306de9e0e48ff1b56b2431b9b4dd8,sarki.wav,3:47,2026-05-30,2026-08-08,RADIO_ONLY
The Shadow of the Unfaithful,Kael Voss,Aşkın Öztürk,Aşkın Öztürk,Esin Banu Öztürk,Aşkın Öztürk & Esin Banu Öztürk (AURA SONİC OFFİCİAL),94757b98af2cf730864e9d82957524a6ab1df5ca01973fff62f861c2a5468089,sarki.wav,4:22,2026-06-12,2026-08-08,RADIO_ONLY
VOSS DONT START THE CAR YET,Kael Voss,Aşkın Öztürk,Aşkın Öztürk,Esin Banu Öztürk,Aşkın Öztürk & Esin Banu Öztürk (AURA SONİC OFFİCİAL),c49dee4a3924a850ce0a1974a902c14568c850ee0dbe53b1e83936746566667e,KAEL VOSS DONT START THE CAR YET.mp3,5:42,2026-07-12,2026-08-08,RADIO_ONLY
VOSS MISS THE EXIT WITH ME,Kael Voss,Aşkın Öztürk,Aşkın Öztürk,Esin Banu Öztürk,Aşkın Öztürk & Esin Banu Öztürk (AURA SONİC OFFİCİAL),fb04f8c7cfa9753aa949726280d2365223ab3760b6039259848f482c4a602653,KAEL VOSS MISS THE EXIT WITH ME.mp3,5:44,2026-07-12,2026-08-08,RADIO_ONLY
VOSS STAY FOR THE ORDINARY,Kael Voss,Aşkın Öztürk,Aşkın Öztürk,Esin Banu Öztürk,Aşkın Öztürk & Esin Banu Öztürk (AURA SONİC OFFİCİAL),962154f247f8abfd572320da39c350ca621fd1f71c2cf728d1422007288414a8,KAEL VOSS STAY FOR THE ORDINARY.mp3,5:10,2026-07-12,2026-08-08,RADIO_ONLY
VOSS — BLACKTOP SERENADE,Kael Voss,Aşkın Öztürk,Aşkın Öztürk,Esin Banu Öztürk,Aşkın Öztürk & Esin Banu Öztürk (AURA SONİC OFFİCİAL),1dc561afb37758e6fd269c24b52c5896c95effddc100138c7a4ff0a3dc010964,KAEL VOSS — BLACKTOP SERENADE.wav,4:45,2026-08-13,2026-08-08,RADIO_ONLY
VOSS — COUNTY LINE MERCY,Kael Voss,Aşkın Öztürk,Aşkın Öztürk,Esin Banu Öztürk,Aşkın Öztürk & Esin Banu Öztürk (AURA SONİC OFFİCİAL),a69ff9b8d6a47be755b3f9af1a1b7acb4976fdcb20f7eaf3df8e7f5d5098cc00,KAEL VOSS — COUNTY LINE MERCY.wav,4:25,2026-08-13,2026-08-08,RADIO_ONLY
VOSS — DUST ON MY BOOTS,Kael Voss,Aşkın Öztürk,Aşkın Öztürk,Esin Banu Öztürk,Aşkın Öztürk & Esin Banu Öztürk (AURA SONİC OFFİCİAL),30c2a74d9cf3b345b8c6f62c5509aa6912edd3b6d4cf12a6ece1f1eb59133228,KAEL VOSS — DUST ON MY BOOTS.wav,4:16,2026-08-13,2026-08-08,RADIO_ONLY
VOSS — GASOLINE PRAYER,Kael Voss,Aşkın Öztürk,Aşkın Öztürk,Esin Banu Öztürk,Aşkın Öztürk & Esin Banu Öztürk (AURA SONİC OFFİCİAL),4c68bf15249b122e955a681bf23c093ce94f20e665755f10b3370b701e901e01,KAEL VOSS — GASOLINE PRAYER.wav,5:01,2026-08-13,2026-08-08,RADIO_ONLY
"VOSS — I LEARNED YOUR NAME, LONELINESS",Kael Voss,Aşkın Öztürk,Aşkın Öztürk,Esin Banu Öztürk,Aşkın Öztürk & Esin Banu Öztürk (AURA SONİC OFFİCİAL),0e4db9d039e13637ee477ad7e9a54eb06a36ca6de0c76355d98b2bc051ebd293,"KAEL VOSS — I LEARNED YOUR NAME, LONELINESS.wav",4:44,2026-08-14,2026-08-08,RADIO_ONLY
VOSS — LAST KINGDOM OF US,Kael Voss,Aşkın Öztürk,Aşkın Öztürk,Esin Banu Öztürk,Aşkın Öztürk & Esin Banu Öztürk (AURA SONİC OFFİCİAL),358bac8077db72bfe478a9572f802b644fbefe0d91a594dcec6bddbc4257ea61,KAEL VOSS — LAST KINGDOM OF US.wav,4:14,2026-08-14,2026-08-08,RADIO_ONLY
VOSS — LAST MATCH,Kael Voss,Aşkın Öztürk,Aşkın Öztürk,Esin Banu Öztürk,Aşkın Öztürk & Esin Banu Öztürk (AURA SONİC OFFİCİAL),c5a8aaddcce9ba1ad18a74c79e44938e5739cbc458ea2555c618ed714e6c530a,KAEL VOSS — LAST MATCH.wav,3:58,2026-08-14,2026-08-08,RADIO_ONLY
VOSS — LONG WAY HOME,Kael Voss,Aşkın Öztürk,Aşkın Öztürk,Esin Banu Öztürk,Aşkın Öztürk & Esin Banu Öztürk (AURA SONİC OFFİCİAL),cc12a941f55c12140e76105e25bd01c2a41c6e53c752d69a97322070a9b81596,KAEL VOSS — LONG WAY HOME.wav,4:55,2026-08-13,2026-08-08,RADIO_ONLY
VOSS — RUNNING OUT OF MIDNIGHT,Kael Voss,Aşkın Öztürk,Aşkın Öztürk,Esin Banu Öztürk,Aşkın Öztürk & Esin Banu Öztürk (AURA SONİC OFFİCİAL),20317b7c878b6204ec6d2621ce736062609bbcdfe497d3be7a8107e6b08bfc10,KAEL VOSS — RUNNING OUT OF MIDNIGHT.wav,5:39,2026-08-13,2026-08-08,RADIO_ONLY
VOSS — Run Beyond the Dark,Kael Voss,Aşkın Öztürk,Aşkın Öztürk,Esin Banu Öztürk,Aşkın Öztürk & Esin Banu Öztürk (AURA SONİC OFFİCİAL),fa07fd85eddce813b97ad171a4c9ea88b265162be4678aa9066680d6499de03d,KAEL VOSS — Run Beyond the Dark.wav,4:24,2026-08-14,2026-08-08,RADIO_ONLY
VOSS — SHE WAS NEVER IN THE CAR,Kael Voss,Aşkın Öztürk,Aşkın Öztürk,Esin Banu Öztürk,Aşkın Öztürk & Esin Banu Öztürk (AURA SONİC OFFİCİAL),48e259b2611ae2df8f3f965a4b9e5f9ff5d35abe113d4e0057a4fc89e49cd16a,KAEL VOSS — SHE WAS NEVER IN THE CAR.wav,3:14,2026-08-14,2026-08-08,RADIO_ONLY
VOSS — SOUTHBOUND LIGHTS,Kael Voss,Aşkın Öztürk,Aşkın Öztürk,Esin Banu Öztürk,Aşkın Öztürk & Esin Banu Öztürk (AURA SONİC OFFİCİAL),d3c19ccd01016f49e10d553ef37efb89dc0eb9d50bcafc84988ceea98c41cb89,KAEL VOSS — SOUTHBOUND LIGHTS.wav,5:01,2026-08-13,2026-08-08,RADIO_ONLY
VOSS — STAY WITH THE SIGNAL,Kael Voss,Aşkın Öztürk,Aşkın Öztürk,Esin Banu Öztürk,Aşkın Öztürk & Esin Banu Öztürk (AURA SONİC OFFİCİAL),fad2b121842b599492e826208fc83a897222e80b1582cd0436b834b63bb86ebf,KAEL VOSS — STAY WITH THE SIGNAL.wav,4:41,2026-08-13,2026-08-08,RADIO_ONLY
VOSS — THE CITY NEVER KNEW,Kael Voss,Aşkın Öztürk,Aşkın Öztürk,Esin Banu Öztürk,Aşkın Öztürk & Esin Banu Öztürk (AURA SONİC OFFİCİAL),2877769b494b3bdac4401d14f80f67cb7908729e081b2fecf43ddfe6d84fc9eb,KAEL VOSS — THE CITY NEVER KNEW.wav,4:45,2026-08-13,2026-08-08,RADIO_ONLY
VOSS — THE ROAD KNEW FIRST,Kael Voss,Aşkın Öztürk,Aşkın Öztürk,Esin Banu Öztürk,Aşkın Öztürk & Esin Banu Öztürk (AURA SONİC OFFİCİAL),49182522d9f3bd8191ccc8e93ecbf922fb4354b97a9aac7aa5a1c71afed58532,KAEL VOSS — THE ROAD KNEW FIRST.wav,3:14,2026-08-14,2026-08-08,RADIO_ONLY
VOSS — WHERE THE SILENCE STAYS,Kael Voss,Aşkın Öztürk,Aşkın Öztürk,Esin Banu Öztürk,Aşkın Öztürk & Esin Banu Öztürk (AURA SONİC OFFİCİAL),2f953d9b106b0ddc75f281f7d84c0943583454123679d46c23edea6094128b43,KAEL VOSS — WHERE THE SILENCE STAYS.wav,4:29,2026-08-14,2026-08-08,RADIO_ONLY
VOSS — WRONG EXIT,Kael Voss,Aşkın Öztürk,Aşkın Öztürk,Esin Banu Öztürk,Aşkın Öztürk & Esin Banu Öztürk (AURA SONİC OFFİCİAL),258f11797d314edc4b75116636891252185f3da772a4da322d5be7897064b3a4,KAEL VOSS — WRONG EXIT.wav,3:09,2026-08-14,2026-08-08,RADIO_ONLY
VOSS-- The Tide Kept Quiet,Kael Voss,Aşkın Öztürk,Aşkın Öztürk,Esin Banu Öztürk,Aşkın Öztürk & Esin Banu Öztürk (AURA SONİC OFFİCİAL),d99cf8cdb2d1c7fd914cebbb1516d69f5fc5a0f75c0ea7c3acf751f3a79caa01,KAEL VOSS-- The Tide Kept Quiet.mp3,3:54,2026-07-10,2026-08-08,RADIO_ONLY
VOSS-BENDE KALAN,Kael Voss,Aşkın Öztürk,Aşkın Öztürk,Esin Banu Öztürk,Aşkın Öztürk & Esin Banu Öztürk (AURA SONİC OFFİCİAL),3f5d57eac954c0662bc93c2696b56247a7e69fa751bd9867450d6e7589669354,KAEL VOSS-BENDE KALAN.mp3,4:11,2026-07-20,2026-08-08,RADIO_ONLY
VOSS-BROKEN HIGHWAY,Kael Voss,Aşkın Öztürk,Aşkın Öztürk,Esin Banu Öztürk,Aşkın Öztürk & Esin Banu Öztürk (AURA SONİC OFFİCİAL),27ad1a3dd61436e4325fcc86b5cb2e1c3409203ec41b1216561e4d3f2f5fa847,KAEL VOSS-BROKEN HIGHWAY.wav,4:54,2026-08-11,2026-08-31,RADIO_ONLY
VOSS-BU GECE BİZİM,Kael Voss,Aşkın Öztürk,Aşkın Öztürk,Esin Banu Öztürk,Aşkın Öztürk & Esin Banu Öztürk (AURA SONİC OFFİCİAL),487f9eb11981510bdf3c4f76269f317062fe727895793af4a18ee5b1d5a60875,KAEL VOSS-BU GECE BİZİM.mp3,4:01,2026-07-20,2026-08-08,RADIO_ONLY
VOSS-DEAD CITY KINGS,Kael Voss,Aşkın Öztürk,Aşkın Öztürk,Esin Banu Öztürk,Aşkın Öztürk & Esin Banu Öztürk (AURA SONİC OFFİCİAL),94d6c619edaced00acd0a6eb36ad10c7633652b5e06b3521290224740e75f498,KAEL VOSS-DEAD CITY KINGS.wav,3:39,2026-08-11,2026-08-31,RADIO_ONLY
VOSS-IF YOU SEE HER,Kael Voss,Aşkın Öztürk,Aşkın Öztürk,Esin Banu Öztürk,Aşkın Öztürk & Esin Banu Öztürk (AURA SONİC OFFİCİAL),6a4e70ae2dc8f6424d5a2673445e0096ae544c07a55bc5a7941818e36c54acd5,KAEL VOSS-IF YOU SEE HER.wav,4:25,2026-08-11,2026-08-31,RADIO_ONLY
VOSS-LAST EXIT HOME,Kael Voss,Aşkın Öztürk,Aşkın Öztürk,Esin Banu Öztürk,Aşkın Öztürk & Esin Banu Öztürk (AURA SONİC OFFİCİAL),4edd67f00c6f8622cdd155ab78a34b59063f8a4ce68edccee25acf36a345512e,KAEL VOSS-LAST EXIT HOME.wav,4:39,2026-08-11,2026-08-31,RADIO_ONLY
VOSS-LOVE IS STILL ALIVE,Kael Voss,Aşkın Öztürk,Aşkın Öztürk,Esin Banu Öztürk,Aşkın Öztürk & Esin Banu Öztürk (AURA SONİC OFFİCİAL),9f2f545824f29b71b0484dbfd08556069e519da1fc9ffe7a53f232244fabd746,KAEL VOSS-LOVE IS STILL ALIVE.wav,4:29,2026-07-05,2026-08-08,RADIO_ONLY
VOSS-MIDNIGHT STATIC,Kael Voss,Aşkın Öztürk,Aşkın Öztürk,Esin Banu Öztürk,Aşkın Öztürk & Esin Banu Öztürk (AURA SONİC OFFİCİAL),fc5b008b4bcab7d61d746a07828e796b09cc3e408e66132b07986c57aeb57d0a,KAEL VOSS-MIDNIGHT STATIC.wav,4:39,2026-08-11,2026-08-31,RADIO_ONLY
VOSS-NO SAINTS LEFT,Kael Voss,Aşkın Öztürk,Aşkın Öztürk,Esin Banu Öztürk,Aşkın Öztürk & Esin Banu Öztürk (AURA SONİC OFFİCİAL),583c97eefd0ad8cdfac5a38bb49946545e9e4623921037c9adbdd3e1347772cb,KAEL VOSS-NO SAINTS LEFT.wav,4:49,2026-08-13,2026-08-31,RADIO_ONLY
VOSS-PAPER MOON MOTEL,Kael Voss,Aşkın Öztürk,Aşkın Öztürk,Esin Banu Öztürk,Aşkın Öztürk & Esin Banu Öztürk (AURA SONİC OFFİCİAL),3460f667b6017447d47d370f447d43840fdb997d302c72c35f59ac0fc96ce798,KAEL VOSS-PAPER MOON MOTEL.wav,4:06,2026-08-11,2026-08-31,RADIO_ONLY
VOSS-RISE FROM THE STATIC,Kael Voss,Aşkın Öztürk,Aşkın Öztürk,Esin Banu Öztürk,Aşkın Öztürk & Esin Banu Öztürk (AURA SONİC OFFİCİAL),883caadd51fc52ba3f802ffc62b0846e5e04d08198828e2be325008d02930d20,KAEL VOSS-RISE FROM THE STATIC.wav,4:54,2026-08-11,2026-08-31,RADIO_ONLY
VOSS-RUNAWAY LIGHTS,Kael Voss,Aşkın Öztürk,Aşkın Öztürk,Esin Banu Öztürk,Aşkın Öztürk & Esin Banu Öztürk (AURA SONİC OFFİCİAL),abc7d3d9086b74cf9e2528bd48a0d778455c2fe21cee5d047714aa0ed33b5aea,KAEL VOSS-RUNAWAY LIGHTS.wav,4:13,2026-08-11,2026-08-31,RADIO_ONLY
VOSS-SENDEN KİM KALDI,Kael Voss,Aşkın Öztürk,Aşkın Öztürk,Esin Banu Öztürk,Aşkın Öztürk & Esin Banu Öztürk (AURA SONİC OFFİCİAL),eba73f09ae3fed8d2cef8a48dc6d3444ee9fdbf0e5ccec72acdd66702fdea363,KAEL VOSS-SENDEN KİM KALDI.mp3,4:29,2026-07-20,2026-08-08,RADIO_ONLY
VOSS-TOMORROW STILL KNOWS MY NAME,Kael Voss,Aşkın Öztürk,Aşkın Öztürk,Esin Banu Öztürk,Aşkın Öztürk & Esin Banu Öztürk (AURA SONİC OFFİCİAL),1d82c8e784ba00222afb14531b55598177c333d0a4e31544e0ff07bd9d077b44,KAEL VOSS-TOMORROW STILL KNOWS MY NAME.wav,4:32,2026-07-05,2026-08-08,RADIO_ONLY
VOSS-The Shadow of the Unfaithful,Kael Voss,Aşkın Öztürk,Aşkın Öztürk,Esin Banu Öztürk,Aşkın Öztürk & Esin Banu Öztürk (AURA SONİC OFFİCİAL),eba217ff471e17037647867ce59e667329abb73deaccdbb80f6bb3537bcb5a88,KAEL VOSS-The Shadow of the Unfaithful.wav,4:22,2026-08-11,2026-08-31,RADIO_ONLY
Velvet Disaster,Kael Voss,Aşkın Öztürk,Aşkın Öztürk,Esin Banu Öztürk,Aşkın Öztürk & Esin Banu Öztürk (AURA SONİC OFFİCİAL),89f8106f4b6a8571f2c6d8cd9f37cddc76ed4143fbdf819dd86f5693647a6b66,sarki.wav,4:31,2026-06-12,2026-08-08,RADIO_ONLY
Voss - Dust and Bones,Kael Voss,Aşkın Öztürk,Aşkın Öztürk,Esin Banu Öztürk,Aşkın Öztürk & Esin Banu Öztürk (AURA SONİC OFFİCİAL),c057ee951305a6e32a37378484ef6e831a818068e5561ae6571dd683685d61ee,Kael Voss - Dust and Bones.mp3,4:08,2026-07-11,2026-08-08,RADIO_ONLY
Voss - Senden Kim Kaldı,Kael Voss,Aşkın Öztürk,Aşkın Öztürk,Esin Banu Öztürk,Aşkın Öztürk & Esin Banu Öztürk (AURA SONİC OFFİCİAL),6793b4f55e414c665692fdaa0e9d14d61e84da974f1965d19f3843b67d95b3f1,Kael Voss - Senden Kim Kaldı.mp3,4:29,2026-07-20,2026-08-08,RADIO_ONLY
Voss - The Ashes and The Void,Kael Voss,Aşkın Öztürk,Aşkın Öztürk,Esin Banu Öztürk,Aşkın Öztürk & Esin Banu Öztürk (AURA SONİC OFFİCİAL),9cd1670c050ba08742193c623552375f58c8de6d53cd919203e4c22aa8d94029,Kael Voss - The Ashes and The Void.mp3,3:58,2026-07-11,2026-08-08,RADIO_ONLY
Voss - İçimde Gürültü,Kael Voss,Aşkın Öztürk,Aşkın Öztürk,Esin Banu Öztürk,Aşkın Öztürk & Esin Banu Öztürk (AURA SONİC OFFİCİAL),b1cf54906ebc3dc714456075f3997801ce6d9d430a463d13609482f797846acd,Kael Voss - İçimde Gürültü.mp3,4:55,2026-07-20,2026-08-08,RADIO_ONLY
Voss – I Heard Him In My Voice,Kael Voss,Aşkın Öztürk,Aşkın Öztürk,Esin Banu Öztürk,Aşkın Öztürk & Esin Banu Öztürk (AURA SONİC OFFİCİAL),656de519fb9ae8ef6449c53bc7b5ec90497f48e842b64d91c4115d88dcf8e02e,Kael Voss – I Heard Him In My Voice (1).wav,3:46,2026-08-11,2026-08-31,RADIO_ONLY
Voss-ALMOST WAS ENOUGH,Kael Voss,Aşkın Öztürk,Aşkın Öztürk,Esin Banu Öztürk,Aşkın Öztürk & Esin Banu Öztürk (AURA SONİC OFFİCİAL),bfeecd7e31afba4df118532c0c0dba2b56cf9e9fe95f4edccfa280d1397cdbdd,Kael Voss-ALMOST WAS ENOUGH.wav,3:34,2026-08-11,2026-08-31,RADIO_ONLY
Voss-BEFORE I'M CERTAIN,Kael Voss,Aşkın Öztürk,Aşkın Öztürk,Esin Banu Öztürk,Aşkın Öztürk & Esin Banu Öztürk (AURA SONİC OFFİCİAL),749bc495b628869ddee52bdf770be86f3b5608160e30c553b5b9554205a464e2,Kael Voss-BEFORE I'M CERTAIN.wav,3:34,2026-08-11,2026-08-31,RADIO_ONLY
Voss-COME BACK DIFFERENT,Kael Voss,Aşkın Öztürk,Aşkın Öztürk,Esin Banu Öztürk,Aşkın Öztürk & Esin Banu Öztürk (AURA SONİC OFFİCİAL),b484e435012a695ddcc79d8b297fd6da0329169b89be309c772bc89160ae8adf,Kael Voss-COME BACK DIFFERENT.wav,3:34,2026-08-11,2026-08-31,RADIO_ONLY
Voss-EITHER WAY I LOSE,Kael Voss,Aşkın Öztürk,Aşkın Öztürk,Esin Banu Öztürk,Aşkın Öztürk & Esin Banu Öztürk (AURA SONİC OFFİCİAL),8d75c4c8c5758c4eecfcdf266e8ca110cab222fba97de67264e44deef8409f77,Kael Voss-EITHER WAY I LOSE.wav,3:33,2026-08-11,2026-08-31,RADIO_ONLY
Voss-EVEN IF YOU NEVER SEE IT,Kael Voss,Aşkın Öztürk,Aşkın Öztürk,Esin Banu Öztürk,Aşkın Öztürk & Esin Banu Öztürk (AURA SONİC OFFİCİAL),2bc46fca80d3be439c6ff277224b50e2b13db9dc79a0e8cb69a81c5db66d21fa,Kael Voss-EVEN IF YOU NEVER SEE IT.wav,3:49,2026-08-11,2026-08-31,RADIO_ONLY
Voss-Second Chance Is a Room,Kael Voss,Aşkın Öztürk,Aşkın Öztürk,Esin Banu Öztürk,Aşkın Öztürk & Esin Banu Öztürk (AURA SONİC OFFİCİAL),82fee94769e9b1403831bcd5055b236ffbdbe2001f6778c0823e73b76ec76a77,Kael Voss-Second Chance Is a Room.wav,3:34,2026-08-11,2026-08-31,RADIO_ONLY
Voss-YOU'RE STILL HERE,Kael Voss,Aşkın Öztürk,Aşkın Öztürk,Esin Banu Öztürk,Aşkın Öztürk & Esin Banu Öztürk (AURA SONİC OFFİCİAL),f19f68f95f6e6fca1fc89705c59b57707987d364520027c0f0ce38d340e037fd,Kael Voss-YOU'RE STILL HERE.wav,3:54,2026-08-11,2026-08-31,RADIO_ONLY
WHAT WE NEVER USED,Kael Voss,Aşkın Öztürk,Aşkın Öztürk,Esin Banu Öztürk,Aşkın Öztürk & Esin Banu Öztürk (AURA SONİC OFFİCİAL),9d89a02b887d169d1eca55bc3a55aa2a3fba950e2a3c4fdd60f0bae4ddba48fc,KAEL VOSS — WHAT WE NEVER USED.wav,3:50,2026-09-10,2026-09-10,RADIO_ONLY
yeni The Ghost in the Glass,Kael Voss,Aşkın Öztürk,Aşkın Öztürk,Esin Banu Öztürk,Aşkın Öztürk & Esin Banu Öztürk (AURA SONİC OFFİCİAL),2b09bb051f1571b114f4f644f353b94138b306de9e0e48ff1b56b2431b9b4dd8, clean_yeni_The Ghost in the Glass_.wav,3:47,2026-05-30,2026-08-08,RADIO_ONLY
Dont Let Morning Win,Kane Marten,Aşkın Öztürk,Aşkın Öztürk,Esin Banu Öztürk,Aşkın Öztürk & Esin Banu Öztürk (AURA SONİC OFFİCİAL),ab87ef912daceed6d70739fba9b1e0e9d8e1a646859a07535c78a2d5fec70945,KANE MARTEN-- Dont Let Morning Win.mp3,2:39,2026-07-10,2026-08-08,RADIO_ONLY
Şubatta Kısa Kolluyum,Kane Marten,Aşkın Öztürk,Aşkın Öztürk,Esin Banu Öztürk,Aşkın Öztürk & Esin Banu Öztürk (AURA SONİC OFFİCİAL),5018676f27b7be30c897f653b5464bc353d5308f111f0c4eaf8733247a31968a,KANE MARTEN Şubatta Kısa Kolluyum.mp3,3:35,2026-07-18,2026-08-08,RADIO_ONLY
— 3 A.M. GAS STATION,Kane Marten,Aşkın Öztürk,Aşkın Öztürk,Esin Banu Öztürk,Aşkın Öztürk & Esin Banu Öztürk (AURA SONİC OFFİCİAL),8ac49c613335cc3dade86fe4d93fd579602d80f1ea6bbcd01d1ca9fde6ada460,KANE MARTEN — 3 A.M. GAS STATION.mp3,2:57,2026-06-20,2026-08-08,RADIO_ONLY
— DEAD PHONES DON'T RING,Kane Marten,Aşkın Öztürk,Aşkın Öztürk,Esin Banu Öztürk,Aşkın Öztürk & Esin Banu Öztürk (AURA SONİC OFFİCİAL),dfbce8a3c102f5c78e2da54f68ba09b9076bc0239c7645d1d8ba86e34c1d0353,KANE MARTEN — DEAD PHONES DON'T RING.mp3,3:19,2026-06-20,2026-08-08,RADIO_ONLY
— DEAR YESTERDAY,Kane Marten,Aşkın Öztürk,Aşkın Öztürk,Esin Banu Öztürk,Aşkın Öztürk & Esin Banu Öztürk (AURA SONİC OFFİCİAL),538e4c0c0b1bd7c99deb505f7434c69ce6ea50505b2bbe343dca1c815c121b70,KANE MARTEN — DEAR YESTERDAY.wav,3:49,2026-08-13,2026-08-08,RADIO_ONLY
— EVERYBODY'S FAKING IT,Kane Marten,Aşkın Öztürk,Aşkın Öztürk,Esin Banu Öztürk,Aşkın Öztürk & Esin Banu Öztürk (AURA SONİC OFFİCİAL),4a7169e3d30ed5078abd62428f7d0a870eb75ee708458130d32d2a7f3554daac,KANE MARTEN — EVERYBODY'S FAKING IT.mp3,3:04,2026-06-20,2026-08-08,RADIO_ONLY
— GIVE ME A SIGN,Kane Marten,Aşkın Öztürk,Aşkın Öztürk,Esin Banu Öztürk,Aşkın Öztürk & Esin Banu Öztürk (AURA SONİC OFFİCİAL),f25a39bfa3b50df8fa513c43be9887bd12e6cd3cd26e3634110fc4cae0118376,KANE MARTEN — GIVE ME A SIGN.wav,2:37,2026-08-14,2026-08-08,RADIO_ONLY
— IF THIS IS THE END,Kane Marten,Aşkın Öztürk,Aşkın Öztürk,Esin Banu Öztürk,Aşkın Öztürk & Esin Banu Öztürk (AURA SONİC OFFİCİAL),3376aabfad4ac20269ffc75755984636b99d5e695736832f2030da3428f6c205,KANE MARTEN — IF THIS IS THE END.mp3,3:09,2026-06-20,2026-08-08,RADIO_ONLY
— LETTERS I NEVER SENT,Kane Marten,Aşkın Öztürk,Aşkın Öztürk,Esin Banu Öztürk,Aşkın Öztürk & Esin Banu Öztürk (AURA SONİC OFFİCİAL),4082367d20aeb349d4be9176b326ee49fb9b0daff39ae3ec8b408e9008483e2a,KANE MARTEN — LETTERS I NEVER SENT.mp3,3:34,2026-06-20,2026-08-08,RADIO_ONLY
— MIDNIGHT RECEIPTS,Kane Marten,Aşkın Öztürk,Aşkın Öztürk,Esin Banu Öztürk,Aşkın Öztürk & Esin Banu Öztürk (AURA SONİC OFFİCİAL),5e88645bad41989f437d045c67da54be57785dfc14d1d3d52b419e20adf7eb26,KANE MARTEN — MIDNIGHT RECEIPTS.mp3,2:44,2026-06-20,2026-08-08,RADIO_ONLY
— MONSTERS DON'T KNOCK,Kane Marten,Aşkın Öztürk,Aşkın Öztürk,Esin Banu Öztürk,Aşkın Öztürk & Esin Banu Öztürk (AURA SONİC OFFİCİAL),0b2a0a4a39750d266e793f1abbbabd5f1638fa99d13293bc9d0b3f2c309bad8b,KANE MARTEN — MONSTERS DON'T KNOCK.mp3,2:52,2026-06-20,2026-08-08,RADIO_ONLY
— OUT OF THE BASEMENT,Kane Marten,Aşkın Öztürk,Aşkın Öztürk,Esin Banu Öztürk,Aşkın Öztürk & Esin Banu Öztürk (AURA SONİC OFFİCİAL),b80559612dc5a87bb981a4a4bf1148cc2659f8690e358cb56f17e8152fafc6c5,KANE MARTEN — OUT OF THE BASEMENT.wav,3:05,2026-08-13,2026-08-08,RADIO_ONLY
— RENT WAS DUE,Kane Marten,Aşkın Öztürk,Aşkın Öztürk,Esin Banu Öztürk,Aşkın Öztürk & Esin Banu Öztürk (AURA SONİC OFFİCİAL),73cca18b42931505ee8f60ff5a454cd486d4c4e14eb6881e594c7aae184b7aef,KANE MARTEN — RENT WAS DUE.mp3,3:03,2026-06-20,2026-08-08,RADIO_ONLY
— STAY TILL SUNRISE,Kane Marten,Aşkın Öztürk,Aşkın Öztürk,Esin Banu Öztürk,Aşkın Öztürk & Esin Banu Öztürk (AURA SONİC OFFİCİAL),e9291638bdf698796b986b7b3d15cf976b16a0d0180bc87b6c5c49cb47e7e07a,KANE MARTEN — STAY TILL SUNRISE.wav,2:07,2026-08-14,2026-08-08,RADIO_ONLY
— THE DAY THE CITY STOPPED,Kane Marten,Aşkın Öztürk,Aşkın Öztürk,Esin Banu Öztürk,Aşkın Öztürk & Esin Banu Öztürk (AURA SONİC OFFİCİAL),cbddd5edc4b4fe86ecad175a4178ec3a21f212b0ed619da45d0d55db0727d124,KANE MARTEN — THE DAY THE CITY STOPPED.mp3,3:14,2026-06-20,2026-08-08,RADIO_ONLY
— WATCH ME LEAVE,Kane Marten,Aşkın Öztürk,Aşkın Öztürk,Esin Banu Öztürk,Aşkın Öztürk & Esin Banu Öztürk (AURA SONİC OFFİCİAL),7e655f9e99a0f5f6bde321c4d91677fc0fadbeed5a04faf929e475eada9021c5,KANE MARTEN — WATCH ME LEAVE.mp3,2:34,2026-06-20,2026-08-08,RADIO_ONLY
— WE DON'T BREAK,Kane Marten,Aşkın Öztürk,Aşkın Öztürk,Esin Banu Öztürk,Aşkın Öztürk & Esin Banu Öztürk (AURA SONİC OFFİCİAL),cfb356169b7944e43e0631ebeaa7b44a81cb6ce7374c1c3a4a342c996ab9d6e8,KANE MARTEN — WE DON'T BREAK.wav,3:09,2026-08-13,2026-08-08,RADIO_ONLY
BENİ NİKÂHINA ÇAĞIRMA,Kenan Sadar,Aşkın Öztürk,Aşkın Öztürk,Esin Banu Öztürk,Aşkın Öztürk & Esin Banu Öztürk (AURA SONİC OFFİCİAL),401b6de0fb50e60f5a40e955b674408199d8f08eefbdf38ccf270a13ee0bac68,Kenan Sadar-BENİ NİKÂHINA ÇAĞIRMA.mp3,5:09,2026-08-02,2026-08-08,RADIO_ONLY
BU YAZIN ADI BİZ OLSUN,Kenan Sadar,Aşkın Öztürk,Aşkın Öztürk,Esin Banu Öztürk,Aşkın Öztürk & Esin Banu Öztürk (AURA SONİC OFFİCİAL),c8fb8240cc077dab5abf87bf04c977594c9786ff0d60bc5791c52e428060ea5e,Kenan Sadar-BU YAZIN ADI BİZ OLSUN.mp3,5:11,2026-08-02,2026-08-08,RADIO_ONLY
YAZ BİTTİ SEN GEÇMEDİN,Kenan Sadar,Aşkın Öztürk,Aşkın Öztürk,Esin Banu Öztürk,Aşkın Öztürk & Esin Banu Öztürk (AURA SONİC OFFİCİAL),3925e9c312cf77450467d5af92e93e1f3289afd61e8f40e49228346e641af770,KENAN SADAR - YAZ BİTTİ SEN GEÇMEDİN.mp3,5:50,2026-07-18,2026-08-08,RADIO_ONLY
ACIRKEN DANS ET,Lara,Aşkın Öztürk,Aşkın Öztürk,Esin Banu Öztürk,Aşkın Öztürk & Esin Banu Öztürk (AURA SONİC OFFİCİAL),2e3f2765d3f0f7074f7383602d2457c188552ac9fc5e11b48e7926f6638ded3f,LARA - ACIRKEN DANS ET.mp3,4:44,2026-07-18,2026-08-08,RADIO_ONLY
ASK ME BEFORE YOU SAVE ME,Lara,Aşkın Öztürk,Aşkın Öztürk,Esin Banu Öztürk,Aşkın Öztürk & Esin Banu Öztürk (AURA SONİC OFFİCİAL),b9b1a6890b644a11b28831264b4769d97023667a82f00f2fa43f35d27c90341f,LARA — ASK ME BEFORE YOU SAVE ME.wav,3:26,2026-09-10,2026-09-10,RADIO_ONLY
ATEŞ GİBİ,Lara,Aşkın Öztürk,Aşkın Öztürk,Esin Banu Öztürk,Aşkın Öztürk & Esin Banu Öztürk (AURA SONİC OFFİCİAL),7a8c3efebf5e4898ea8447d4a36453088491fbcd6f9f3dcb395b1a67f81ba77a,sarki.wav,3:17,2026-05-30,2026-08-08,RADIO_ONLY
ATEŞ GİBİ-LARA,Lara,Aşkın Öztürk,Aşkın Öztürk,Esin Banu Öztürk,Aşkın Öztürk & Esin Banu Öztürk (AURA SONİC OFFİCİAL),7a8c3efebf5e4898ea8447d4a36453088491fbcd6f9f3dcb395b1a67f81ba77a, clean_ATEŞ GİBİ-LARA.wav,3:17,2026-05-30,2026-08-08,RADIO_ONLY
Apaga o Volta Cedo,Lara,Aşkın Öztürk,Aşkın Öztürk,Esin Banu Öztürk,Aşkın Öztürk & Esin Banu Öztürk (AURA SONİC OFFİCİAL),b574f1d5f74c8a65a96914a6075615772ecb3b0c7afdc15da53fa4421f464bbd,Lara - Apaga o Volta Cedo.mp3,3:04,2026-07-11,2026-08-08,RADIO_ONLY
BANA BAK,Lara,Aşkın Öztürk,Aşkın Öztürk,Esin Banu Öztürk,Aşkın Öztürk & Esin Banu Öztürk (AURA SONİC OFFİCİAL),94a34832e0967e123060bb339cf1700ec09281ca57cc9df6f25d83d2298964de, clean_BANA BAK.wav,3:02,2026-05-30,2026-08-08,RADIO_ONLY
BANA BAK-Lara,Lara,Aşkın Öztürk,Aşkın Öztürk,Esin Banu Öztürk,Aşkın Öztürk & Esin Banu Öztürk (AURA SONİC OFFİCİAL),e01da78bb25d0fdc4de8f5f9179f72805df78409497cd2d540aa31d8c0833215, clean_BANA BAK-Lara.mp3,3:02,2026-07-28,2026-08-08,RADIO_ONLY
BU KADAR SESSİZLİK NİYE,Lara,Aşkın Öztürk,Aşkın Öztürk,Esin Banu Öztürk,Aşkın Öztürk & Esin Banu Öztürk (AURA SONİC OFFİCİAL),3bfdfb19792634fb155fbf3f4a0b4aea4e16073aece1dbba5d08dabca689dbbf,LARA-BU KADAR SESSİZLİK NİYE.mp3,3:49,2026-07-20,2026-08-08,RADIO_ONLY
BU ŞEHİR BENİM,Lara,Aşkın Öztürk,Aşkın Öztürk,Esin Banu Öztürk,Aşkın Öztürk & Esin Banu Öztürk (AURA SONİC OFFİCİAL),d475eaf2e032982da33696a0f7ed9e59d586061a6cf38332de278c45f0311165,lara-BU ŞEHİR BENİM.wav,3:09,2026-08-11,2026-08-08,RADIO_ONLY
Bütün Şarkılar Seni Biliyor,Lara,Aşkın Öztürk,Aşkın Öztürk,Esin Banu Öztürk,Aşkın Öztürk & Esin Banu Öztürk (AURA SONİC OFFİCİAL),375662dc975b978d10de9e8ae2e18cccf60416649c7addfd8bad51ace66bf38a,LARA Bütün Şarkılar Seni Biliyor.mp3,4:29,2026-07-18,2026-08-08,RADIO_ONLY
BİZ ESKİDEN SEVERDİK,Lara,Aşkın Öztürk,Aşkın Öztürk,Esin Banu Öztürk,Aşkın Öztürk & Esin Banu Öztürk (AURA SONİC OFFİCİAL),21cecdc00d33c16599a170aa06cb828b4ef3e2b1fbf0917ab5e3b554c3886a65,LARA-BİZ ESKİDEN SEVERDİK.mp3,4:54,2026-07-20,2026-08-08,RADIO_ONLY
CAM AÇIK,Lara,Aşkın Öztürk,Aşkın Öztürk,Esin Banu Öztürk,Aşkın Öztürk & Esin Banu Öztürk (AURA SONİC OFFİCİAL),d963256d6a22a8a58843cb84ca06e007a7d231c4bcc2f161ac80e52bbb2f6f98,lara-CAM AÇIK.wav,3:06,2026-08-11,2026-08-08,RADIO_ONLY
DON'T LOVE ME IN RECOVERY,Lara,Aşkın Öztürk,Aşkın Öztürk,Esin Banu Öztürk,Aşkın Öztürk & Esin Banu Öztürk (AURA SONİC OFFİCİAL),addb66859c4b93b0a9391d5a10cd9a7b268c944998914e2df42a7f00e9120cd9,LARA — DON'T LOVE ME IN RECOVERY.wav,3:04,2026-09-10,2026-09-10,RADIO_ONLY
ELECTRIC PARADISE,Lara,Aşkın Öztürk,Aşkın Öztürk,Esin Banu Öztürk,Aşkın Öztürk & Esin Banu Öztürk (AURA SONİC OFFİCİAL),5e1d3cbc7ed84a7459c079758c33baa9789b8effef89f580688ad76938f838c2,ELECTRIC PARADISE.wav,3:54,2026-06-11,2026-08-08,RADIO_ONLY
EVERYBODY GETS THE BEST OF YOU,Lara,Aşkın Öztürk,Aşkın Öztürk,Esin Banu Öztürk,Aşkın Öztürk & Esin Banu Öztürk (AURA SONİC OFFİCİAL),044c889d9fd6b562144e008d6dd42ad8470039c8a44f83b5c000a864e391ea6b,LARA — EVERYBODY GETS THE BEST OF YOU.wav,3:15,2026-09-10,2026-09-10,RADIO_ONLY
GECE BENİM,Lara,Aşkın Öztürk,Aşkın Öztürk,Esin Banu Öztürk,Aşkın Öztürk & Esin Banu Öztürk (AURA SONİC OFFİCİAL),4946e366ad2df1b3e5450361c4572805475464574ab8f90e46cb981d03bfae43, clean_GECE BENİM.wav,2:51,2026-05-30,2026-08-08,RADIO_ONLY
GECE BENİM-Lara,Lara,Aşkın Öztürk,Aşkın Öztürk,Esin Banu Öztürk,Aşkın Öztürk & Esin Banu Öztürk (AURA SONİC OFFİCİAL),09291bb3834494c0a551cf99a2db5359c22c099bb2468b8e2c612b1f0164880e, clean_GECE BENİM-Lara.mp3,2:51,2026-07-28,2026-08-08,RADIO_ONLY
GECE BİZİM,Lara,Aşkın Öztürk,Aşkın Öztürk,Esin Banu Öztürk,Aşkın Öztürk & Esin Banu Öztürk (AURA SONİC OFFİCİAL),4172a760240041bd7f48dcaef75b0d8e8658e6d2339320ffbf54de5e23b5970d,lara-GECE BİZİM.wav,3:04,2026-08-11,2026-08-08,RADIO_ONLY
GECE SAPASAĞLAM,Lara,Aşkın Öztürk,Aşkın Öztürk,Esin Banu Öztürk,Aşkın Öztürk & Esin Banu Öztürk (AURA SONİC OFFİCİAL),63bcd3f86729549d32bd980ce2e6827903214f3203388374618b04fcbcc369c3,LARA - GECE SAPASAĞLAM.mp3,4:44,2026-07-18,2026-08-08,RADIO_ONLY
Giden Sen Değildin,Lara,Aşkın Öztürk,Aşkın Öztürk,Esin Banu Öztürk,Aşkın Öztürk & Esin Banu Öztürk (AURA SONİC OFFİCİAL),ce9e8d76b4808f5ae70a44ec4beac303be280c5a4e97e2f7e0e7b7d4a2e0021e,LARA-Giden Sen Değildin.wav,4:39,2026-08-14,2026-08-08,RADIO_ONLY
HESABI SANA KALDI,Lara,Aşkın Öztürk,Aşkın Öztürk,Esin Banu Öztürk,Aşkın Öztürk & Esin Banu Öztürk (AURA SONİC OFFİCİAL),db3dbb6bbee7e41cf1d6a0071dda0c2f9267616d31927404b2727e2d3a1ccdc5,LARA - HESABI SANA KALDI.mp3,4:22,2026-07-18,2026-08-08,RADIO_ONLY
I DON'T OWE YOU PRETTY,Lara,Aşkın Öztürk,Aşkın Öztürk,Esin Banu Öztürk,Aşkın Öztürk & Esin Banu Öztürk (AURA SONİC OFFİCİAL),b457b41fbcea722a6c1284fb6014581217de965a7dee589d6245ec04a5048c66,LARA — I DON'T OWE YOU PRETTY.wav,2:48,2026-09-10,2026-09-10,RADIO_ONLY
I DON'T WANT TO BE YOUR EXCEPTION,Lara,Aşkın Öztürk,Aşkın Öztürk,Esin Banu Öztürk,Aşkın Öztürk & Esin Banu Öztürk (AURA SONİC OFFİCİAL),efbef0138730cb1625cd37abb7e23ce6bb036ce1ba38de1fa74664dd614927a4,LARA — I DON'T WANT TO BE YOUR EXCEPTION.wav,3:13,2026-09-10,2026-09-10,RADIO_ONLY
I WAS TELLING YOU IT HURT,Lara,Aşkın Öztürk,Aşkın Öztürk,Esin Banu Öztürk,Aşkın Öztürk & Esin Banu Öztürk (AURA SONİC OFFİCİAL),76c3d4107eb0dcef8d4f3695f0b3572657adc9a85b1b908a59de5c0ef982f55d,Lara-I WAS TELLING YOU IT HURT.wav,3:34,2026-08-11,2026-08-31,RADIO_ONLY
KÜL OLSUN,Lara,Aşkın Öztürk,Aşkın Öztürk,Esin Banu Öztürk,Aşkın Öztürk & Esin Banu Öztürk (AURA SONİC OFFİCİAL),b18d08a8a59f72da980bba41ede8607494f89b9ec8f12e90b385700ef5b9af85,KÜL OLSUN.wav,4:22,2026-05-30,2026-08-08,RADIO_ONLY
KÜL OLSUN-Lara,Lara,Aşkın Öztürk,Aşkın Öztürk,Esin Banu Öztürk,Aşkın Öztürk & Esin Banu Öztürk (AURA SONİC OFFİCİAL),f35ae08238c36f73304fb22985570eaaa4870ae8fabfcf4f7e127e0f50081d72, clean_KÜL OLSUN-Lara.mp3,4:22,2026-07-28,2026-08-08,RADIO_ONLY
LESS OF ME,Lara,Aşkın Öztürk,Aşkın Öztürk,Esin Banu Öztürk,Aşkın Öztürk & Esin Banu Öztürk (AURA SONİC OFFİCİAL),216695563bb3fa62955c64307cae5805eb81f7e89d5150d5fc72affa130aa7a0,Lara-LESS OF ME.wav,3:09,2026-08-11,2026-08-31,RADIO_ONLY
LONELIER WITH YOU,Lara,Aşkın Öztürk,Aşkın Öztürk,Esin Banu Öztürk,Aşkın Öztürk & Esin Banu Öztürk (AURA SONİC OFFİCİAL),1d6c48f459d620b6b98fb779d554987a6eb83b1b33445169a6d1726d62eb44fc,Lara-LONELIER WITH YOU.wav,3:07,2026-08-11,2026-08-31,RADIO_ONLY
LOSE THE PEACE,Lara,Aşkın Öztürk,Aşkın Öztürk,Esin Banu Öztürk,Aşkın Öztürk & Esin Banu Öztürk (AURA SONİC OFFİCİAL),9389f5b8a9435c251acddea5020fb101fab65a584578c9feb9ac793f675e2fcb,Lara-LOSE THE PEACE.wav,3:31,2026-08-11,2026-08-31,RADIO_ONLY
Lara-I WAS TELLING YOU IT HURT,Lara,Aşkın Öztürk,Aşkın Öztürk,Esin Banu Öztürk,Aşkın Öztürk & Esin Banu Öztürk (AURA SONİC OFFİCİAL),7bea20138d251436281da79430bad93023b809b7cc4d9a7135271303b6f0249f, clean_Lara-I WAS TELLING YOU IT HURT.mp3,3:34,2026-08-08,2026-08-08,RADIO_ONLY
Lara-LESS OF ME,Lara,Aşkın Öztürk,Aşkın Öztürk,Esin Banu Öztürk,Aşkın Öztürk & Esin Banu Öztürk (AURA SONİC OFFİCİAL),889056d715312e5b7ea88d1f0250301790d15a67bae79c7c8a4919b99ceb1549, clean_Lara-LESS OF ME.mp3,3:09,2026-08-08,2026-08-08,RADIO_ONLY
Lara-LONELIER WITH YOU,Lara,Aşkın Öztürk,Aşkın Öztürk,Esin Banu Öztürk,Aşkın Öztürk & Esin Banu Öztürk (AURA SONİC OFFİCİAL),51259a4c298e6d5e7ee587d247a4851d2d306885a31fe87d92ba7577f62d927e, clean_Lara-LONELIER WITH YOU.mp3,3:07,2026-08-08,2026-08-08,RADIO_ONLY
Lara-LOSE THE PEACE,Lara,Aşkın Öztürk,Aşkın Öztürk,Esin Banu Öztürk,Aşkın Öztürk & Esin Banu Öztürk (AURA SONİC OFFİCİAL),e464f6e521e3e40e8899c28fda773cf727e9ca6e3bcbdce93263ca2f385c3247, clean_Lara-LOSE THE PEACE.mp3,3:31,2026-08-08,2026-08-08,RADIO_ONLY
Lara-QUIET ENOUGH,Lara,Aşkın Öztürk,Aşkın Öztürk,Esin Banu Öztürk,Aşkın Öztürk & Esin Banu Öztürk (AURA SONİC OFFİCİAL),ff7816b36e269ad04b13e2333c0a47a221d3f729932fddbba2719699c91e4853, clean_Lara-QUIET ENOUGH.mp3,3:35,2026-08-08,2026-08-08,RADIO_ONLY
Lara-WHO I NEVER GOT TO BECOME,Lara,Aşkın Öztürk,Aşkın Öztürk,Esin Banu Öztürk,Aşkın Öztürk & Esin Banu Öztürk (AURA SONİC OFFİCİAL),2fdb6f560e3dc8520aa70bb1cf06b0e05bf031850199cd5d92aff042fd417012, clean_Lara-WHO I NEVER GOT TO BECOME.mp3,3:19,2026-08-08,2026-08-08,RADIO_ONLY
Lara-YOU NEVER SAW ME,Lara,Aşkın Öztürk,Aşkın Öztürk,Esin Banu Öztürk,Aşkın Öztürk & Esin Banu Öztürk (AURA SONİC OFFİCİAL),f14212caa7624cf2c9da3c867f7b9bd39c997756332d908d552df5a404e1d7b4, clean_Lara-YOU NEVER SAW ME.mp3,3:24,2026-08-08,2026-08-08,RADIO_ONLY
NO FUTURE TENSE,Lara,Aşkın Öztürk,Aşkın Öztürk,Esin Banu Öztürk,Aşkın Öztürk & Esin Banu Öztürk (AURA SONİC OFFİCİAL),b0ff2200a01599d44a8bb8581be8eba23e5932848285bef0c367d85e3fa373a5,LARA — NO FUTURE TENSE.wav,3:11,2026-09-10,2026-09-10,RADIO_ONLY
NO VILLAIN,Lara,Aşkın Öztürk,Aşkın Öztürk,Esin Banu Öztürk,Aşkın Öztürk & Esin Banu Öztürk (AURA SONİC OFFİCİAL),70d2fa6b2df89c58fd5b93968e60cdbbe053433847889c317f6e2c0e9a411d62,clean_06-09-26-LARA — NO VILLAIN.wav,2:59,2026-09-06,2026-09-06,RADIO_ONLY
"NOTHING HAPPENED, THAT'S THE POINT",Lara,Aşkın Öztürk,Aşkın Öztürk,Esin Banu Öztürk,Aşkın Öztürk & Esin Banu Öztürk (AURA SONİC OFFİCİAL),0f8c1b8404afa776355629b43c2441fcb1df8f847c013d1765a54e1866275e81,"LARA — NOTHING HAPPENED, THAT'S THE POINT.wav",3:04,2026-09-10,2026-09-10,RADIO_ONLY
OLDUĞUM GİBİ,Lara,Aşkın Öztürk,Aşkın Öztürk,Esin Banu Öztürk,Aşkın Öztürk & Esin Banu Öztürk (AURA SONİC OFFİCİAL),374a1e7abcfef018a076aec167dca298d6e9fdb91501459a42e8abd4d858589d,lara-OLDUĞUM GİBİ.wav,3:05,2026-08-11,2026-08-08,RADIO_ONLY
QUIET ENOUGH,Lara,Aşkın Öztürk,Aşkın Öztürk,Esin Banu Öztürk,Aşkın Öztürk & Esin Banu Öztürk (AURA SONİC OFFİCİAL),95dbd09320cdfc4296b388575fdbc84c8fae7406a84cb79790969bffd8c0a041,Lara-QUIET ENOUGH.wav,3:35,2026-08-11,2026-08-31,RADIO_ONLY
SEN MİSİN,Lara,Aşkın Öztürk,Aşkın Öztürk,Esin Banu Öztürk,Aşkın Öztürk & Esin Banu Öztürk (AURA SONİC OFFİCİAL),e82aeb33677efbde44bae272fda9d196c0b0258220f10252df0deab12f73f458,lara-SEN MİSİN_.wav,2:55,2026-08-11,2026-08-08,RADIO_ONLY
SESİNİ KISMA,Lara,Aşkın Öztürk,Aşkın Öztürk,Esin Banu Öztürk,Aşkın Öztürk & Esin Banu Öztürk (AURA SONİC OFFİCİAL),152781ef1e8b0ef3481323b7abf11151ed2aed9810cff99b36716b5e473bd484,Lara- SESİNİ KISMA.mp3,4:23,2026-08-02,2026-08-08,RADIO_ONLY
SOFT EXIT,Lara,Aşkın Öztürk,Aşkın Öztürk,Esin Banu Öztürk,Aşkın Öztürk & Esin Banu Öztürk (AURA SONİC OFFİCİAL),151bde62034cd4044c22df67ed2113ea815ab5d8f39da50eedc580a37a5f8eab,clean_06-09-26-LARA — SOFT EXIT.wav,3:18,2026-09-06,2026-09-06,RADIO_ONLY
SON YALAN,Lara,Aşkın Öztürk,Aşkın Öztürk,Esin Banu Öztürk,Aşkın Öztürk & Esin Banu Öztürk (AURA SONİC OFFİCİAL),dd144adb6ca985a62d4e0789a2d25396bda06cfc2712bbdc460b663c3b71b43f, clean_SON YALAN.wav,3:19,2026-05-30,2026-08-08,RADIO_ONLY
SON YALAN-Lara,Lara,Aşkın Öztürk,Aşkın Öztürk,Esin Banu Öztürk,Aşkın Öztürk & Esin Banu Öztürk (AURA SONİC OFFİCİAL),df5bf835d82ae8fe4d44aefe2e3e1e841de482ab9cffece6c8fc17e7632e00b5, clean_SON YALAN-Lara.mp3,3:19,2026-07-28,2026-08-08,RADIO_ONLY
Silêncio Que Dança,Lara,Aşkın Öztürk,Aşkın Öztürk,Esin Banu Öztürk,Aşkın Öztürk & Esin Banu Öztürk (AURA SONİC OFFİCİAL),3f595c41e1f0625fe72147aa837f8d421c2254183aceea24f57523a0f7b13f36,LARA--Silêncio Que Dança.mp3,3:01,2026-07-10,2026-08-08,RADIO_ONLY
TE VI NO ESCURO,Lara,Aşkın Öztürk,Aşkın Öztürk,Esin Banu Öztürk,Aşkın Öztürk & Esin Banu Öztürk (AURA SONİC OFFİCİAL),d07d003a44c60fec597ff8d0c20a3226174047fb3a7ed06197a6f79168c32c80,LARA  - TE VI NO ESCURO.wav,3:00,2026-08-14,2026-08-08,RADIO_ONLY
THE GOOD PART ISN'T ENOUGH,Lara,Aşkın Öztürk,Aşkın Öztürk,Esin Banu Öztürk,Aşkın Öztürk & Esin Banu Öztürk (AURA SONİC OFFİCİAL),38ebe67ce6a9d91905cc7e19efcaf4fb9ee30fc27fb69e217f8d7a2aa6fb29be,LARA — THE GOOD PART ISN'T ENOUGH.wav,3:12,2026-09-10,2026-09-10,RADIO_ONLY
TUESDAY HAS TO WORK TOO,Lara,Aşkın Öztürk,Aşkın Öztürk,Esin Banu Öztürk,Aşkın Öztürk & Esin Banu Öztürk (AURA SONİC OFFİCİAL),f54de60eb988771ebf8698ba729ba699a8e73c5cc09603b65234a3dfd8b033e5,LARA — TUESDAY HAS TO WORK TOO.wav,3:03,2026-09-10,2026-09-10,RADIO_ONLY
Tam Sırası Şimdi,Lara,Aşkın Öztürk,Aşkın Öztürk,Esin Banu Öztürk,Aşkın Öztürk & Esin Banu Öztürk (AURA SONİC OFFİCİAL),8fc762533ef6e02bde9538dd3129b53cd66b32cc264c889569a7cf9a3707fc55,Lara - Tam Sırası Şimdi.mp3,4:26,2026-07-19,2026-08-08,RADIO_ONLY
Toda Música Era Minha,Lara,Aşkın Öztürk,Aşkın Öztürk,Esin Banu Öztürk,Aşkın Öztürk & Esin Banu Öztürk (AURA SONİC OFFİCİAL),5372aba98118bb6a78df4372a3e0904c395062415437fae18e8f9b85fa52ee5c,Lara - Toda Música Era Minha.mp3,3:07,2026-07-11,2026-08-08,RADIO_ONLY
VACATION PEOPLE,Lara,Aşkın Öztürk,Aşkın Öztürk,Esin Banu Öztürk,Aşkın Öztürk & Esin Banu Öztürk (AURA SONİC OFFİCİAL),7e48e79178e7edf7820bfbc483fe6de422e06eee1d0c61408b76064b9b8d5e89,LARA — VACATION PEOPLE.wav,3:02,2026-09-10,2026-09-10,RADIO_ONLY
VEM DANÇAR COMIGO,Lara,Aşkın Öztürk,Aşkın Öztürk,Esin Banu Öztürk,Aşkın Öztürk & Esin Banu Öztürk (AURA SONİC OFFİCİAL),91db3519394c32844004823887c78682522a8663ae11cbf38119c3688512f17c,LARA-VEM DANÇAR COMIGO.wav,2:44,2026-08-13,2026-08-08,RADIO_ONLY
VOLTO PRA MIM,Lara,Aşkın Öztürk,Aşkın Öztürk,Esin Banu Öztürk,Aşkın Öztürk & Esin Banu Öztürk (AURA SONİC OFFİCİAL),48807f04a5f97a004dd61d5cf007bd5b1f214652b8280bfe042d0971e6aa3bc0,LARA-VOLTO PRA MIM.wav,2:43,2026-08-14,2026-08-08,RADIO_ONLY
WHO I NEVER GOT TO BECOME,Lara,Aşkın Öztürk,Aşkın Öztürk,Esin Banu Öztürk,Aşkın Öztürk & Esin Banu Öztürk (AURA SONİC OFFİCİAL),3abe401cca09cba581069b95cefc5e6c92674850e818061a172f177fffcdd7a0,Lara-WHO I NEVER GOT TO BECOME.wav,3:19,2026-08-11,2026-08-31,RADIO_ONLY
YOU NEVER SAW ME,Lara,Aşkın Öztürk,Aşkın Öztürk,Esin Banu Öztürk,Aşkın Öztürk & Esin Banu Öztürk (AURA SONİC OFFİCİAL),30b45284b4d9512b820f99c32c80f44026146959f16407dc3ae8ec6eb7ea7734,Lara-YOU NEVER SAW ME.wav,3:24,2026-08-11,2026-08-31,RADIO_ONLY
lara-BU ŞEHİR BENİM,Lara,Aşkın Öztürk,Aşkın Öztürk,Esin Banu Öztürk,Aşkın Öztürk & Esin Banu Öztürk (AURA SONİC OFFİCİAL),6b8b92ef09ad619c2be8c52f50b5ef65dd2d87a4c0d622ff6531ed7a31a01512, clean_lara-BU ŞEHİR BENİM.wav,3:09,2026-06-11,2026-08-08,RADIO_ONLY
lara-CAM AÇIK,Lara,Aşkın Öztürk,Aşkın Öztürk,Esin Banu Öztürk,Aşkın Öztürk & Esin Banu Öztürk (AURA SONİC OFFİCİAL),3fe2be50c038842d47f9196849703fea5f338db694c6d43847532f8cad94d9bd, clean_lara-CAM AÇIK.wav,3:06,2026-06-11,2026-08-08,RADIO_ONLY
lara-GECE BİZİM,Lara,Aşkın Öztürk,Aşkın Öztürk,Esin Banu Öztürk,Aşkın Öztürk & Esin Banu Öztürk (AURA SONİC OFFİCİAL),d5470dc97894c6cb6ef71752403de46050f730f3c691cdc018266954abe9ad40, clean_lara-GECE BİZİM.wav,3:04,2026-06-11,2026-08-08,RADIO_ONLY
lara-OLDUĞUM GİBİ,Lara,Aşkın Öztürk,Aşkın Öztürk,Esin Banu Öztürk,Aşkın Öztürk & Esin Banu Öztürk (AURA SONİC OFFİCİAL),80bec1dd8b2233dc78875d6911e09d29dc23dd9eead416e508c965006705769e, clean_lara-OLDUĞUM GİBİ.wav,3:05,2026-06-11,2026-08-08,RADIO_ONLY
lara-SEN MİSİN,Lara,Aşkın Öztürk,Aşkın Öztürk,Esin Banu Öztürk,Aşkın Öztürk & Esin Banu Öztürk (AURA SONİC OFFİCİAL),17136574947a80329a16cd257ad4aedcd09de97c17d4902d7ad3ee1a40b5f0dd, clean_lara-SEN MİSİN_.wav,2:55,2026-06-11,2026-08-08,RADIO_ONLY
lara-ÜÇ DAKİKA,Lara,Aşkın Öztürk,Aşkın Öztürk,Esin Banu Öztürk,Aşkın Öztürk & Esin Banu Öztürk (AURA SONİC OFFİCİAL),4e39909f46e14cd80bdafa2b34e64eab892d12295a9275e58dd79965e10a3f69, clean_lara-ÜÇ DAKİKA.wav,2:39,2026-06-11,2026-08-08,RADIO_ONLY
lara-İKİ ŞEHİR,Lara,Aşkın Öztürk,Aşkın Öztürk,Esin Banu Öztürk,Aşkın Öztürk & Esin Banu Öztürk (AURA SONİC OFFİCİAL),7f747237966655d650e9197001c5c80dfd50ad0552dca69f68e468d3a1965d3f, clean_lara-İKİ ŞEHİR.wav,2:58,2026-06-11,2026-08-08,RADIO_ONLY
lara-İLK MAAŞ,Lara,Aşkın Öztürk,Aşkın Öztürk,Esin Banu Öztürk,Aşkın Öztürk & Esin Banu Öztürk (AURA SONİC OFFİCİAL),13c93645dcba7d395f94a80744404d5b84a92d6023a94caa91f1646d5696e123, clean_lara-İLK MAAŞ.wav,2:33,2026-06-11,2026-08-08,RADIO_ONLY
ÜSTÜ KALSIN,Lara,Aşkın Öztürk,Aşkın Öztürk,Esin Banu Öztürk,Aşkın Öztürk & Esin Banu Öztürk (AURA SONİC OFFİCİAL),3ea361a7784d0e0058dc7980d6ee450e58890af0ff708e4623cbefa3a29d9c51,LARA-ÜSTÜ KALSIN.mp3,3:51,2026-08-02,2026-08-08,RADIO_ONLY
ÜÇ DAKİKA,Lara,Aşkın Öztürk,Aşkın Öztürk,Esin Banu Öztürk,Aşkın Öztürk & Esin Banu Öztürk (AURA SONİC OFFİCİAL),4182c08106d2741526d95ce9c59d13baaa14fb30612a3db19aacfa9168559683,lara-ÜÇ DAKİKA.wav,2:39,2026-08-11,2026-08-08,RADIO_ONLY
İKİ ŞEHİR,Lara,Aşkın Öztürk,Aşkın Öztürk,Esin Banu Öztürk,Aşkın Öztürk & Esin Banu Öztürk (AURA SONİC OFFİCİAL),307cc9b950f339df68cef1ede794bc902c4bc15ff4994c4548bef616cd409a69,lara-İKİ ŞEHİR.wav,2:58,2026-08-11,2026-08-08,RADIO_ONLY
İLK MAAŞ,Lara,Aşkın Öztürk,Aşkın Öztürk,Esin Banu Öztürk,Aşkın Öztürk & Esin Banu Öztürk (AURA SONİC OFFİCİAL),a898b4ef5ff87e05f3563e8881aaee5ecbca53f9108400ab1521ef49f6cde3a2,lara-İLK MAAŞ.wav,2:33,2026-08-11,2026-08-08,RADIO_ONLY
— Bir Sen Mi Yandın,Lara,Aşkın Öztürk,Aşkın Öztürk,Esin Banu Öztürk,Aşkın Öztürk & Esin Banu Öztürk (AURA SONİC OFFİCİAL),5f24f82b94701c0fe8bb31be62c2217793e6c0bda21e5e6c49552aa7ae154d82,LARA — Bir Sen Mi Yandın.wav,3:30,2026-08-14,2026-08-08,RADIO_ONLY
— BİZ HİÇ AYNI ZAMANDA SEVMEDİK,Lara,Aşkın Öztürk,Aşkın Öztürk,Esin Banu Öztürk,Aşkın Öztürk & Esin Banu Öztürk (AURA SONİC OFFİCİAL),204fb06648251e4228686ef4e294ead9ef18c4f8914e69d7457db27b1563f453,LARA — BİZ HİÇ AYNI ZAMANDA SEVMEDİK.wav,4:31,2026-08-14,2026-08-08,RADIO_ONLY
— DESCE PRO BAILE,Lara,Aşkın Öztürk,Aşkın Öztürk,Esin Banu Öztürk,Aşkın Öztürk & Esin Banu Öztürk (AURA SONİC OFFİCİAL),68ce9e6b03d4204b7ebc419e10570910218a7c2098a701ed8af81a414f8da908,LARA — DESCE PRO BAILE.wav,2:25,2026-08-14,2026-08-08,RADIO_ONLY
— MÚSICA NO AR,Lara,Aşkın Öztürk,Aşkın Öztürk,Esin Banu Öztürk,Aşkın Öztürk & Esin Banu Öztürk (AURA SONİC OFFİCİAL),434012402a7fcee131e3abde3638c8f3cae0fbf125f2ca762384d92993096495,LARA — MÚSICA NO AR.wav,2:44,2026-08-13,2026-08-08,RADIO_ONLY
— RIO NÃO PARA,Lara,Aşkın Öztürk,Aşkın Öztürk,Esin Banu Öztürk,Aşkın Öztürk & Esin Banu Öztürk (AURA SONİC OFFİCİAL),a2ab2cfb87ae8f1e6ddea49e0d75928668a64316a408e4456e04995e040a8eb2,LARA — RIO NÃO PARA.wav,3:10,2026-08-13,2026-08-08,RADIO_ONLY
— SOL NA PELE,Lara,Aşkın Öztürk,Aşkın Öztürk,Esin Banu Öztürk,Aşkın Öztürk & Esin Banu Öztürk (AURA SONİC OFFİCİAL),b7cb83f8511a4fd76a8d32f74c964512a40555b49540ce84d8c4f4ac2cfcc2ac,LARA — SOL NA PELE.wav,3:01,2026-08-14,2026-08-08,RADIO_ONLY
"— SOL, SAL E SAMBA",Lara,Aşkın Öztürk,Aşkın Öztürk,Esin Banu Öztürk,Aşkın Öztürk & Esin Banu Öztürk (AURA SONİC OFFİCİAL),3859b95aad4cb64ed565254fea398d9340d2bba2bb274b63ef9ca0378befc0c6,"LARA — SOL, SAL E SAMBA.wav",2:38,2026-08-13,2026-08-08,RADIO_ONLY
— Seni Değil İsmini Özledim,Lara,Aşkın Öztürk,Aşkın Öztürk,Esin Banu Öztürk,Aşkın Öztürk & Esin Banu Öztürk (AURA SONİC OFFİCİAL),86c27db970c786caa1e6ef900e331eaa53026847e0c3f17d0e07f7869a52009e,LARA — Seni Değil İsmini Özledim.wav,3:54,2026-08-14,2026-08-08,RADIO_ONLY
— WE NEVER LOVED AT THE SAME TIME,Lara,Aşkın Öztürk,Aşkın Öztürk,Esin Banu Öztürk,Aşkın Öztürk & Esin Banu Öztürk (AURA SONİC OFFİCİAL),370ad46cf7e87febec7eb0711e2a4cc9b5712e7345c2d3a4aad561438a915435,LARA — WE NEVER LOVED AT THE SAME TIME.wav,3:44,2026-08-14,2026-08-08,RADIO_ONLY
—BİZ BİTMEDİK,Lara,Aşkın Öztürk,Aşkın Öztürk,Esin Banu Öztürk,Aşkın Öztürk & Esin Banu Öztürk (AURA SONİC OFFİCİAL),a0ed5018417596394676bbbe3a6ff35f811e30f75fff4c103d84dd168b28f002,LARA —BİZ BİTMEDİK.wav,3:30,2026-08-14,2026-08-08,RADIO_ONLY
—SEN GELİNCE BEN YOKTUM,Lara,Aşkın Öztürk,Aşkın Öztürk,Esin Banu Öztürk,Aşkın Öztürk & Esin Banu Öztürk (AURA SONİC OFFİCİAL),2659351fd15b65da5d1f1e46cb18cf576e66edbbcf710c7d50331c157ce7eb95,LARA —SEN GELİNCE BEN YOKTUM.wav,4:08,2026-08-14,2026-08-08,RADIO_ONLY
"—WHEN YOU CAME BACK, I WAS GONE",Lara,Aşkın Öztürk,Aşkın Öztürk,Esin Banu Öztürk,Aşkın Öztürk & Esin Banu Öztürk (AURA SONİC OFFİCİAL),75762c333064736c1e9e4e016863d29978daa55c86e74c34f761b0219f050090,"LARA —WHEN YOU CAME BACK, I WAS GONE.wav",4:11,2026-08-14,2026-08-08,RADIO_ONLY
Make the Room Remember,Lord The Patriot,Aşkın Öztürk,Aşkın Öztürk,Esin Banu Öztürk,Aşkın Öztürk & Esin Banu Öztürk (AURA SONİC OFFİCİAL),e5f384f6acecd6462e16bbc5267f0e8ed8361be34e0f1950fdffb37dce7c0473,LORD THE PATRIOT-Make the Room Remember.mp3,5:13,2026-07-12,2026-08-08,RADIO_ONLY
PUT THE SUITCASE DOWN,Lord The Patriot,Aşkın Öztürk,Aşkın Öztürk,Esin Banu Öztürk,Aşkın Öztürk & Esin Banu Öztürk (AURA SONİC OFFİCİAL),34e3e5e810fc118dfb8cefd3dc25b2224610e7b5f22d11314359fda6b02fb67f,LORD THE PATRIOT PUT THE SUITCASE DOWN.mp3,4:39,2026-07-12,2026-08-08,RADIO_ONLY
THE CITY NEVER LEARNED OUR NAMES,Lord The Patriot,Aşkın Öztürk,Aşkın Öztürk,Esin Banu Öztürk,Aşkın Öztürk & Esin Banu Öztürk (AURA SONİC OFFİCİAL),6560c83e463f95e383e26f6ba5f7ae70854669e3c261aa2fa6ccef008e8167db,LORD THE PATRIOT THE CITY NEVER LEARNED OUR NAMES.mp3,5:12,2026-07-12,2026-08-08,RADIO_ONLY
EN LA SOMBRA,Lyra Sage,Aşkın Öztürk,Aşkın Öztürk,Esin Banu Öztürk,Aşkın Öztürk & Esin Banu Öztürk (AURA SONİC OFFİCİAL),4bfa0904d9e69f55217fa535c5627d2e1b189b6abbc482b53e663790a0cd4104, clean_EN LA SOMBRA.wav,3:25,2026-05-30,2026-08-08,RADIO_ONLY
FUEGO LENTO,Lyra Sage,Aşkın Öztürk,Aşkın Öztürk,Esin Banu Öztürk,Aşkın Öztürk & Esin Banu Öztürk (AURA SONİC OFFİCİAL),8664b9bae2c1d3f0c245be784a1bc2a89fe76c1e108193d4ed614efd8d91a8d8,sarki.wav,3:01,2026-05-30,2026-08-08,RADIO_ONLY
LYRA SAGE-FUEGO LENTO,Lyra Sage,Aşkın Öztürk,Aşkın Öztürk,Esin Banu Öztürk,Aşkın Öztürk & Esin Banu Öztürk (AURA SONİC OFFİCİAL),8664b9bae2c1d3f0c245be784a1bc2a89fe76c1e108193d4ed614efd8d91a8d8, clean_LYRA SAGE-FUEGO LENTO.wav,3:01,2026-05-30,2026-08-08,RADIO_ONLY
LYRA SAGE-NO ME LLAMES,Lyra Sage,Aşkın Öztürk,Aşkın Öztürk,Esin Banu Öztürk,Aşkın Öztürk & Esin Banu Öztürk (AURA SONİC OFFİCİAL),ceef42f61ce50cc1e711f802c22d889206d6d7bec787e0b2b9bec6be14c14795, clean_LYRA SAGE-NO ME LLAMES.mp3,3:05,2026-07-28,2026-08-08,RADIO_ONLY
Lyra Sage -NOT BECAUSE IM SAFE,Lyra Sage,Aşkın Öztürk,Aşkın Öztürk,Esin Banu Öztürk,Aşkın Öztürk & Esin Banu Öztürk (AURA SONİC OFFİCİAL),07defe9948be730f490cfc3d8e316d0ea787aae9956c2f551b9a2133d137c76e, clean_Lyra Sage -NOT BECAUSE IM SAFE.mp3,3:06,2026-08-08,2026-08-08,RADIO_ONLY
Lyra Sage -ONLY IN PRIVATE,Lyra Sage,Aşkın Öztürk,Aşkın Öztürk,Esin Banu Öztürk,Aşkın Öztürk & Esin Banu Öztürk (AURA SONİC OFFİCİAL),237c35dfb006c0bf6ecb7188dab7d309254ee2f5f68c0bdf62a4db3779284e1f, clean_Lyra Sage -ONLY IN PRIVATE.mp3,3:09,2026-08-08,2026-08-08,RADIO_ONLY
Lyra Sage -REMEMBERED PERFECTLY,Lyra Sage,Aşkın Öztürk,Aşkın Öztürk,Esin Banu Öztürk,Aşkın Öztürk & Esin Banu Öztürk (AURA SONİC OFFİCİAL),31befd0d8451ac61d54abc93118b65a52c5f071dceda52176816ba1f7a550f47, clean_Lyra Sage -REMEMBERED PERFECTLY.mp3,3:31,2026-08-08,2026-08-08,RADIO_ONLY
Lyra Sage -TWO TRUE THINGS,Lyra Sage,Aşkın Öztürk,Aşkın Öztürk,Esin Banu Öztürk,Aşkın Öztürk & Esin Banu Öztürk (AURA SONİC OFFİCİAL),4686e08b6c7ab4c58d2611bfcb744057ca6f55e787abb0c87ab7b070502e7eb6, clean_Lyra Sage -TWO TRUE THINGS.mp3,3:16,2026-08-08,2026-08-08,RADIO_ONLY
Lyra Sage -WHEN I DISAGREE,Lyra Sage,Aşkın Öztürk,Aşkın Öztürk,Esin Banu Öztürk,Aşkın Öztürk & Esin Banu Öztürk (AURA SONİC OFFİCİAL),c9d768eebfa5443dc544e0979097a1cfabfd29e774f43e8826f1eca349361676, clean_Lyra Sage -WHEN I DISAGREE.mp3,2:59,2026-08-08,2026-08-08,RADIO_ONLY
Lyra Sage-PISO DOCE,Lyra Sage,Aşkın Öztürk,Aşkın Öztürk,Esin Banu Öztürk,Aşkın Öztürk & Esin Banu Öztürk (AURA SONİC OFFİCİAL),294980e41f5e0b904d9e8abd106de3ea1f470dd2ca7184ffd76abbace8451bbc, clean_Lyra Sage-PISO DOCE.mp3,4:09,2026-08-07,2026-08-08,RADIO_ONLY
NO ME LLAMES,Lyra Sage,Aşkın Öztürk,Aşkın Öztürk,Esin Banu Öztürk,Aşkın Öztürk & Esin Banu Öztürk (AURA SONİC OFFİCİAL),1281224fa9aaf9d711580f7b4ecdf176fe1531b51c10289e5a36ef6125c3ab02, clean_NO ME LLAMES.wav,3:05,2026-05-30,2026-08-08,RADIO_ONLY
SAGE -TOKYO HEARTBREAK,Lyra Sage,Aşkın Öztürk,Aşkın Öztürk,Esin Banu Öztürk,Aşkın Öztürk & Esin Banu Öztürk (AURA SONİC OFFİCİAL),8fb6a000a1d98820486c989d5523e38c6a4dccd8e220bd40720a5e22ac0c9eb5,LYRA SAGE -TOKYO HEARTBREAK.wav,3:16,2026-08-13,2026-08-08,RADIO_ONLY
SAGE — BAILA SIN RELOJ,Lyra Sage,Aşkın Öztürk,Aşkın Öztürk,Esin Banu Öztürk,Aşkın Öztürk & Esin Banu Öztürk (AURA SONİC OFFİCİAL),4b8e04d85d0ac2c672b84002b686e0c693fa292aa02e4b3a31a01c6105c0c4e0,LYRA SAGE — BAILA SIN RELOJ.wav,2:53,2026-08-14,2026-08-08,RADIO_ONLY
SAGE — KIMI NO NATSU,Lyra Sage,Aşkın Öztürk,Aşkın Öztürk,Esin Banu Öztürk,Aşkın Öztürk & Esin Banu Öztürk (AURA SONİC OFFİCİAL),d53260109483e29513cf38ce8ff5c927aa17e5c7b9b56cc80d7aaba98bdca18c,LYRA SAGE — KIMI NO NATSU.wav,3:34,2026-08-13,2026-08-08,RADIO_ONLY
SAGE — LA NOCHE ES TUYA,Lyra Sage,Aşkın Öztürk,Aşkın Öztürk,Esin Banu Öztürk,Aşkın Öztürk & Esin Banu Öztürk (AURA SONİC OFFİCİAL),3731b749ff05c81181683f90bc3d46e6dd726c7459b120389ec0f1f29f884c7d,LYRA SAGE — LA NOCHE ES TUYA.wav,3:05,2026-08-14,2026-08-08,RADIO_ONLY
SAGE — MESA SIETE,Lyra Sage,Aşkın Öztürk,Aşkın Öztürk,Esin Banu Öztürk,Aşkın Öztürk & Esin Banu Öztürk (AURA SONİC OFFİCİAL),64f300860494f18ba2063c22158a137e87aff8631d670b5be0b55eba7c9411fb,03-08-26-LYRA SAGE — MESA SIETE.wav,3:46,2026-08-11,2026-08-08,RADIO_ONLY
SAGE — SAYONARA MIDNIGHT,Lyra Sage,Aşkın Öztürk,Aşkın Öztürk,Esin Banu Öztürk,Aşkın Öztürk & Esin Banu Öztürk (AURA SONİC OFFİCİAL),502bc43d122a4b553050ddd3c13c84eaf5c2be7b1e04d6b543b55c91de767422,LYRA SAGE — SAYONARA MIDNIGHT.wav,3:31,2026-08-13,2026-08-08,RADIO_ONLY
SAGE-BAILO SIN TI,Lyra Sage,Aşkın Öztürk,Aşkın Öztürk,Esin Banu Öztürk,Aşkın Öztürk & Esin Banu Öztürk (AURA SONİC OFFİCİAL),b10d4fe932d35587d8ac5f517d4221d02ef8509bf2f646ea18829d28fbe8ae04,LYRA SAGE-BAILO SIN TI.wav,3:20,2026-08-13,2026-08-08,RADIO_ONLY
SAGE-CORAZÓN EN FUEGO,Lyra Sage,Aşkın Öztürk,Aşkın Öztürk,Esin Banu Öztürk,Aşkın Öztürk & Esin Banu Öztürk (AURA SONİC OFFİCİAL),22f20e9dc1bb3f38a6789160740993755d7295a060c4b4b7e286bd0df906cbe2,LYRA SAGE-CORAZÓN EN FUEGO.wav,3:29,2026-08-13,2026-08-08,RADIO_ONLY
SAGE-DALE SIN PARAR,Lyra Sage,Aşkın Öztürk,Aşkın Öztürk,Esin Banu Öztürk,Aşkın Öztürk & Esin Banu Öztürk (AURA SONİC OFFİCİAL),9cb7ef08177effe75e0b4115c6c0aa5422b6cb6e23cf96e4249f0773c2dd5d29,LYRA SAGE-DALE SIN PARAR.wav,3:06,2026-08-13,2026-08-08,RADIO_ONLY
SAGE-FUEGO LENTO,Lyra Sage,Aşkın Öztürk,Aşkın Öztürk,Esin Banu Öztürk,Aşkın Öztürk & Esin Banu Öztürk (AURA SONİC OFFİCİAL),143aa9b569b1ed6cf6b0e3daba641efd962ccf5b1204fdf2dd18ac1eee5e6d77,LYRA SAGE-FUEGO LENTO.wav,3:01,2026-04-16,2026-08-08,RADIO_ONLY
SAGE-LA VIDA ES AHORA,Lyra Sage,Aşkın Öztürk,Aşkın Öztürk,Esin Banu Öztürk,Aşkın Öztürk & Esin Banu Öztürk (AURA SONİC OFFİCİAL),de32650b55253a6b997fae1f39ad5268aeac9d216efd6160fe83b7a120612381,LYRA SAGE-LA VIDA ES AHORA.wav,3:39,2026-08-13,2026-08-08,RADIO_ONLY
SAGE-MEAN TOMORROW,Lyra Sage,Aşkın Öztürk,Aşkın Öztürk,Esin Banu Öztürk,Aşkın Öztürk & Esin Banu Öztürk (AURA SONİC OFFİCİAL),5b68dbeffa711628d409d8e443cd1714628cd9f82c6413c1f93ac7c6ea3971d9,LYRA SAGE-MEAN TOMORROW.mp3,5:04,2026-07-12,2026-08-08,RADIO_ONLY
SAGE-NO ME BUSQUES MÁS,Lyra Sage,Aşkın Öztürk,Aşkın Öztürk,Esin Banu Öztürk,Aşkın Öztürk & Esin Banu Öztürk (AURA SONİC OFFİCİAL),ad231464dcdef30b59b524ef56a9959d65d01db2065d391b4692e01043484756,LYRA SAGE-NO ME BUSQUES MÁS.wav,3:33,2026-08-13,2026-08-08,RADIO_ONLY
SAGE-REINA SIN CORONA,Lyra Sage,Aşkın Öztürk,Aşkın Öztürk,Esin Banu Öztürk,Aşkın Öztürk & Esin Banu Öztürk (AURA SONİC OFFİCİAL),9f9eebb7093b8fcfdf5c2ea76fca2094c7ce5cab47dbb7235b4d8e8a37b9f764,LYRA SAGE-REINA SIN CORONA.wav,3:33,2026-08-13,2026-08-08,RADIO_ONLY
SAGE-SAY IT WHILE IM HERE,Lyra Sage,Aşkın Öztürk,Aşkın Öztürk,Esin Banu Öztürk,Aşkın Öztürk & Esin Banu Öztürk (AURA SONİC OFFİCİAL),ff363cc558ef9d79ff8b8e153a3370c155701a3cd72fbc2146cc623175f66267,LYRA SAGE-SAY IT WHILE IM HERE.mp3,4:34,2026-07-12,2026-08-08,RADIO_ONLY
SAGE-VAMOS A ROMPER LA NOCHE,Lyra Sage,Aşkın Öztürk,Aşkın Öztürk,Esin Banu Öztürk,Aşkın Öztürk & Esin Banu Öztürk (AURA SONİC OFFİCİAL),fbaa1b5202dbbfca375615bfc2521f1efc5454bcf3eee6cbc894f3d1d50267a1,LYRA SAGE-VAMOS A ROMPER LA NOCHE.wav,3:05,2026-08-13,2026-08-08,RADIO_ONLY
SAGE-ÚLTIMA NOCHE,Lyra Sage,Aşkın Öztürk,Aşkın Öztürk,Esin Banu Öztürk,Aşkın Öztürk & Esin Banu Öztürk (AURA SONİC OFFİCİAL),93420d32d28ed55db9ac522f19634f57272547ec1a2254f37433ce1b88d62b63,LYRA SAGE-ÚLTIMA NOCHE.wav,3:31,2026-08-13,2026-08-08,RADIO_ONLY
SI TE VAS,Lyra Sage,Aşkın Öztürk,Aşkın Öztürk,Esin Banu Öztürk,Aşkın Öztürk & Esin Banu Öztürk (AURA SONİC OFFİCİAL),157cdc067c88be8ad696c2ec73e9e2146b6690d34c8aa03a4878329da9fb8964, clean_SI TE VAS.wav,4:27,2026-05-30,2026-08-08,RADIO_ONLY
SOMBRA MIA,Lyra Sage,Aşkın Öztürk,Aşkın Öztürk,Esin Banu Öztürk,Aşkın Öztürk & Esin Banu Öztürk (AURA SONİC OFFİCİAL),9dade42ae45b8030a6a7ff763ed9161fc161a01810432b6a81ceb582462ca951,sarki.wav,3:27,2026-05-30,2026-08-08,RADIO_ONLY
SOMBRA MÍA,Lyra Sage,Aşkın Öztürk,Aşkın Öztürk,Esin Banu Öztürk,Aşkın Öztürk & Esin Banu Öztürk (AURA SONİC OFFİCİAL),9dade42ae45b8030a6a7ff763ed9161fc161a01810432b6a81ceb582462ca951, clean_SOMBRA MÍA.wav,3:27,2026-05-30,2026-08-08,RADIO_ONLY
Sage - Dimelo Otra Vez,Lyra Sage,Aşkın Öztürk,Aşkın Öztürk,Esin Banu Öztürk,Aşkın Öztürk & Esin Banu Öztürk (AURA SONİC OFFİCİAL),e7ef3a7baf2d82793687e0594fc4ee1b00345f5c43dfc56b6a638390f62918d2,Lyra Sage - Dimelo Otra Vez.mp3,3:04,2026-07-11,2026-08-08,RADIO_ONLY
Sage - Fuego y Palmas,Lyra Sage,Aşkın Öztürk,Aşkın Öztürk,Esin Banu Öztürk,Aşkın Öztürk & Esin Banu Öztürk (AURA SONİC OFFİCİAL),b93acadc1852e36b440b806b9108d9c21e98350b244bf63d84de2947369f55a8,Lyra Sage - Fuego y Palmas.mp3,2:37,2026-07-11,2026-08-08,RADIO_ONLY
Sage -NOT BECAUSE I'M SAFE,Lyra Sage,Aşkın Öztürk,Aşkın Öztürk,Esin Banu Öztürk,Aşkın Öztürk & Esin Banu Öztürk (AURA SONİC OFFİCİAL),e1b1f9eac0c2bc844fc6914085442ca7aa4bbff86eda5b7808d63b9bc094ed2b,Lyra Sage -NOT BECAUSE I'M SAFE.wav,3:06,2026-08-11,2026-08-31,RADIO_ONLY
Sage -ONLY IN PRIVATE,Lyra Sage,Aşkın Öztürk,Aşkın Öztürk,Esin Banu Öztürk,Aşkın Öztürk & Esin Banu Öztürk (AURA SONİC OFFİCİAL),ea78f5f6f348c289783d9586f435aab9bcdb7afa37f331b8f242cb2fdedee08a,Lyra Sage -ONLY IN PRIVATE.wav,3:09,2026-08-11,2026-08-31,RADIO_ONLY
Sage -REMEMBERED PERFECTLY,Lyra Sage,Aşkın Öztürk,Aşkın Öztürk,Esin Banu Öztürk,Aşkın Öztürk & Esin Banu Öztürk (AURA SONİC OFFİCİAL),04b1af4867938cdcc7d08b237ed1afe5b9a5a8be57970d54d0b0544db6be7e21,Lyra Sage -REMEMBERED PERFECTLY.wav,3:31,2026-08-11,2026-08-31,RADIO_ONLY
Sage -TWO TRUE THINGS,Lyra Sage,Aşkın Öztürk,Aşkın Öztürk,Esin Banu Öztürk,Aşkın Öztürk & Esin Banu Öztürk (AURA SONİC OFFİCİAL),006d8fa97583030d555fb20c973e8c5665b7cad44aaf332541d17348d253d41b,Lyra Sage -TWO TRUE THINGS.wav,3:16,2026-08-11,2026-08-31,RADIO_ONLY
Sage -WHEN I DISAGREE,Lyra Sage,Aşkın Öztürk,Aşkın Öztürk,Esin Banu Öztürk,Aşkın Öztürk & Esin Banu Öztürk (AURA SONİC OFFİCİAL),61c29ce2a2d4873f1aceebbca0d9dbbae5d74391a474149a20af9efb004ee911,Lyra Sage -WHEN I DISAGREE.wav,2:59,2026-08-11,2026-08-31,RADIO_ONLY
"Sage-BAILA, QUE LA TARDE SE ROMPE",Lyra Sage,Aşkın Öztürk,Aşkın Öztürk,Esin Banu Öztürk,Aşkın Öztürk & Esin Banu Öztürk (AURA SONİC OFFİCİAL),b8fb8f571940b3a8a2f4da910de77a6bd4463529db2de18c2e2f37174c7ca757,"28-07-26-Lyra Sage-BAILA, QUE LA TARDE SE ROMPE.wav",5:16,2026-08-10,2026-08-08,RADIO_ONLY
Sage-CANCIÓN — CUANDO VUELVA A SONAR LA PLAZA,Lyra Sage,Aşkın Öztürk,Aşkın Öztürk,Esin Banu Öztürk,Aşkın Öztürk & Esin Banu Öztürk (AURA SONİC OFFİCİAL),f9832e8a291820ae3f4722f477d944e2031309d56165c1e89402bd3d4c73ab85,28-07-26-Lyra Sage-CANCIÓN — CUANDO VUELVA A SONAR LA PLAZA.wav,4:09,2026-08-11,2026-08-08,RADIO_ONLY
Sage-CANCIÓN — TU VERANO SOBRE MI MESA,Lyra Sage,Aşkın Öztürk,Aşkın Öztürk,Esin Banu Öztürk,Aşkın Öztürk & Esin Banu Öztürk (AURA SONİC OFFİCİAL),1f62023362c92a814c8a50f58816329a2e757c28ceb99b76105c8e3acddd05fc,28-07-26-Lyra Sage-CANCIÓN — TU VERANO SOBRE MI MESA.wav,4:11,2026-08-11,2026-08-08,RADIO_ONLY
Sage-LA SILLA MIRA AL CAMINO,Lyra Sage,Aşkın Öztürk,Aşkın Öztürk,Esin Banu Öztürk,Aşkın Öztürk & Esin Banu Öztürk (AURA SONİC OFFİCİAL),d9f2def35e0dc60ed3741251640a7f51937ecd7627cdb8907eb0c419ba369c76,28-07-26-Lyra Sage-LA SILLA MIRA AL CAMINO.wav,5:34,2026-08-10,2026-08-08,RADIO_ONLY
Sage-PISO DOCE,Lyra Sage,Aşkın Öztürk,Aşkın Öztürk,Esin Banu Öztürk,Aşkın Öztürk & Esin Banu Öztürk (AURA SONİC OFFİCİAL),b2d8899247de6a36e0eabed7edb9c64f9061cb3d388aa3a402c89040fc3c4500,Lyra Sage-PISO DOCE.wav,4:09,2026-08-11,2026-08-31,RADIO_ONLY
MEL GOOD IN THE PHOTO,Maria Mel,Aşkın Öztürk,Aşkın Öztürk,Esin Banu Öztürk,Aşkın Öztürk & Esin Banu Öztürk (AURA SONİC OFFİCİAL),0b8b74e2fb293a5efbd9be423d24c12a75f04f61689c780e87a3b93d4ce22ce6,MARIA MEL GOOD IN THE PHOTO.mp3,3:41,2026-08-04,2026-08-08,RADIO_ONLY
MEL — AU-DELÀ DE TO,Maria Mel,Aşkın Öztürk,Aşkın Öztürk,Esin Banu Öztürk,Aşkın Öztürk & Esin Banu Öztürk (AURA SONİC OFFİCİAL),9704311f695c73772a6925275ca927b58b8d4744ca285daa4c2c78019ff54a47,MARIA MEL — AU-DELÀ DE TO.wav,3:49,2026-08-14,2026-08-08,RADIO_ONLY
MEL — CE SOIR JE M'ENVOLE,Maria Mel,Aşkın Öztürk,Aşkın Öztürk,Esin Banu Öztürk,Aşkın Öztürk & Esin Banu Öztürk (AURA SONİC OFFİCİAL),f15b0448426aad03010016d32a40219dad673d20e00310ccb84aac71b2172d34,MARIA MEL — CE SOIR JE M'ENVOLE.wav,3:44,2026-08-13,2026-08-08,RADIO_ONLY
MEL — CORRI CON ME,Maria Mel,Aşkın Öztürk,Aşkın Öztürk,Esin Banu Öztürk,Aşkın Öztürk & Esin Banu Öztürk (AURA SONİC OFFİCİAL),694e476929bb23303685050c86c008ef3ec8dc440de044978a85b5b3df159b64,MARIA MEL — CORRI CON ME.wav,3:28,2026-08-13,2026-08-08,RADIO_ONLY
MEL — DERNIER BAISER,Maria Mel,Aşkın Öztürk,Aşkın Öztürk,Esin Banu Öztürk,Aşkın Öztürk & Esin Banu Öztürk (AURA SONİC OFFİCİAL),b51db849ea77c296f95384a3ab7a180aab283966312cb292ae49e544e054d3c8,MARIA MEL — DERNIER BAISER.wav,3:01,2026-08-13,2026-08-08,RADIO_ONLY
MEL — JE RESTE,Maria Mel,Aşkın Öztürk,Aşkın Öztürk,Esin Banu Öztürk,Aşkın Öztürk & Esin Banu Öztürk (AURA SONİC OFFİCİAL),15f6bcf83b4936481d2f5e1a2d2b267587869a9c29df1f3cb0bdad0df2495c27,MARIA MEL — JE RESTE.wav,4:39,2026-08-13,2026-08-08,RADIO_ONLY
MEL — JE T'AIME ENCORE,Maria Mel,Aşkın Öztürk,Aşkın Öztürk,Esin Banu Öztürk,Aşkın Öztürk & Esin Banu Öztürk (AURA SONİC OFFİCİAL),183e0dda3ae49ab2f11d6a9e00c37d2ede44ec4c8061f37687c8af1e251325d7,MARIA MEL — JE T'AIME ENCORE.wav,3:31,2026-08-13,2026-08-08,RADIO_ONLY
MEL — JE TOMBE VERS LE CIEL,Maria Mel,Aşkın Öztürk,Aşkın Öztürk,Esin Banu Öztürk,Aşkın Öztürk & Esin Banu Öztürk (AURA SONİC OFFİCİAL),86f284f729a54ce65f74df608678bafb1885d4e9cae3c63591b325fc87da4e2e,MARIA MEL — JE TOMBE VERS LE CIEL.wav,4:59,2026-08-13,2026-08-08,RADIO_ONLY
MEL — L'ULTIMA LETTERA,Maria Mel,Aşkın Öztürk,Aşkın Öztürk,Esin Banu Öztürk,Aşkın Öztürk & Esin Banu Öztürk (AURA SONİC OFFİCİAL),84f2e1ce4792b2d0977d7bf22bafd933f198f2649504f11d6a0cead4213542d1,MARIA MEL — L'ULTIMA LETTERA.wav,3:43,2026-08-14,2026-08-08,RADIO_ONLY
MEL — LA DERNIÈRE DANSEUSE,Maria Mel,Aşkın Öztürk,Aşkın Öztürk,Esin Banu Öztürk,Aşkın Öztürk & Esin Banu Öztürk (AURA SONİC OFFİCİAL),efcabd2ae769c945c15f041908e23b3567ecaee5732a13cc027f262466fbe7a5,MARIA MEL — LA DERNIÈRE DANSEUSE.wav,4:35,2026-08-13,2026-08-08,RADIO_ONLY
MEL — LA LUNE M'A CHOISIE,Maria Mel,Aşkın Öztürk,Aşkın Öztürk,Esin Banu Öztürk,Aşkın Öztürk & Esin Banu Öztürk (AURA SONİC OFFİCİAL),55ca4279e14662ced41ee2f86b86ff55b02d43ef9d2ea9b9bbe8f139634352d8,MARIA MEL — LA LUNE M'A CHOISIE.wav,3:50,2026-08-13,2026-08-08,RADIO_ONLY
MEL — LES FEMMES NE PLEURENT PAS EN OR,Maria Mel,Aşkın Öztürk,Aşkın Öztürk,Esin Banu Öztürk,Aşkın Öztürk & Esin Banu Öztürk (AURA SONİC OFFİCİAL),d0d519cbf537b9d6712267c5b10c57ccd880d2d13acfc535a246747c8170b7a6,MARIA MEL — LES FEMMES NE PLEURENT PAS EN OR.wav,4:34,2026-08-13,2026-08-08,RADIO_ONLY
MEL — MON NOM DANS LE VENT,Maria Mel,Aşkın Öztürk,Aşkın Öztürk,Esin Banu Öztürk,Aşkın Öztürk & Esin Banu Öztürk (AURA SONİC OFFİCİAL),f4e7482a1be27d856468a41f30f856f440fb75a4bd39171618ce7d359a28aef9,MARIA MEL — MON NOM DANS LE VENT.wav,5:09,2026-08-13,2026-08-08,RADIO_ONLY
MEL — NOTTE DI CAPRI,Maria Mel,Aşkın Öztürk,Aşkın Öztürk,Esin Banu Öztürk,Aşkın Öztürk & Esin Banu Öztürk (AURA SONİC OFFİCİAL),e36ea1e7574b71290bc35a95c991f592ee5bb48edd11182239d9fb312cba4574,MARIA MEL — NOTTE DI CAPRI.wav,3:39,2026-08-13,2026-08-08,RADIO_ONLY
MEL — PARIS M'A MENTI,Maria Mel,Aşkın Öztürk,Aşkın Öztürk,Esin Banu Öztürk,Aşkın Öztürk & Esin Banu Öztürk (AURA SONİC OFFİCİAL),9e72e81b2d69595f65388b85308f06d06c413c01478fdc8f28bd0a4306438a69,MARIA MEL — PARIS M'A MENTI.wav,3:37,2026-08-14,2026-08-08,RADIO_ONLY
MEL — PARIS PLEURE CE SOIR,Maria Mel,Aşkın Öztürk,Aşkın Öztürk,Esin Banu Öztürk,Aşkın Öztürk & Esin Banu Öztürk (AURA SONİC OFFİCİAL),1c760d88a736b92e100d5d1aa5b00274d74d31727351152fdb91445a3cb450f3,MARIA MEL — PARIS PLEURE CE SOIR.wav,3:39,2026-08-13,2026-08-08,RADIO_ONLY
MEL — PARLA CON ME,Maria Mel,Aşkın Öztürk,Aşkın Öztürk,Esin Banu Öztürk,Aşkın Öztürk & Esin Banu Öztürk (AURA SONİC OFFİCİAL),1d5b61be88d4b8eb663580b43d0d7978f1c20754e1b682e665fc24d081febcf1,MARIA MEL — PARLA CON ME.wav,3:04,2026-08-13,2026-08-08,RADIO_ONLY
MEL — PERSONNE NE SAIT,Maria Mel,Aşkın Öztürk,Aşkın Öztürk,Esin Banu Öztürk,Aşkın Öztürk & Esin Banu Öztürk (AURA SONİC OFFİCİAL),9964533cdb47fd9b08f7978d5b8b5d5aaf472bbc53edbd161be7fde62caf6fd6,MARIA MEL — PERSONNE NE SAIT.wav,4:32,2026-08-13,2026-08-08,RADIO_ONLY
MEL — REINE SANS COURONNE,Maria Mel,Aşkın Öztürk,Aşkın Öztürk,Esin Banu Öztürk,Aşkın Öztürk & Esin Banu Öztürk (AURA SONİC OFFİCİAL),aa94dba2f9e7b3579dcacee2bb2985c3d51686c175b736d017f052ab49766ffc,MARIA MEL — REINE SANS COURONNE (1).wav,4:55,2026-08-13,2026-08-08,RADIO_ONLY
MEL — SOLE SULLA PELLE,Maria Mel,Aşkın Öztürk,Aşkın Öztürk,Esin Banu Öztürk,Aşkın Öztürk & Esin Banu Öztürk (AURA SONİC OFFİCİAL),c57c4692a888f3989ba1775a62f9e10ced01501c5431b211cef1b83ab37efad9,MARIA MEL — SOLE SULLA PELLE.wav,3:09,2026-08-13,2026-08-08,RADIO_ONLY
MEL — VIVA L'ESTATE,Maria Mel,Aşkın Öztürk,Aşkın Öztürk,Esin Banu Öztürk,Aşkın Öztürk & Esin Banu Öztürk (AURA SONİC OFFİCİAL),2bb299f046a37e250cbb644cbf7e48b540f74f5257117a99da1b1c662ede7100,MARIA MEL — VIVA L'ESTATE.wav,3:37,2026-08-13,2026-08-08,RADIO_ONLY
MEL-- Sans Ton Nom,Maria Mel,Aşkın Öztürk,Aşkın Öztürk,Esin Banu Öztürk,Aşkın Öztürk & Esin Banu Öztürk (AURA SONİC OFFİCİAL),b4463612c26e040fda22713177d1e9d783aa8cfd0b2a2dafce42b749fc639ebd,MARİA MEL-- Sans Ton Nom.mp3,3:04,2026-07-10,2026-08-08,RADIO_ONLY
MEL--Jai Laissé Les Clés,Maria Mel,Aşkın Öztürk,Aşkın Öztürk,Esin Banu Öztürk,Aşkın Öztürk & Esin Banu Öztürk (AURA SONİC OFFİCİAL),528a1ab9b0146f21cad1836b9aca551e934d6319232c4c0f75595230fb82e0d5,MARİA MEL--Jai Laissé Les Clés.mp3,3:24,2026-07-10,2026-08-08,RADIO_ONLY
MEL--Nessuno Tranne Te,Maria Mel,Aşkın Öztürk,Aşkın Öztürk,Esin Banu Öztürk,Aşkın Öztürk & Esin Banu Öztürk (AURA SONİC OFFİCİAL),9bf3d270adc00a5f5deb8dedb871680abad45b6ede8839a9c7879ca9084c83f4,MARİA MEL--Nessuno Tranne Te.mp3,3:19,2026-07-10,2026-08-08,RADIO_ONLY
MEL--Parlano I Silenzi,Maria Mel,Aşkın Öztürk,Aşkın Öztürk,Esin Banu Öztürk,Aşkın Öztürk & Esin Banu Öztürk (AURA SONİC OFFİCİAL),488862e336c42c633ad93d328aec785f47a3bc2c5cf706108eea0f61a554fc9d,MARİA MEL--Parlano I Silenzi.mp3,3:29,2026-07-10,2026-08-08,RADIO_ONLY
MEL-NO TRANSLATION,Maria Mel,Aşkın Öztürk,Aşkın Öztürk,Esin Banu Öztürk,Aşkın Öztürk & Esin Banu Öztürk (AURA SONİC OFFİCİAL),d9297554b893e85a164b84db9c873ddb3306d8c073d1ad4b55b96cd198be6ab6,MARIA MEL-NO TRANSLATION.mp3,4:34,2026-08-02,2026-08-08,RADIO_ONLY
MEL-NOTTI D’ORO,Maria Mel,Aşkın Öztürk,Aşkın Öztürk,Esin Banu Öztürk,Aşkın Öztürk & Esin Banu Öztürk (AURA SONİC OFFİCİAL),26e03e5595d1367acc4dbe684605d6e33b28f4cf96d496f10ef1ff558fef8ac9,MARİA MEL-NOTTI D’ORO.wav,4:24,2026-08-11,2026-08-31,RADIO_ONLY
MEL— Amore Sotto Il Sole,Maria Mel,Aşkın Öztürk,Aşkın Öztürk,Esin Banu Öztürk,Aşkın Öztürk & Esin Banu Öztürk (AURA SONİC OFFİCİAL),187ec446458d6c661c51be4af989244dfadbe73680fbd5aef9abec532574d41c,MARİA MEL— Amore Sotto Il Sole.wav,3:45,2026-08-14,2026-08-08,RADIO_ONLY
MEL— Roma Brucia Per Noi,Maria Mel,Aşkın Öztürk,Aşkın Öztürk,Esin Banu Öztürk,Aşkın Öztürk & Esin Banu Öztürk (AURA SONİC OFFİCİAL),1ed45b02379c18261172bbbe65c0dc8bb51fa68e61feb3611942b894f10152e4,MARİA MEL— Roma Brucia Per Noi.mp3,3:44,2026-06-29,2026-08-08,RADIO_ONLY
MEL— Solo Tu,Maria Mel,Aşkın Öztürk,Aşkın Öztürk,Esin Banu Öztürk,Aşkın Öztürk & Esin Banu Öztürk (AURA SONİC OFFİCİAL),231a99a4d1eb1b584c574b985f7b42507416dcdba258d588ffe2f1cd39332069,MARİA MEL— Solo Tu.wav,3:55,2026-08-14,2026-08-08,RADIO_ONLY
Maria Mel-COST TOO MUCH,Maria Mel,Aşkın Öztürk,Aşkın Öztürk,Esin Banu Öztürk,Aşkın Öztürk & Esin Banu Öztürk (AURA SONİC OFFİCİAL),c8d07750443de555cb89dcc267814c6e60160400974fabef9e99661b0c4dae50, clean_Maria Mel-COST TOO MUCH.mp3,3:39,2026-08-08,2026-08-08,RADIO_ONLY
Maria Mel-GOOD NEWS STILL HURTS,Maria Mel,Aşkın Öztürk,Aşkın Öztürk,Esin Banu Öztürk,Aşkın Öztürk & Esin Banu Öztürk (AURA SONİC OFFİCİAL),b7f05f54958a15c1572016e0354711990be3b4fcc59a7c1619b9de52ead3daec, clean_Maria Mel-GOOD NEWS STILL HURTS.mp3,4:19,2026-08-08,2026-08-08,RADIO_ONLY
Maria Mel-RIGHT CAN STILL HURT,Maria Mel,Aşkın Öztürk,Aşkın Öztürk,Esin Banu Öztürk,Aşkın Öztürk & Esin Banu Öztürk (AURA SONİC OFFİCİAL),dec202224943360d9f45dde1b0f9058982be42b7ca34ae0edd01af64916c84d2, clean_Maria Mel-RIGHT CAN STILL HURT.mp3,3:22,2026-08-08,2026-08-08,RADIO_ONLY
Maria Mel-STRONG ENOUGH TO NEED YOU,Maria Mel,Aşkın Öztürk,Aşkın Öztürk,Esin Banu Öztürk,Aşkın Öztürk & Esin Banu Öztürk (AURA SONİC OFFİCİAL),323d91379578cf073738fe05d67043a63e926fa74e8652d3f91e278b78a1b742, clean_Maria Mel-STRONG ENOUGH TO NEED YOU.mp3,3:46,2026-08-08,2026-08-08,RADIO_ONLY
Maria Mel-THE FIRST LIFE I CHOSE,Maria Mel,Aşkın Öztürk,Aşkın Öztürk,Esin Banu Öztürk,Aşkın Öztürk & Esin Banu Öztürk (AURA SONİC OFFİCİAL),e8c6229b5a26e5123b9a395f3d7cdb6d59d5916d46a17461463072d5eb85c2b8, clean_Maria Mel-THE FIRST LIFE I CHOSE.mp3,3:47,2026-08-08,2026-08-08,RADIO_ONLY
Maria Mel-THE WEIGHT OF GRACE,Maria Mel,Aşkın Öztürk,Aşkın Öztürk,Esin Banu Öztürk,Aşkın Öztürk & Esin Banu Öztürk (AURA SONİC OFFİCİAL),530069fade713077a529ebcb40e3f72b4c531b6acc668f49eae86869a4829f86, clean_Maria Mel-THE WEIGHT OF GRACE.mp3,4:25,2026-08-08,2026-08-08,RADIO_ONLY
Maria Mel-WHEN NOBODY NEEDS ME,Maria Mel,Aşkın Öztürk,Aşkın Öztürk,Esin Banu Öztürk,Aşkın Öztürk & Esin Banu Öztürk (AURA SONİC OFFİCİAL),4a8edb3c4b0914e50cd962cc1a2889068f381d3f11a421899780b05d8c117e11, clean_Maria Mel-WHEN NOBODY NEEDS ME.mp3,3:29,2026-08-08,2026-08-08,RADIO_ONLY
Mel-COST TOO MUCH,Maria Mel,Aşkın Öztürk,Aşkın Öztürk,Esin Banu Öztürk,Aşkın Öztürk & Esin Banu Öztürk (AURA SONİC OFFİCİAL),f7e15b0f85be7a824dd0f5b0ddd2a839aad7650030983b3c1f09382aaadd8c3b,Maria Mel-COST TOO MUCH.wav,3:39,2026-08-11,2026-08-31,RADIO_ONLY
Mel-GOOD NEWS STILL HURTS,Maria Mel,Aşkın Öztürk,Aşkın Öztürk,Esin Banu Öztürk,Aşkın Öztürk & Esin Banu Öztürk (AURA SONİC OFFİCİAL),03c5c990a8a60cf4398958cb8697b9ef8540484c80a1f2871ee0ceec0410e4df,Maria Mel-GOOD NEWS STILL HURTS.wav,4:19,2026-08-11,2026-08-31,RADIO_ONLY
Mel-RIGHT CAN STILL HURT,Maria Mel,Aşkın Öztürk,Aşkın Öztürk,Esin Banu Öztürk,Aşkın Öztürk & Esin Banu Öztürk (AURA SONİC OFFİCİAL),a7f88f105c0286a330b9afc2da8b6e606d464412a6c37c21783d7ae400eb2c7e,Maria Mel-RIGHT CAN STILL HURT.wav,3:22,2026-08-11,2026-08-31,RADIO_ONLY
Mel-STRONG ENOUGH TO NEED YOU,Maria Mel,Aşkın Öztürk,Aşkın Öztürk,Esin Banu Öztürk,Aşkın Öztürk & Esin Banu Öztürk (AURA SONİC OFFİCİAL),3e2dc14c36a84e24f74da61c307b7db4a47843e122c22ea1ff4c1e209f05d0e3,Maria Mel-STRONG ENOUGH TO NEED YOU.wav,3:46,2026-08-11,2026-08-31,RADIO_ONLY
Mel-THE FIRST LIFE I CHOSE,Maria Mel,Aşkın Öztürk,Aşkın Öztürk,Esin Banu Öztürk,Aşkın Öztürk & Esin Banu Öztürk (AURA SONİC OFFİCİAL),f69b37e0fbffd63f8b8442f359998eb0705fcff0c4c5cc699ff824ff9bcb8930,Maria Mel-THE FIRST LIFE I CHOSE.wav,3:47,2026-08-11,2026-08-31,RADIO_ONLY
Mel-THE WEIGHT OF GRACE,Maria Mel,Aşkın Öztürk,Aşkın Öztürk,Esin Banu Öztürk,Aşkın Öztürk & Esin Banu Öztürk (AURA SONİC OFFİCİAL),ac84db960c641ee6d443228dfce6c2a1f1e3afc51b7ea159482bba3a97b3344d,Maria Mel-THE WEIGHT OF GRACE.wav,4:25,2026-08-11,2026-08-31,RADIO_ONLY
Mel-WHEN NOBODY NEEDS ME,Maria Mel,Aşkın Öztürk,Aşkın Öztürk,Esin Banu Öztürk,Aşkın Öztürk & Esin Banu Öztürk (AURA SONİC OFFİCİAL),d9a311c38bf354d39ae61b69126d7eb21ccccb293b34315e815c2debec952552,Maria Mel-WHEN NOBODY NEEDS ME.wav,3:29,2026-08-11,2026-08-31,RADIO_ONLY
MUSTAFA KARABAĞ-GEÇİT,Mustafa Karabağ,Aşkın Öztürk,Aşkın Öztürk,Esin Banu Öztürk,Aşkın Öztürk & Esin Banu Öztürk (AURA SONİC OFFİCİAL),b55732b60179d82c7653c01899ad74362d7f99bf700e874ede439b6d66871284, clean_MUSTAFA KARABAĞ-GEÇİT.wav,3:49,2026-09-05,2026-09-05,RADIO_ONLY
ÇEKİL HELE OYNAYACAĞIM,Mustafa Karabağ,Aşkın Öztürk,Aşkın Öztürk,Esin Banu Öztürk,Aşkın Öztürk & Esin Banu Öztürk (AURA SONİC OFFİCİAL),2d09d779aa92cdfb0d832eb71eef47a44c297cb2e6764f1a3411cecd92582c19,MUSTAFA KARABAĞ - ÇEKİL HELE OYNAYACAĞIM.mp3,4:52,2026-07-18,2026-08-08,RADIO_ONLY
CUANDO EMPIEZA A IMPORTAR,Nairo Velan,Aşkın Öztürk,Aşkın Öztürk,Esin Banu Öztürk,Aşkın Öztürk & Esin Banu Öztürk (AURA SONİC OFFİCİAL),2bd74be4239cc37f9e747a8daf88b042f1b2c525138998af042db27e77a0433b,09-08-26-NAIRO VELAN  -CUANDO EMPIEZA A IMPORTAR.wav,2:31,2026-08-11,2026-08-10,RADIO_ONLY
CUANDO TOCA HABLAR,Nairo Velan,Aşkın Öztürk,Aşkın Öztürk,Esin Banu Öztürk,Aşkın Öztürk & Esin Banu Öztürk (AURA SONİC OFFİCİAL),35f1ffb8abcb8509098b1338123c830691a763a9c26ca0e4dc9a7dbfe697a5cf,09-08-26-NAIRO VELAN  -CUANDO TOCA HABLAR.wav,2:56,2026-08-11,2026-08-10,RADIO_ONLY
DOS NOMBRES EN EL WIFI,Nairo Velan,Aşkın Öztürk,Aşkın Öztürk,Esin Banu Öztürk,Aşkın Öztürk & Esin Banu Öztürk (AURA SONİC OFFİCİAL),76f8a5a8006dfccc788b59f8cb3ba3010486fac3e9ac2609bab7fbb74ff6ef57,24-07-26-NAIRO VELAN-DOS NOMBRES EN EL WIFI.wav,3:09,2026-08-10,2026-08-08,RADIO_ONLY
LA TARJETA DEL MERCADO,Nairo Velan,Aşkın Öztürk,Aşkın Öztürk,Esin Banu Öztürk,Aşkın Öztürk & Esin Banu Öztürk (AURA SONİC OFFİCİAL),641efa595fb75b7974d2ac5d36963964d4e30dfc3df0d1bd721486ef0c3e752d,24-07-26-NAIRO VELAN-LA TARJETA DEL MERCADO.wav,3:09,2026-08-10,2026-08-08,RADIO_ONLY
LES CONTÉ LO PEOR,Nairo Velan,Aşkın Öztürk,Aşkın Öztürk,Esin Banu Öztürk,Aşkın Öztürk & Esin Banu Öztürk (AURA SONİC OFFİCİAL),f5dbe4c63667b8f23d21ee18743b3fb1bf2a4327a5eb3fc218314db2813a1467,09-08-26-NAIRO VELAN  -LES CONTÉ LO PEOR.wav,2:54,2026-08-11,2026-08-10,RADIO_ONLY
LO QUE APRENDISTE CONMIGO,Nairo Velan,Aşkın Öztürk,Aşkın Öztürk,Esin Banu Öztürk,Aşkın Öztürk & Esin Banu Öztürk (AURA SONİC OFFİCİAL),048569fef95b967c7252debc0ffe566e5570f030d257a5bceb52dec91bc7b29f,09-08-26-NAIRO VELAN  -LO QUE APRENDISTE CONMIGO.wav,3:04,2026-08-11,2026-08-10,RADIO_ONLY
SIN ARREGLAR NADA,Nairo Velan,Aşkın Öztürk,Aşkın Öztürk,Esin Banu Öztürk,Aşkın Öztürk & Esin Banu Öztürk (AURA SONİC OFFİCİAL),f4ef7ebcb1f497fbeef22db5245e53af5ed4c284f7653eec57e6e44d1509efdc,09-08-26-NAIRO VELAN  -SIN ARREGLAR NADA.wav,2:35,2026-08-11,2026-08-10,RADIO_ONLY
CÓDIGO TROPICAL,Naxo Veyra,Aşkın Öztürk,Aşkın Öztürk,Esin Banu Öztürk,Aşkın Öztürk & Esin Banu Öztürk (AURA SONİC OFFİCİAL),11aadf679947abb8f70fbaa7da99bbd0621f1fd4d9c8089352bceef2dffab1eb,CÓDIGO TROPICAL (1).wav,7:59,2026-06-11,2026-08-08,RADIO_ONLY
Céu de Cobre,Naxo Veyra,Aşkın Öztürk,Aşkın Öztürk,Esin Banu Öztürk,Aşkın Öztürk & Esin Banu Öztürk (AURA SONİC OFFİCİAL),ef37309016e98f503f4f2d3faccdd62d396c3aa61bf8bc926aeb51c49f2fa5be,Céu de Cobre.wav,3:30,2026-06-11,2026-08-08,RADIO_ONLY
DAME UNA RAZÓN REAL,Naxo Veyra,Aşkın Öztürk,Aşkın Öztürk,Esin Banu Öztürk,Aşkın Öztürk & Esin Banu Öztürk (AURA SONİC OFFİCİAL),4210aebd5bfd919f821a339e483dc3af90603cff5ce3e7dbb9fbec33161242e3,clean_NAXO VEYRA — DAME UNA RAZÓN REAL.wav,2:54,2026-09-12,2026-09-12,RADIO_ONLY
Dale Fuego,Naxo Veyra,Aşkın Öztürk,Aşkın Öztürk,Esin Banu Öztürk,Aşkın Öztürk & Esin Banu Öztürk (AURA SONİC OFFİCİAL),4d8de887a8a688450dde85d55c789c0f8b12735b7ddfddea522dd627b5249326,sarki.wav,3:02,2026-06-12,2026-08-08,RADIO_ONLY
HASTA AQUÍ LLEGAMOS,Naxo Veyra,Aşkın Öztürk,Aşkın Öztürk,Esin Banu Öztürk,Aşkın Öztürk & Esin Banu Öztürk (AURA SONİC OFFİCİAL),8069c6c7f5fecd1e715aa55e6194bef9f73784a228e1c3b320910ad75ffab7c2,clean_NAXO VEYRA — HASTA AQUÍ LLEGAMOS.wav,3:21,2026-09-12,2026-09-12,RADIO_ONLY
MALIBÚ SIN FRENOS,Naxo Veyra,Aşkın Öztürk,Aşkın Öztürk,Esin Banu Öztürk,Aşkın Öztürk & Esin Banu Öztürk (AURA SONİC OFFİCİAL),8fee14fc0adf65bc7b84dae7244e0881042ff4c1046a90d6551b4a30e85d186a,MALIBÚ SIN FRENOS.wav,3:13,2026-06-11,2026-08-08,RADIO_ONLY
ME FUI SIN RUIDO,Naxo Veyra,Aşkın Öztürk,Aşkın Öztürk,Esin Banu Öztürk,Aşkın Öztürk & Esin Banu Öztürk (AURA SONİC OFFİCİAL),17c194820debec633c2cf906431aa7709a70449c3cf751e895aa4f3f9532cca0,clean_NAXO VEYRA — ME FUI SIN RUIDO.wav,3:27,2026-09-12,2026-09-12,RADIO_ONLY
ME QUEDO CON LO BUENO,Naxo Veyra,Aşkın Öztürk,Aşkın Öztürk,Esin Banu Öztürk,Aşkın Öztürk & Esin Banu Öztürk (AURA SONİC OFFİCİAL),674feffb5c5ee98f44d506a98d419f2a16dbeedb52b9d6650da4ba378beb19ec,clean_NAXO VEYRA — ME QUEDO CON LO BUENO.wav,3:02,2026-09-12,2026-09-12,RADIO_ONLY
NO BAJES LA VOZ,Naxo Veyra,Aşkın Öztürk,Aşkın Öztürk,Esin Banu Öztürk,Aşkın Öztürk & Esin Banu Öztürk (AURA SONİC OFFİCİAL),9199d0116909290a7591aa24f322b48398d7f484c4dd1a9a605dd7948893951d,clean_NAXO VEYRA — NO BAJES LA VOZ.wav,2:44,2026-09-12,2026-09-12,RADIO_ONLY
NO ME CAMBIES EL PASO,Naxo Veyra,Aşkın Öztürk,Aşkın Öztürk,Esin Banu Öztürk,Aşkın Öztürk & Esin Banu Öztürk (AURA SONİC OFFİCİAL),9a9ee41d1627716c150e23eacc0795ba8b9e44211caf63b5e60a1ac438675603,clean_NAXO VEYRA — NO ME CAMBIES EL PASO.wav,3:01,2026-09-12,2026-09-12,RADIO_ONLY
NO TODO SE ARREGLA,Naxo Veyra,Aşkın Öztürk,Aşkın Öztürk,Esin Banu Öztürk,Aşkın Öztürk & Esin Banu Öztürk (AURA SONİC OFFİCİAL),a333f36fe288e220f593976206392124734f82149c4a7a3db89f701ef930b0dd,clean_NAXO VEYRA — NO TODO SE ARREGLA.wav,3:07,2026-09-12,2026-09-12,RADIO_ONLY
Naxo Veyra-Dime si bajo,Naxo Veyra,Aşkın Öztürk,Aşkın Öztürk,Esin Banu Öztürk,Aşkın Öztürk & Esin Banu Öztürk (AURA SONİC OFFİCİAL),ac516519584fec627b6addec1e2cd218f0a999256d8b00757b8c659d5753a36f, clean_Naxo Veyra-Dime si bajo.mp3,3:31,2026-08-07,2026-08-08,RADIO_ONLY
OTRA VEZ NO,Naxo Veyra,Aşkın Öztürk,Aşkın Öztürk,Esin Banu Öztürk,Aşkın Öztürk & Esin Banu Öztürk (AURA SONİC OFFİCİAL),62d54fb5b6db5daebd8756f5cc95f08a0dd7f4f80922f1d235511ee3b4befe9c,clean_NAXO VEYRA — OTRA VEZ NO.wav,3:12,2026-09-12,2026-09-12,RADIO_ONLY
Rompe La Noche,Naxo Veyra,Aşkın Öztürk,Aşkın Öztürk,Esin Banu Öztürk,Aşkın Öztürk & Esin Banu Öztürk (AURA SONİC OFFİCİAL),a58478a2ec7309135ca83a7662ef4b75ab2cff29ae51a813440904b64b7cdbe7,sarki.wav,4:17,2026-06-12,2026-08-08,RADIO_ONLY
SE NOS FUE LA NOCHE,Naxo Veyra,Aşkın Öztürk,Aşkın Öztürk,Esin Banu Öztürk,Aşkın Öztürk & Esin Banu Öztürk (AURA SONİC OFFİCİAL),1d3ef6f5d269f8304b36cd214e13ffccc771592efc86ab36949625ececd344a8,clean_NAXO VEYRA — SE NOS FUE LA NOCHE.wav,3:06,2026-09-12,2026-09-12,RADIO_ONLY
"SI VAS A VENIR, VEN",Naxo Veyra,Aşkın Öztürk,Aşkın Öztürk,Esin Banu Öztürk,Aşkın Öztürk & Esin Banu Öztürk (AURA SONİC OFFİCİAL),6d0d0e3d9311462c09e020b71c47b7ec633ef260d854c77c66364ea0cb513224,"clean_NAXO VEYRA — SI VAS A VENIR, VEN.wav",2:55,2026-09-12,2026-09-12,RADIO_ONLY
VEYRA — CALLE FANTASMA,Naxo Veyra,Aşkın Öztürk,Aşkın Öztürk,Esin Banu Öztürk,Aşkın Öztürk & Esin Banu Öztürk (AURA SONİC OFFİCİAL),35245a20ea81986dd5e5d97583c0d20f58cae958f8548aae851cd14116341096,NAXO VEYRA — CALLE FANTASMA.wav,3:09,2026-08-13,2026-08-08,RADIO_ONLY
VEYRA — COPA OTRA VEZ,Naxo Veyra,Aşkın Öztürk,Aşkın Öztürk,Esin Banu Öztürk,Aşkın Öztürk & Esin Banu Öztürk (AURA SONİC OFFİCİAL),ac2c543d5789a4478c0081c9745d84e71e15939eff77ec27276ca428ac7e0cd5,NAXO VEYRA — COPA OTRA VEZ.wav,2:34,2026-08-14,2026-08-08,RADIO_ONLY
VEYRA — DALE MÁS,Naxo Veyra,Aşkın Öztürk,Aşkın Öztürk,Esin Banu Öztürk,Aşkın Öztürk & Esin Banu Öztürk (AURA SONİC OFFİCİAL),0ed933493bea9fb844b7213197469b294cdee3b047564b766faa8c435bab58c3,NAXO VEYRA — DALE MÁS.wav,2:44,2026-08-13,2026-08-08,RADIO_ONLY
VEYRA — DUEÑO DEL FUEGO,Naxo Veyra,Aşkın Öztürk,Aşkın Öztürk,Esin Banu Öztürk,Aşkın Öztürk & Esin Banu Öztürk (AURA SONİC OFFİCİAL),124598e5449df8ee142abe5fd922a2504a0eb8d1932179b164a39180464b3fdc,NAXO VEYRA — DUEÑO DEL FUEGO.wav,2:48,2026-08-13,2026-08-08,RADIO_ONLY
VEYRA — FUEGO CRIMINAL,Naxo Veyra,Aşkın Öztürk,Aşkın Öztürk,Esin Banu Öztürk,Aşkın Öztürk & Esin Banu Öztürk (AURA SONİC OFFİCİAL),e965c5713ce475ac78b3419a4f56dc63a196271c16decb512d7e6a25abe8ca3a,NAXO VEYRA — FUEGO CRIMINAL.wav,2:33,2026-08-13,2026-08-08,RADIO_ONLY
VEYRA — NO SUBAS ESO,Naxo Veyra,Aşkın Öztürk,Aşkın Öztürk,Esin Banu Öztürk,Aşkın Öztürk & Esin Banu Öztürk (AURA SONİC OFFİCİAL),ff43ad72596173f40900f625a23a13aba067b58dfb5ad3f7e51a2fc8e0d20a41,03-08-26-NAXO VEYRA — NO SUBAS ESO.wav,2:50,2026-08-11,2026-08-08,RADIO_ONLY
VEYRA — SE FUE EL BEAT,Naxo Veyra,Aşkın Öztürk,Aşkın Öztürk,Esin Banu Öztürk,Aşkın Öztürk & Esin Banu Öztürk (AURA SONİC OFFİCİAL),6d62a412aa493a8bb72e879bf27f7efb6c46b2622c27531f83befa715d2d7018,NAXO VEYRA — SE FUE EL BEAT.wav,2:54,2026-08-14,2026-08-08,RADIO_ONLY
VEYRA — SUBE SUBE,Naxo Veyra,Aşkın Öztürk,Aşkın Öztürk,Esin Banu Öztürk,Aşkın Öztürk & Esin Banu Öztürk (AURA SONİC OFFİCİAL),38977d517016aa73a249c9fbeb7128090d518d27e08b8814de448107ba23f76b,NAXO VEYRA — SUBE SUBE.mp3,3:04,2026-06-22,2026-08-08,RADIO_ONLY
VEYRA — VENENO,Naxo Veyra,Aşkın Öztürk,Aşkın Öztürk,Esin Banu Öztürk,Aşkın Öztürk & Esin Banu Öztürk (AURA SONİC OFFİCİAL),7816cb87515c62122061c980b48516a3cb65bf48712f8901b2f2b744d68da5ca,NAXO VEYRA — VENENO.wav,2:49,2026-08-13,2026-08-08,RADIO_ONLY
VEYRA — ÚLTIMA LLAMADA,Naxo Veyra,Aşkın Öztürk,Aşkın Öztürk,Esin Banu Öztürk,Aşkın Öztürk & Esin Banu Öztürk (AURA SONİC OFFİCİAL),df0119db73c769f70028fbefcb913acbe0cafd219909359acdfc228314a7a088,NAXO VEYRA — ÚLTIMA LLAMADA.wav,4:02,2026-08-13,2026-08-08,RADIO_ONLY
VEYRA —AFTER MIDNIGHT,Naxo Veyra,Aşkın Öztürk,Aşkın Öztürk,Esin Banu Öztürk,Aşkın Öztürk & Esin Banu Öztürk (AURA SONİC OFFİCİAL),674caaa85a8cb0661ce6b29857cb2372d1b094048ddf1cd67fe36f4204ffa882,NAXO VEYRA —AFTER MIDNIGHT.wav,2:39,2026-08-14,2026-08-08,RADIO_ONLY
VEYRA —DEL MUNDO,Naxo Veyra,Aşkın Öztürk,Aşkın Öztürk,Esin Banu Öztürk,Aşkın Öztürk & Esin Banu Öztürk (AURA SONİC OFFİCİAL),c6d10f54d3c014b4003faea582114012ab80ad42519d3ab9a423fc1df854c9b4,NAXO VEYRA —DEL MUNDO.wav,3:03,2026-08-14,2026-08-08,RADIO_ONLY
VEYRA —NO PARES,Naxo Veyra,Aşkın Öztürk,Aşkın Öztürk,Esin Banu Öztürk,Aşkın Öztürk & Esin Banu Öztürk (AURA SONİC OFFİCİAL),fc6caa642efded2123196d0935ccbe4436a116b88866daec20d22439163d9586,NAXO VEYRA —NO PARES.wav,3:16,2026-08-14,2026-08-08,RADIO_ONLY
VEYRA-CÓDIGO TROPICAL,Naxo Veyra,Aşkın Öztürk,Aşkın Öztürk,Esin Banu Öztürk,Aşkın Öztürk & Esin Banu Öztürk (AURA SONİC OFFİCİAL),e9f812050378a8212b8f654c7eff93806d5587991e30f4150def649a0f3a7f7f,NAXO VEYRA-CÓDIGO TROPICAL.wav,7:59,2026-08-11,2026-08-31,RADIO_ONLY
VEYRA-Céu de Cobre,Naxo Veyra,Aşkın Öztürk,Aşkın Öztürk,Esin Banu Öztürk,Aşkın Öztürk & Esin Banu Öztürk (AURA SONİC OFFİCİAL),c009c8a13562f9d49608dade00a533e9373cc748f4a5ab4ba8fd9c908bc4e426,NAXO VEYRA-Céu de Cobre.wav,3:30,2026-08-11,2026-08-31,RADIO_ONLY
VEYRA-MALIBÚ SIN FRENOS,Naxo Veyra,Aşkın Öztürk,Aşkın Öztürk,Esin Banu Öztürk,Aşkın Öztürk & Esin Banu Öztürk (AURA SONİC OFFİCİAL),b01794f88774fb9463488b656e4f7c156c84d003086c66e7b6658f9caaf04155,NAXO VEYRA-MALIBÚ SIN FRENOS.wav,3:13,2026-08-11,2026-08-31,RADIO_ONLY
Veyra - NO TE VOY A CONVENCER,Naxo Veyra,Aşkın Öztürk,Aşkın Öztürk,Esin Banu Öztürk,Aşkın Öztürk & Esin Banu Öztürk (AURA SONİC OFFİCİAL),88bb14d9e8a384778d5160daf28cc739c300598298aa30546ae64db0fe4abe29,09-08-26-Naxo Veyra - NO TE VOY A CONVENCER.wav,2:58,2026-08-11,2026-08-10,RADIO_ONLY
Veyra -CUANDO DEJAS DE INTENTAR,Naxo Veyra,Aşkın Öztürk,Aşkın Öztürk,Esin Banu Öztürk,Aşkın Öztürk & Esin Banu Öztürk (AURA SONİC OFFİCİAL),65a0abab242e88821e8080877ed5b1d4b22ce5c4eed024c7d6e93e12f4b00458,09-08-26-Naxo Veyra -CUANDO DEJAS DE INTENTAR.wav,3:39,2026-08-11,2026-08-10,RADIO_ONLY
Veyra -NO SABES DISIMULAR,Naxo Veyra,Aşkın Öztürk,Aşkın Öztürk,Esin Banu Öztürk,Aşkın Öztürk & Esin Banu Öztürk (AURA SONİC OFFİCİAL),4f1e1443a6a1f035b75e98986e86f72c955803eba3bdc61f06fd3b468527df21,09-08-26-Naxo Veyra -NO SABES DISIMULAR.wav,3:39,2026-08-11,2026-08-10,RADIO_ONLY
Veyra -QUE SALGA MAL,Naxo Veyra,Aşkın Öztürk,Aşkın Öztürk,Esin Banu Öztürk,Aşkın Öztürk & Esin Banu Öztürk (AURA SONİC OFFİCİAL),d76856e075bea52b5b884b145c42ef63b566209c2c4a609f19819c5b405d3388,09-08-26-Naxo Veyra -QUE SALGA MAL.wav,4:10,2026-08-11,2026-08-10,RADIO_ONLY
Veyra -UNO DE LOS DOS,Naxo Veyra,Aşkın Öztürk,Aşkın Öztürk,Esin Banu Öztürk,Aşkın Öztürk & Esin Banu Öztürk (AURA SONİC OFFİCİAL),633798334e75346265577cbac8baefe67a6397316ecc774d6c5f495d63ecea60,09-08-26-Naxo Veyra -UNO DE LOS DOS.wav,3:09,2026-08-11,2026-08-10,RADIO_ONLY
Veyra-Dime si bajo,Naxo Veyra,Aşkın Öztürk,Aşkın Öztürk,Esin Banu Öztürk,Aşkın Öztürk & Esin Banu Öztürk (AURA SONİC OFFİCİAL),a58e6d08d262e62e9594d877b227972e6c3daeebd91f7c0487afa4ac70720e33,Naxo Veyra-Dime si bajo.wav,3:31,2026-08-11,2026-08-31,RADIO_ONLY
🏅 NAXO VEYRA — SUBE SUBE,Naxo Veyra,Aşkın Öztürk,Aşkın Öztürk,Esin Banu Öztürk,Aşkın Öztürk & Esin Banu Öztürk (AURA SONİC OFFİCİAL),d8ebbc4181aa6ca0f7ae88eebe63ef7724209c489dc39610a8ce0c2a2ccacbc6,🏅 NAXO VEYRA — SUBE SUBE.wav,3:04,2026-08-14,2026-08-31,RADIO_ONLY
A FAVOR WITH STRINGS,Neil Daren,Aşkın Öztürk,Aşkın Öztürk,Esin Banu Öztürk,Aşkın Öztürk & Esin Banu Öztürk (AURA SONİC OFFİCİAL),187efa92f506dadf6059a7414640359396a069adaeeb7d734f465ae758cd913e,NEIL DAREN — A FAVOR WITH STRINGS.wav,3:29,2026-09-10,2026-09-10,RADIO_ONLY
BLOOD ON THE SPEAKERS,Neil Daren,Aşkın Öztürk,Aşkın Öztürk,Esin Banu Öztürk,Aşkın Öztürk & Esin Banu Öztürk (AURA SONİC OFFİCİAL),ecf473d638f5a6fb3874ed4c9b0ebb165b3f75a9e48888597f3b2382d245eccb,NEIL DAREN-BLOOD ON THE SPEAKERS.wav,3:48,2026-08-13,2026-08-08,RADIO_ONLY
COUNT ME OUT LOUD,Neil Daren,Aşkın Öztürk,Aşkın Öztürk,Esin Banu Öztürk,Aşkın Öztürk & Esin Banu Öztürk (AURA SONİC OFFİCİAL),483ff11a9c6725ddb9dae9adf25d1faba2a0b2dc41a452e1501c155af412c685, clean_30-08-26-Neil Daren-COUNT ME OUT LOUD.mp3,5:04,2026-08-30,2026-08-31,RADIO_ONLY
GOOD ENOUGH TO LEAVE ALONE,Neil Daren,Aşkın Öztürk,Aşkın Öztürk,Esin Banu Öztürk,Aşkın Öztürk & Esin Banu Öztürk (AURA SONİC OFFİCİAL),9d1a0aecd197b932d1cb801e9e3ab9397f692f8928e599f8572831f4646d3d34,NEIL DAREN — GOOD ENOUGH TO LEAVE ALONE.wav,3:18,2026-09-10,2026-09-10,RADIO_ONLY
I CHANGED MY MIND,Neil Daren,Aşkın Öztürk,Aşkın Öztürk,Esin Banu Öztürk,Aşkın Öztürk & Esin Banu Öztürk (AURA SONİC OFFİCİAL),95ffd79d7e748b738bccd14fdb21863fe5e3a8a038b83e7a189ec507ef958414,NEIL DAREN — I CHANGED MY MIND.wav,3:18,2026-09-10,2026-09-10,RADIO_ONLY
I Watched My Life Go By,Neil Daren,Aşkın Öztürk,Aşkın Öztürk,Esin Banu Öztürk,Aşkın Öztürk & Esin Banu Öztürk (AURA SONİC OFFİCİAL),d3c67eb7b2f5685ec24f92fbd1eb30623f1cc3c25cad8376991b8d430c4f28da,Neil Daren - I Watched My Life Go By.mp3,3:39,2026-07-11,2026-08-08,RADIO_ONLY
KEEP YOUR GOOD ADVICE,Neil Daren,Aşkın Öztürk,Aşkın Öztürk,Esin Banu Öztürk,Aşkın Öztürk & Esin Banu Öztürk (AURA SONİC OFFİCİAL),fab5c61963aae42ce96ffd9a640accca8f03dc459db4dabefc2358ca38bebaa8,NEIL DAREN — KEEP YOUR GOOD ADVICE.wav,3:28,2026-09-10,2026-09-10,RADIO_ONLY
LAST SET AT KELLERS,Neil Daren,Aşkın Öztürk,Aşkın Öztürk,Esin Banu Öztürk,Aşkın Öztürk & Esin Banu Öztürk (AURA SONİC OFFİCİAL),88176423c3557e8de8285a765f78a9a0e1ceb10ae4a7a545fc33611712f51a4f, clean_30-08-26-Neil Daren-LAST SET AT KELLERS.mp3,5:24,2026-08-30,2026-08-31,RADIO_ONLY
Leave the engine running,Neil Daren,Aşkın Öztürk,Aşkın Öztürk,Esin Banu Öztürk,Aşkın Öztürk & Esin Banu Öztürk (AURA SONİC OFFİCİAL),3a4816d5ef9f77a808a8e6ad8b0b91e74a334d620518b30911192bed44f4c9d2,03-08-26-Neil Daren- Leave the engine running.mp3,4:06,2026-08-04,2026-08-08,RADIO_ONLY
Let the Number Ring,Neil Daren,Aşkın Öztürk,Aşkın Öztürk,Esin Banu Öztürk,Aşkın Öztürk & Esin Banu Öztürk (AURA SONİC OFFİCİAL),28a335fd37b8acdcedd2cb3acfdf17ccc28b676d9ef950164a3e79532415dfe9,Neil Daren - Let the Number Ring.mp3,3:34,2026-07-11,2026-08-08,RADIO_ONLY
MORE OF THIS LIFE,Neil Daren,Aşkın Öztürk,Aşkın Öztürk,Esin Banu Öztürk,Aşkın Öztürk & Esin Banu Öztürk (AURA SONİC OFFİCİAL),ffdbf587a916963683f8ac73f630a1d9381896e391600ab7d93b5c81d1f38c2f,Neil Daren -MORE OF THIS LIFE.wav,4:14,2026-08-11,2026-08-31,RADIO_ONLY
NO NEED TO DEFEND IT,Neil Daren,Aşkın Öztürk,Aşkın Öztürk,Esin Banu Öztürk,Aşkın Öztürk & Esin Banu Öztürk (AURA SONİC OFFİCİAL),c9788aae696f15d06fd35b49da3af1ede4bf5da0c1c6a69928c7589c53b01e5f,NEIL DAREN — NO NEED TO DEFEND IT.wav,3:24,2026-09-10,2026-09-10,RADIO_ONLY
Neil Daren -MORE OF THIS LIFE,Neil Daren,Aşkın Öztürk,Aşkın Öztürk,Esin Banu Öztürk,Aşkın Öztürk & Esin Banu Öztürk (AURA SONİC OFFİCİAL),7aacd39bfcd5016e6acef01855ce63dd5f96f44bbe07e41a59a8af8a9ffb32d0, clean_Neil Daren -MORE OF THIS LIFE.mp3,4:14,2026-08-08,2026-08-08,RADIO_ONLY
Neil Daren -THE YEARS NOBODY SINGS ABOUT,Neil Daren,Aşkın Öztürk,Aşkın Öztürk,Esin Banu Öztürk,Aşkın Öztürk & Esin Banu Öztürk (AURA SONİC OFFİCİAL),00a1629e785f344c9bb401d7ebe146ecd525d6926c84f1ebab6bf789a86c4dec, clean_Neil Daren -THE YEARS NOBODY SINGS ABOUT.mp3,3:54,2026-08-08,2026-08-08,RADIO_ONLY
Neil Daren -WHAT REMAINS,Neil Daren,Aşkın Öztürk,Aşkın Öztürk,Esin Banu Öztürk,Aşkın Öztürk & Esin Banu Öztürk (AURA SONİC OFFİCİAL),7f747f18425d094aaf2025909992050e3d06d1274457c0e08c1a2c8dce4f3f5e, clean_Neil Daren -WHAT REMAINS.mp3,4:22,2026-08-08,2026-08-08,RADIO_ONLY
Neil Daren -WHEN THE WORLD KEPT GOING,Neil Daren,Aşkın Öztürk,Aşkın Öztürk,Esin Banu Öztürk,Aşkın Öztürk & Esin Banu Öztürk (AURA SONİC OFFİCİAL),a0c25b7080c15243ff951d8cf7efc89d908dca28ae631f0ae50fa120427d5634, clean_Neil Daren -WHEN THE WORLD KEPT GOING.mp3,4:10,2026-08-08,2026-08-08,RADIO_ONLY
Neil Daren -YOU DONT HAVE TO BE STRONG HERE,Neil Daren,Aşkın Öztürk,Aşkın Öztürk,Esin Banu Öztürk,Aşkın Öztürk & Esin Banu Öztürk (AURA SONİC OFFİCİAL),6d6d44c033a0c4e825e36e225d30eabb69a12f6746e0cf4b5f6248b9b9ba395d, clean_Neil Daren -YOU DONT HAVE TO BE STRONG HERE.mp3,4:09,2026-08-08,2026-08-08,RADIO_ONLY
Neil Daren– MORE THAN ONCE,Neil Daren,Aşkın Öztürk,Aşkın Öztürk,Esin Banu Öztürk,Aşkın Öztürk & Esin Banu Öztürk (AURA SONİC OFFİCİAL),8562e4fc0a19d5f3dbb7b2249ddbcb28858b587af3f72bea632053b45cb77268,Neil Daren– MORE THAN ONCE.wav,5:25,2026-08-11,2026-08-08,RADIO_ONLY
Nobody claps at midnight,Neil Daren,Aşkın Öztürk,Aşkın Öztürk,Esin Banu Öztürk,Aşkın Öztürk & Esin Banu Öztürk (AURA SONİC OFFİCİAL),cf8e02a5b9e7bb808766a0480ce09ef7174158f1d231b7f2648b81ee1e49e22f,03-08-26-Neil Daren- Nobody claps at midnight.mp3,4:39,2026-08-04,2026-08-08,RADIO_ONLY
ONE MINUTE FROM GONE,Neil Daren,Aşkın Öztürk,Aşkın Öztürk,Esin Banu Öztürk,Aşkın Öztürk & Esin Banu Öztürk (AURA SONİC OFFİCİAL),02b47d274820d75e26c57baffe61d025b066302f0a239f57ffe3ccaae024b879,03-08-26-Neil Daren- ONE MINUTE FROM GONE.mp3,3:34,2026-08-04,2026-08-08,RADIO_ONLY
One life no rehearsal,Neil Daren,Aşkın Öztürk,Aşkın Öztürk,Esin Banu Öztürk,Aşkın Öztürk & Esin Banu Öztürk (AURA SONİC OFFİCİAL),7829371268d32d75b564034a38cd81d91f46fb396b9521b4f776c57f1ef7db62,03-08-26-Neil Daren- One life no rehearsal.mp3,3:54,2026-08-04,2026-08-08,RADIO_ONLY
SECONDHAND COURAGE,Neil Daren,Aşkın Öztürk,Aşkın Öztürk,Esin Banu Öztürk,Aşkın Öztürk & Esin Banu Öztürk (AURA SONİC OFFİCİAL),1fbadca84a3b089c0b4544a93f941d9888840faa0cca1a51f429ddbd2d718ff5,NEIL DAREN — SECONDHAND COURAGE.wav,3:43,2026-09-10,2026-09-10,RADIO_ONLY
SMALLER THAN THE FEAR,Neil Daren,Aşkın Öztürk,Aşkın Öztürk,Esin Banu Öztürk,Aşkın Öztürk & Esin Banu Öztürk (AURA SONİC OFFİCİAL),d73cb93e95150ffb7f058ddeb2ea05e6040be956160064e9853ebb85bebde8fe,NEIL DAREN — SMALLER THAN THE FEAR.wav,3:17,2026-09-10,2026-09-10,RADIO_ONLY
STILL LOUD,Neil Daren,Aşkın Öztürk,Aşkın Öztürk,Esin Banu Öztürk,Aşkın Öztürk & Esin Banu Öztürk (AURA SONİC OFFİCİAL),a5cf66c5a2889402d18f0d22b5ebe1b8528153fafcef9d26300c8d98b36a94b7,NEIL DAREN-STILL LOUD.wav,3:44,2026-08-13,2026-08-08,RADIO_ONLY
THE ARGUMENT I WON,Neil Daren,Aşkın Öztürk,Aşkın Öztürk,Esin Banu Öztürk,Aşkın Öztürk & Esin Banu Öztürk (AURA SONİC OFFİCİAL),87b866de2328f232464eac4c8b00167056de20a5c39b3d05956eec43e35d29ed,NEIL DAREN — THE ARGUMENT I WON.wav,3:04,2026-09-10,2026-09-10,RADIO_ONLY
THE LAST HONEST MAN,Neil Daren,Aşkın Öztürk,Aşkın Öztürk,Esin Banu Öztürk,Aşkın Öztürk & Esin Banu Öztürk (AURA SONİC OFFİCİAL),d5f20ea4698abefcdcd3edbac501dc905c559c2f4b3cac57ff62dcbd8dbd0330,03-08-26-Neil Daren- THE LAST HONEST MAN.mp3,4:39,2026-08-04,2026-08-08,RADIO_ONLY
THE MAN WHO STAYED,Neil Daren,Aşkın Öztürk,Aşkın Öztürk,Esin Banu Öztürk,Aşkın Öztürk & Esin Banu Öztürk (AURA SONİC OFFİCİAL),e67aa8fe61afe6ca45da3c9d8f5032f46caead38a50f6eff4279e4d2c42dabab,NEIL DAREN-THE MAN WHO STAYED.wav,4:47,2026-08-13,2026-08-08,RADIO_ONLY
THE MAN WHO STAYED MASTER,Neil Daren,Aşkın Öztürk,Aşkın Öztürk,Esin Banu Öztürk,Aşkın Öztürk & Esin Banu Öztürk (AURA SONİC OFFİCİAL),1a5e69ead1686329e3b19f9bc49d9529b35864d6317eb9101bd6329e4174a9e8,NEIL DAREN-THE MAN WHO STAYED_MASTER.wav,4:47,2026-08-06,2026-08-08,RADIO_ONLY
THE STANDARD MOVED,Neil Daren,Aşkın Öztürk,Aşkın Öztürk,Esin Banu Öztürk,Aşkın Öztürk & Esin Banu Öztürk (AURA SONİC OFFİCİAL),0a67c259ffa1e9fee93a9fe1148679bc6448b1945d3cb4b38927c95e06144fd0,NEIL DAREN — THE STANDARD MOVED.wav,3:18,2026-09-10,2026-09-10,RADIO_ONLY
THE YEARS NOBODY SINGS ABOUT,Neil Daren,Aşkın Öztürk,Aşkın Öztürk,Esin Banu Öztürk,Aşkın Öztürk & Esin Banu Öztürk (AURA SONİC OFFİCİAL),f5fdcb3e346bd57b0fb027ebfe1989ee5bfc782ab48a614a26544ae167bdc8ef,Neil Daren -THE YEARS NOBODY SINGS ABOUT.wav,3:54,2026-08-11,2026-08-31,RADIO_ONLY
WHAT REMAINS,Neil Daren,Aşkın Öztürk,Aşkın Öztürk,Esin Banu Öztürk,Aşkın Öztürk & Esin Banu Öztürk (AURA SONİC OFFİCİAL),b452b6838e6c1e299a1453bf3afff959b6a25ecf7618b0753442873fd64f3901,Neil Daren -WHAT REMAINS.wav,4:22,2026-08-11,2026-08-31,RADIO_ONLY
WHEN EASY FELT WRONG,Neil Daren,Aşkın Öztürk,Aşkın Öztürk,Esin Banu Öztürk,Aşkın Öztürk & Esin Banu Öztürk (AURA SONİC OFFİCİAL),c97b9c290f1ae50de21fe7dd19b2d828b0596eb611c77dd74f920c5f269018f5,NEIL DAREN — WHEN EASY FELT WRONG.wav,3:43,2026-09-10,2026-09-10,RADIO_ONLY
WHEN I PUT IT DOWN,Neil Daren,Aşkın Öztürk,Aşkın Öztürk,Esin Banu Öztürk,Aşkın Öztürk & Esin Banu Öztürk (AURA SONİC OFFİCİAL),388bc7c24403c0bd4bc164a138de32199872c5a9bff5930f7918d6dc3542e636,clean_06-09-26-NEIL DAREN — WHEN I PUT IT DOWN.wav,3:02,2026-09-06,2026-09-06,RADIO_ONLY
WHEN THE LIGHTS LEFT,Neil Daren,Aşkın Öztürk,Aşkın Öztürk,Esin Banu Öztürk,Aşkın Öztürk & Esin Banu Öztürk (AURA SONİC OFFİCİAL),b60b94acdadd3868e7a81fecc9d07e5c4cdde0fec95b7c9b754b99696adadf82,NEIL DAREN-WHEN THE LIGHTS LEFT.wav,3:31,2026-08-13,2026-08-08,RADIO_ONLY
WHEN THE WORLD KEPT GOING,Neil Daren,Aşkın Öztürk,Aşkın Öztürk,Esin Banu Öztürk,Aşkın Öztürk & Esin Banu Öztürk (AURA SONİC OFFİCİAL),e2f98e84ce9db35d73d801f5dd5787f598eb2ea771e8ede6bac3eeca9ed5ad80,Neil Daren -WHEN THE WORLD KEPT GOING.wav,4:10,2026-08-11,2026-08-31,RADIO_ONLY
WRONG YEAR,Neil Daren,Aşkın Öztürk,Aşkın Öztürk,Esin Banu Öztürk,Aşkın Öztürk & Esin Banu Öztürk (AURA SONİC OFFİCİAL),52580423d6c4284147ed88bd559671476180b59a76abffe88cb03f6900bb4191,clean_06-09-26-NEIL DAREN — WHRONG YEAR.wav,2:59,2026-09-06,2026-09-06,RADIO_ONLY
We Dont Bend Now,Neil Daren,Aşkın Öztürk,Aşkın Öztürk,Esin Banu Öztürk,Aşkın Öztürk & Esin Banu Öztürk (AURA SONİC OFFİCİAL),0aba8e926d01d90752da60e709da84815e6a21f6f8ff212ede2f909151b00db8,NEİL DAREN--We Dont Bend Now.mp3,3:43,2026-07-10,2026-08-08,RADIO_ONLY
YOU DON'T HAVE TO BE STRONG HERE,Neil Daren,Aşkın Öztürk,Aşkın Öztürk,Esin Banu Öztürk,Aşkın Öztürk & Esin Banu Öztürk (AURA SONİC OFFİCİAL),1c1e527532bf70cd55f8d20c1c9b4d8e101396e4a399ce31adc80ccc127e42a5,Neil Daren -YOU DON'T HAVE TO BE STRONG HERE.wav,4:09,2026-08-11,2026-08-31,RADIO_ONLY
— ASHES DON'T LIE,Neil Daren,Aşkın Öztürk,Aşkın Öztürk,Esin Banu Öztürk,Aşkın Öztürk & Esin Banu Öztürk (AURA SONİC OFFİCİAL),9ffc6d34f1789f2a0e2771e9cc43f84a439d42676cfb5b3e82799a8aad1cfa5d,NEIL DAREN — ASHES DON'T LIE.wav,4:04,2026-08-13,2026-08-08,RADIO_ONLY
— BLACK OCEAN SKY,Neil Daren,Aşkın Öztürk,Aşkın Öztürk,Esin Banu Öztürk,Aşkın Öztürk & Esin Banu Öztürk (AURA SONİC OFFİCİAL),de1c834fb6b9637081c41bf87bd96f253f7374ed0fa0820a8965bc16d24c7807,NEIL DAREN — BLACK OCEAN SKY.wav,3:35,2026-08-13,2026-08-08,RADIO_ONLY
— BROKEN SAINTS,Neil Daren,Aşkın Öztürk,Aşkın Öztürk,Esin Banu Öztürk,Aşkın Öztürk & Esin Banu Öztürk (AURA SONİC OFFİCİAL),5e8531cb5ac128c887e1c1c4e7508f6a797bb63cfdf50fc6ed7b92ac1dc60bbe,NEIL DAREN — BROKEN SAINTS.wav,3:47,2026-08-13,2026-08-08,RADIO_ONLY
— CAN'T STOP THE NIGHT,Neil Daren,Aşkın Öztürk,Aşkın Öztürk,Esin Banu Öztürk,Aşkın Öztürk & Esin Banu Öztürk (AURA SONİC OFFİCİAL),13a4dbcd00a273d64afdf0ecfc6ac7c6379152e67f7ddfbadf5b1645f3a84bc6,Neil Daren — CAN'T STOP THE NIGHT.wav,3:59,2026-08-13,2026-08-08,RADIO_ONLY
— LAST MAN STANDING,Neil Daren,Aşkın Öztürk,Aşkın Öztürk,Esin Banu Öztürk,Aşkın Öztürk & Esin Banu Öztürk (AURA SONİC OFFİCİAL),d05fe1ea30fa2309940205403d3326a47c8601ccde915a97e5698c8339d22133,NEIL DAREN — LAST MAN STANDING.wav,3:54,2026-08-13,2026-08-08,RADIO_ONLY
— LOSE CONTROL TONIGHT,Neil Daren,Aşkın Öztürk,Aşkın Öztürk,Esin Banu Öztürk,Aşkın Öztürk & Esin Banu Öztürk (AURA SONİC OFFİCİAL),5d35b4c95a74b32b322f3057d4675bb35570d471c1f15f172b91913cb3f8b5eb,NEIL DAREN — LOSE CONTROL TONIGHT.wav,4:44,2026-08-13,2026-08-08,RADIO_ONLY
— MIDNIGHT FEVER,Neil Daren,Aşkın Öztürk,Aşkın Öztürk,Esin Banu Öztürk,Aşkın Öztürk & Esin Banu Öztürk (AURA SONİC OFFİCİAL),0e599ac6027bc25dff86d13a0e0197dd1020294764ac791002868937466e1682,NEIL DAREN — MIDNIGHT FEVER.wav,3:38,2026-08-13,2026-08-08,RADIO_ONLY
— MIDNIGHT REBELLION,Neil Daren,Aşkın Öztürk,Aşkın Öztürk,Esin Banu Öztürk,Aşkın Öztürk & Esin Banu Öztürk (AURA SONİC OFFİCİAL),55557511248b741866f7121851f100ceeb4da244a107e7008dfaaa19bb3df957,NEIL DAREN — MIDNIGHT REBELLION.wav,3:29,2026-07-10,2026-08-08,RADIO_ONLY
— NOTHING BROKE ME,Neil Daren,Aşkın Öztürk,Aşkın Öztürk,Esin Banu Öztürk,Aşkın Öztürk & Esin Banu Öztürk (AURA SONİC OFFİCİAL),2e73a0a546a6e69f12ae9f67575a65c30bf591604d4052d201818f3b7998242e,NEIL DAREN — NOTHING BROKE ME.wav,3:04,2026-08-14,2026-08-08,RADIO_ONLY
— ONE MORE ROUND,Neil Daren,Aşkın Öztürk,Aşkın Öztürk,Esin Banu Öztürk,Aşkın Öztürk & Esin Banu Öztürk (AURA SONİC OFFİCİAL),4ea44b2517b3a367caa037db2af8f4c4e28e654934775846787c08e576917a65,NEIL DAREN — ONE MORE ROUND.wav,4:49,2026-08-13,2026-08-08,RADIO_ONLY
— THE ROAD REMEMBERS,Neil Daren,Aşkın Öztürk,Aşkın Öztürk,Esin Banu Öztürk,Aşkın Öztürk & Esin Banu Öztürk (AURA SONİC OFFİCİAL),1dc7f0c5b6349fa91f985eb68def5df832b0558c0ddf5d950617ae8976d826b8,NEIL DAREN — THE ROAD REMEMBERS.wav,4:54,2026-08-13,2026-08-08,RADIO_ONLY
— THE SKY ISN'T FALLING,Neil Daren,Aşkın Öztürk,Aşkın Öztürk,Esin Banu Öztürk,Aşkın Öztürk & Esin Banu Öztürk (AURA SONİC OFFİCİAL),ea65340bb8f0d476758440b1dfc0b0c0e9dbb2b9368abfa458def7e3c860bc32,NEIL DAREN — THE SKY ISN'T FALLING.wav,3:19,2026-08-14,2026-08-08,RADIO_ONLY
— WHO I BECAME,Neil Daren,Aşkın Öztürk,Aşkın Öztürk,Esin Banu Öztürk,Aşkın Öztürk & Esin Banu Öztürk (AURA SONİC OFFİCİAL),ed05374f28b09bb9a8c2e375a379c7299e880123c68a0487f85554836fdb8746,NEİL DAREN — WHO I BECAME.wav,3:24,2026-07-10,2026-08-08,RADIO_ONLY
— WOLVES OF THE STATIC,Neil Daren,Aşkın Öztürk,Aşkın Öztürk,Esin Banu Öztürk,Aşkın Öztürk & Esin Banu Öztürk (AURA SONİC OFFİCİAL),96daf628ff0865de3d8a0752e9b3666f1076043c21f84682e8aa61cc4f3f7af8,NEIL DAREN — WOLVES OF THE STATIC.wav,4:25,2026-08-13,2026-08-08,RADIO_ONLY
EVİN SƏSİ DƏYİŞİR,Nezir Karaduman,Aşkın Öztürk,Aşkın Öztürk,Esin Banu Öztürk,Aşkın Öztürk & Esin Banu Öztürk (AURA SONİC OFFİCİAL),a1e0f7c08b9865d57b23022647cf663ccac1cdac4dae05e1ed166e867dd21c06,NEZİR KARADUMAN - EVİN SƏSİ DƏYİŞİR.mp3,4:11,2026-07-18,2026-08-08,RADIO_ONLY
SƏNİNLƏ SAATLAR DÜZ GETMİR,Nezir Karaduman,Aşkın Öztürk,Aşkın Öztürk,Esin Banu Öztürk,Aşkın Öztürk & Esin Banu Öztürk (AURA SONİC OFFİCİAL),9151b7fd07e8baa7c85b132d7ba113536705a731129c3a89181a0ebe662da643,NEZİR KARADUMAN - SƏNİNLƏ SAATLAR DÜZ GETMİR.mp3,5:39,2026-07-18,2026-08-08,RADIO_ONLY
BELONG WITHOUT LOSING ME,Nyra Vex,Aşkın Öztürk,Aşkın Öztürk,Esin Banu Öztürk,Aşkın Öztürk & Esin Banu Öztürk (AURA SONİC OFFİCİAL),d6ac5766d9c16b8dbcb9a4908ca2ea43cff4443e18688e32f285e3291471a9d2,Nyra Vex  -BELONG WITHOUT LOSING ME.wav,3:12,2026-08-11,2026-08-31,RADIO_ONLY
Nyra Vex -BELONG WITHOUT LOSING ME,Nyra Vex,Aşkın Öztürk,Aşkın Öztürk,Esin Banu Öztürk,Aşkın Öztürk & Esin Banu Öztürk (AURA SONİC OFFİCİAL),cf7fd96bcce02508d14cbb4ee3cb55c3fd04b4e1a178ed2f4c122c4d7b81fa41, clean_Nyra Vex -BELONG WITHOUT LOSING ME.mp3,3:11,2026-08-08,2026-08-08,RADIO_ONLY
Nyra Vex -ONLY WHEN SOMETHING IS WRONG,Nyra Vex,Aşkın Öztürk,Aşkın Öztürk,Esin Banu Öztürk,Aşkın Öztürk & Esin Banu Öztürk (AURA SONİC OFFİCİAL),00de7e629a69cb57802b7d85fd77eb6e1db03699fa63076b61694800a664ce72, clean_Nyra Vex -ONLY WHEN SOMETHING IS WRONG.mp3,3:18,2026-08-08,2026-08-08,RADIO_ONLY
Nyra Vex -PROUD AND AFRAID,Nyra Vex,Aşkın Öztürk,Aşkın Öztürk,Esin Banu Öztürk,Aşkın Öztürk & Esin Banu Öztürk (AURA SONİC OFFİCİAL),bed009ef1ce5c869def85a1221b76f923dcc0fdce5c3cf01264fef0b69cafb68, clean_Nyra Vex -PROUD AND AFRAID.mp3,3:06,2026-08-08,2026-08-08,RADIO_ONLY
Nyra Vex -THE PART OF YOU THAT LOVES ME,Nyra Vex,Aşkın Öztürk,Aşkın Öztürk,Esin Banu Öztürk,Aşkın Öztürk & Esin Banu Öztürk (AURA SONİC OFFİCİAL),ec30d2a66e76b0e57df30dcd5892d8c2336069fb82112499f07ac5179786d14e, clean_Nyra Vex -THE PART OF YOU THAT LOVES ME.mp3,3:28,2026-08-08,2026-08-08,RADIO_ONLY
Nyra Vex -TOO AFRAID TO SAY NO,Nyra Vex,Aşkın Öztürk,Aşkın Öztürk,Esin Banu Öztürk,Aşkın Öztürk & Esin Banu Öztürk (AURA SONİC OFFİCİAL),ba0eeafb50db6ca7caf4d576728f6d30fa3822fa872fa145753728b27a6f6fd1, clean_Nyra Vex -TOO AFRAID TO SAY NO.mp3,3:29,2026-08-08,2026-08-08,RADIO_ONLY
ONLY WHEN SOMETHING IS WRONG,Nyra Vex,Aşkın Öztürk,Aşkın Öztürk,Esin Banu Öztürk,Aşkın Öztürk & Esin Banu Öztürk (AURA SONİC OFFİCİAL),42f482cc306fa27db818bedeb1cf2af6931e7a94d27f4de235ab282a77da2261,Nyra Vex  -ONLY WHEN SOMETHING IS WRONG.wav,3:18,2026-08-11,2026-08-31,RADIO_ONLY
PROUD AND AFRAID,Nyra Vex,Aşkın Öztürk,Aşkın Öztürk,Esin Banu Öztürk,Aşkın Öztürk & Esin Banu Öztürk (AURA SONİC OFFİCİAL),f8b3c05fa331e8c7b367125101484017615444794f53b350879a6ccac54b5a90,Nyra Vex  -PROUD AND AFRAID.wav,3:06,2026-08-11,2026-08-31,RADIO_ONLY
THE PART OF YOU THAT LOVES ME,Nyra Vex,Aşkın Öztürk,Aşkın Öztürk,Esin Banu Öztürk,Aşkın Öztürk & Esin Banu Öztürk (AURA SONİC OFFİCİAL),c1731ef80c566a63eb32d8dc14feb30a8d7f1ded5f02d62f9c77ff95b0b72df1,Nyra Vex  -THE PART OF YOU THAT LOVES ME.wav,3:28,2026-08-11,2026-08-31,RADIO_ONLY
TOO AFRAID TO SAY NO,Nyra Vex,Aşkın Öztürk,Aşkın Öztürk,Esin Banu Öztürk,Aşkın Öztürk & Esin Banu Öztürk (AURA SONİC OFFİCİAL),4266af8c9002405a1636abfb72442c6b26566a29e6d66d87f0a72f31509f03e1,Nyra Vex  -TOO AFRAID TO SAY NO.wav,3:29,2026-08-11,2026-08-31,RADIO_ONLY
AŞKINA YAZIK,Selami Devran,Aşkın Öztürk,Aşkın Öztürk,Esin Banu Öztürk,Aşkın Öztürk & Esin Banu Öztürk (AURA SONİC OFFİCİAL),12eea573dd24034d19c907de4be84d2cd9116f48cbae69b8115deddd692a904f,Selami Devran — AŞKINA YAZIK.wav,5:06,2026-09-14,2026-09-14,RADIO_ONLY
BENİ DE YAK,Selami Devran,Aşkın Öztürk,Aşkın Öztürk,Esin Banu Öztürk,Aşkın Öztürk & Esin Banu Öztürk (AURA SONİC OFFİCİAL),453c86e58ceefeb40c6d0a243680ce0347a4bb7e1d7595ee7ad64daac28e258f,Selami Devran — BENİ DE YAK.wav,5:18,2026-09-14,2026-09-14,RADIO_ONLY
BENİ SEN BİTİR,Selami Devran,Aşkın Öztürk,Aşkın Öztürk,Esin Banu Öztürk,Aşkın Öztürk & Esin Banu Öztürk (AURA SONİC OFFİCİAL),1f6e8c5227b3b0b34065024518719b3661ddba01d1616715554d0da7ab71ce2c,Selami Devran — BENİ SEN BİTİR.wav,5:39,2026-09-14,2026-09-14,RADIO_ONLY
BENİ UNUTMA,Selami Devran,Aşkın Öztürk,Aşkın Öztürk,Esin Banu Öztürk,Aşkın Öztürk & Esin Banu Öztürk (AURA SONİC OFFİCİAL),06df639d808b1889ee35ee28e37c80fa3764e5182f1c973f6e5a6f86a8a71547,Selami Devran — BENİ UNUTMA.wav,5:12,2026-09-14,2026-09-14,RADIO_ONLY
CANIMI ACIT,Selami Devran,Aşkın Öztürk,Aşkın Öztürk,Esin Banu Öztürk,Aşkın Öztürk & Esin Banu Öztürk (AURA SONİC OFFİCİAL),efde7e215807751a543df8662d9794baea29a8e26b9d6654dbded4fcc9c38d19,Selami Devran — CANIMI ACIT.wav,4:51,2026-09-14,2026-09-14,RADIO_ONLY
GÜNAHIN BENİM,Selami Devran,Aşkın Öztürk,Aşkın Öztürk,Esin Banu Öztürk,Aşkın Öztürk & Esin Banu Öztürk (AURA SONİC OFFİCİAL),c9175b2ad9d6584d7d3cc9666398450612a4062eef99f6bb28b7d48316ea283b,Selami Devran — GÜNAHIN BENİM.wav,4:42,2026-09-14,2026-09-14,RADIO_ONLY
SONUMU GÖR,Selami Devran,Aşkın Öztürk,Aşkın Öztürk,Esin Banu Öztürk,Aşkın Öztürk & Esin Banu Öztürk (AURA SONİC OFFİCİAL),8f38aee9d3a0205e4d803bc45c0c55bf3bf39787e5067ecc5e82b9f3573c9cde,Selami Devran — SONUMU GÖR.wav,5:28,2026-09-14,2026-09-14,RADIO_ONLY
YANDIM YETMEDİ,Selami Devran,Aşkın Öztürk,Aşkın Öztürk,Esin Banu Öztürk,Aşkın Öztürk & Esin Banu Öztürk (AURA SONİC OFFİCİAL),1be97ef66b23b4874bd3ea6c8c4699fb8aa49b5e5236c1d74ce3e8953261af9b,Selami Devran — YANDIM YETMEDİ.wav,4:39,2026-09-14,2026-09-14,RADIO_ONLY
YÜZÜME BAK,Selami Devran,Aşkın Öztürk,Aşkın Öztürk,Esin Banu Öztürk,Aşkın Öztürk & Esin Banu Öztürk (AURA SONİC OFFİCİAL),1a06f0c78667b7bb687c970332091b6f1158e1f7ed9098ab6cd116313adaaf85,Selami Devran — YÜZÜME BAK.wav,4:56,2026-09-14,2026-09-14,RADIO_ONLY
selami devran-geceler sensiz,Selami Devran,Aşkın Öztürk,Aşkın Öztürk,Esin Banu Öztürk,Aşkın Öztürk & Esin Banu Öztürk (AURA SONİC OFFİCİAL),5bdeeb8931f170929f4028e965b672dc08abccab541bac93139c4065e6fe016a, clean_selami devran-geceler sensiz.mp3,4:24,2026-07-22,2026-08-08,RADIO_ONLY
BENİ BİTMİŞ SAYMA,Seray Şanlı,Aşkın Öztürk,Aşkın Öztürk,Esin Banu Öztürk,Aşkın Öztürk & Esin Banu Öztürk (AURA SONİC OFFİCİAL),1746db63d882f64ff0423799b9558161d28a663a6d56ff0b3d02ff28e048ac0b,SERAY ŞANLI-BENİ BİTMİŞ SAYMA.mp3,4:29,2026-07-20,2026-08-08,RADIO_ONLY
Bende Kalan,Seray Şanlı,Aşkın Öztürk,Aşkın Öztürk,Esin Banu Öztürk,Aşkın Öztürk & Esin Banu Öztürk (AURA SONİC OFFİCİAL),b0ae10edd0b5396446d7b5e25e4ca93fe13f872d6abaccecb80fda622ae435ca,Seray Şanlı - Bende Kalan.mp3,3:36,2026-07-19,2026-08-08,RADIO_ONLY
Benden Sonra,Seray Şanlı,Aşkın Öztürk,Aşkın Öztürk,Esin Banu Öztürk,Aşkın Öztürk & Esin Banu Öztürk (AURA SONİC OFFİCİAL),2282fdca912787654d84d7b978a75e4c17178902ac1f67741f74d4556ebe73da,Seray Şanlı - Benden Sonra.mp3,4:49,2026-07-19,2026-08-08,RADIO_ONLY
Git Artık,Seray Şanlı,Aşkın Öztürk,Aşkın Öztürk,Esin Banu Öztürk,Aşkın Öztürk & Esin Banu Öztürk (AURA SONİC OFFİCİAL),0d4c742902a6138dc8733e4d10ff966fc83912127d4632c15df489f4cf7143c0,Seray Şanlı - Git Artık.mp3,4:54,2026-07-19,2026-08-08,RADIO_ONLY
HAKLI OLSAN NE OLUR,Seray Şanlı,Aşkın Öztürk,Aşkın Öztürk,Esin Banu Öztürk,Aşkın Öztürk & Esin Banu Öztürk (AURA SONİC OFFİCİAL),70a3b1dee2ab8cba3172ef48366a80b35f34e46e4f5c03b5b1dbe51cc9a8eb13,SERAY ŞANLI-HAKLI OLSAN NE OLUR.mp3,3:06,2026-08-02,2026-08-08,RADIO_ONLY
KALBİMİN HAKKI VAR,Seray Şanlı,Aşkın Öztürk,Aşkın Öztürk,Esin Banu Öztürk,Aşkın Öztürk & Esin Banu Öztürk (AURA SONİC OFFİCİAL),5d6bbdac722885d681c333b6f59acfac40cac341973261656f29a25665df0571,SERAY ŞANLI-KALBİMİN HAKKI VAR.mp3,3:07,2026-08-02,2026-08-08,RADIO_ONLY
KENDİME RAĞMEN,Seray Şanlı,Aşkın Öztürk,Aşkın Öztürk,Esin Banu Öztürk,Aşkın Öztürk & Esin Banu Öztürk (AURA SONİC OFFİCİAL),59aa3248da4242c4426985ac0b3fff496fbcb9176e8f1907bc492f5d9b78968b,SERAY ŞANLI-KENDİME RAĞMEN.mp3,4:11,2026-07-20,2026-08-08,RADIO_ONLY
KÜLÜNÜ TAŞIMAM,Seray Şanlı,Aşkın Öztürk,Aşkın Öztürk,Esin Banu Öztürk,Aşkın Öztürk & Esin Banu Öztürk (AURA SONİC OFFİCİAL),f1a9d1e20d6981e71584a76de6ddf3d5c45728788ddb10885f654e82cf548395,SERAY ŞANLI-KÜLÜNÜ TAŞIMAM.mp3,4:04,2026-07-20,2026-08-08,RADIO_ONLY
Külünü Taşımam,Seray Şanlı,Aşkın Öztürk,Aşkın Öztürk,Esin Banu Öztürk,Aşkın Öztürk & Esin Banu Öztürk (AURA SONİC OFFİCİAL),2f676c4b8aca80feb4f4eb2ca572defb763fd9d59b4f8155aa56a3af0f9a7da7,Seray Şanlı - Külünü Taşımam.mp3,4:01,2026-07-20,2026-08-08,RADIO_ONLY
SERAY ŞANLI — BULUR BENİ,Seray Şanlı,Aşkın Öztürk,Aşkın Öztürk,Esin Banu Öztürk,Aşkın Öztürk & Esin Banu Öztürk (AURA SONİC OFFİCİAL),473a189c5ce150f7cba4874bb1ba847526d59a067156579492335f1f81ef28c5, clean_SERAY ŞANLI — BULUR BENİ.wav,3:17,2026-09-05,2026-09-05,RADIO_ONLY
SERAY ŞANLI — BÖYLE SEVİLMEZ,Seray Şanlı,Aşkın Öztürk,Aşkın Öztürk,Esin Banu Öztürk,Aşkın Öztürk & Esin Banu Öztürk (AURA SONİC OFFİCİAL),f1cd4cc579a7c53aa63de11fb6b98254ba15d7e5acc330903891ce7d78919371, clean_SERAY ŞANLI — BÖYLE SEVİLMEZ.wav,3:44,2026-09-05,2026-09-05,RADIO_ONLY
SERAY ŞANLI — GECƏLƏR BİLİR,Seray Şanlı,Aşkın Öztürk,Aşkın Öztürk,Esin Banu Öztürk,Aşkın Öztürk & Esin Banu Öztürk (AURA SONİC OFFİCİAL),a2eecc0b81d327d1fa78d043ab0944a510ce9b14084d602b0114f6ed446c48a6, clean_SERAY ŞANLI — GECƏLƏR BİLİR.wav,3:16,2026-09-05,2026-09-05,RADIO_ONLY
SERAY ŞANLI — SEVMEYİ KOLAY SANDIM,Seray Şanlı,Aşkın Öztürk,Aşkın Öztürk,Esin Banu Öztürk,Aşkın Öztürk & Esin Banu Öztürk (AURA SONİC OFFİCİAL),92e9b816b521ee23b749f51bc193b993f5718d1e4872c89eefe749e8a8538436, clean_SERAY ŞANLI — SEVMEYİ KOLAY SANDIM.wav,3:15,2026-09-05,2026-09-05,RADIO_ONLY
SERAY ŞANLI — TANIR BENİ,Seray Şanlı,Aşkın Öztürk,Aşkın Öztürk,Esin Banu Öztürk,Aşkın Öztürk & Esin Banu Öztürk (AURA SONİC OFFİCİAL),fa8437bcb5b0b361909a8aefdc8614acf4eb644c1f94fa4f09d5c76ffd54e5cd, clean_SERAY ŞANLI — TANIR BENİ.wav,3:01,2026-09-05,2026-09-05,RADIO_ONLY
SERAY ŞANLI — YOLUM SƏNƏ ÇATMIR,Seray Şanlı,Aşkın Öztürk,Aşkın Öztürk,Esin Banu Öztürk,Aşkın Öztürk & Esin Banu Öztürk (AURA SONİC OFFİCİAL),8f212abfe8ef0c254c7e91fdc08d4294ad17b112841dda934ae0e2133021116f, clean_SERAY ŞANLI — YOLUM SƏNƏ ÇATMIR.wav,2:49,2026-09-05,2026-09-05,RADIO_ONLY
Seray Şanlın- BENİ BAŞTAN YAZMA,Seray Şanlı,Aşkın Öztürk,Aşkın Öztürk,Esin Banu Öztürk,Aşkın Öztürk & Esin Banu Öztürk (AURA SONİC OFFİCİAL),f37a3fb05cab1d2da5f144bf32402331cdc7956d2c7033075fb21b42bf1c9ce2,Seray Şanlın- BENİ BAŞTAN YAZMA.mp3,4:44,2026-08-02,2026-08-08,RADIO_ONLY
Seray Şanlın-BİR DAHA BENİ BÖYLE BULAMAZSIN,Seray Şanlı,Aşkın Öztürk,Aşkın Öztürk,Esin Banu Öztürk,Aşkın Öztürk & Esin Banu Öztürk (AURA SONİC OFFİCİAL),30377e41ae5cb966c442a8dd9a1001ccf02f35f9c7c630475c3b6476c5570e50,Seray Şanlın-BİR DAHA BENİ BÖYLE BULAMAZSIN.mp3,7:59,2026-08-02,2026-08-08,RADIO_ONLY
Tek Gerçek,Seray Şanlı,Aşkın Öztürk,Aşkın Öztürk,Esin Banu Öztürk,Aşkın Öztürk & Esin Banu Öztürk (AURA SONİC OFFİCİAL),09deb6ca642523abf18fa86e4a850a7b9ac8b43c26ab372ebec48f24ef56a1b7,Seray Şanlı - Tek Gerçek.mp3,5:49,2026-07-19,2026-08-08,RADIO_ONLY
YANINDA YALNIZ KALDIM,Seray Şanlı,Aşkın Öztürk,Aşkın Öztürk,Esin Banu Öztürk,Aşkın Öztürk & Esin Banu Öztürk (AURA SONİC OFFİCİAL),fb60e02b8aa6f0f750cec0fa054c1f1046180312ced6ff7f933867b9234b9357,SERAY ŞANLI-YANINDA YALNIZ KALDIM.mp3,5:39,2026-08-02,2026-08-08,RADIO_ONLY
YARININ SÖZÜ YOK,Seray Şanlı,Aşkın Öztürk,Aşkın Öztürk,Esin Banu Öztürk,Aşkın Öztürk & Esin Banu Öztürk (AURA SONİC OFFİCİAL),ee833f98b4ea81d9e966128a9d10b36be5640e9d52a75f1ac814c1162a4899af,SERAY ŞANLI-YARININ SÖZÜ YOK.mp3,4:54,2026-07-20,2026-08-08,RADIO_ONLY
Yarının Sözü Yok,Seray Şanlı,Aşkın Öztürk,Aşkın Öztürk,Esin Banu Öztürk,Aşkın Öztürk & Esin Banu Öztürk (AURA SONİC OFFİCİAL),0608a0053da7acb870414a888bf70153020e9f1d754fe4ad9ad10758ae027be5,Seray Şanlı - Yarının Sözü Yok.mp3,4:54,2026-07-20,2026-08-08,RADIO_ONLY
Loud Room Empty Seat,Tavio Renza,Aşkın Öztürk,Aşkın Öztürk,Esin Banu Öztürk,Aşkın Öztürk & Esin Banu Öztürk (AURA SONİC OFFİCİAL),5b8b0a5ca9dc923437be849475143fed8644f1411e8705acae109eb1b96e5d37,Tavio Renza - Loud Room Empty Seat.mp3,3:06,2026-07-11,2026-08-08,RADIO_ONLY
ME GUSTABA GUSTARTE,Tavio Renza,Aşkın Öztürk,Aşkın Öztürk,Esin Banu Öztürk,Aşkın Öztürk & Esin Banu Öztürk (AURA SONİC OFFİCİAL),aaf2be012dbc4f86f290fea01c6e388cf2d42bf447bc7e0f8ae6b4294abe9f75,09-08-26-Tavio Renza  -ME GUSTABA GUSTARTE.wav,3:40,2026-08-11,2026-08-10,RADIO_ONLY
NO TENGO QUE PELEAR,Tavio Renza,Aşkın Öztürk,Aşkın Öztürk,Esin Banu Öztürk,Aşkın Öztürk & Esin Banu Öztürk (AURA SONİC OFFİCİAL),a2900cbadd9d3e417a9c7aa103eb34e8e831a1bb0dd736ba76bf2ae84b5d0fd1,09-08-26-Tavio Renza  -NO TENGO QUE PELEAR.wav,2:24,2026-08-11,2026-08-10,RADIO_ONLY
NO TODO TIENE QUE PAGARME,Tavio Renza,Aşkın Öztürk,Aşkın Öztürk,Esin Banu Öztürk,Aşkın Öztürk & Esin Banu Öztürk (AURA SONİC OFFİCİAL),f6074b29bdc9999f4ea6d0f7ba29b32bf6e3d184305fac4a0e6e3937f073c8e0,09-08-26-Tavio Renza  -NO TODO TIENE QUE PAGARME.wav,2:59,2026-08-11,2026-08-10,RADIO_ONLY
NOW THEY KNOW MY NAME,Tavio Renza,Aşkın Öztürk,Aşkın Öztürk,Esin Banu Öztürk,Aşkın Öztürk & Esin Banu Öztürk (AURA SONİC OFFİCİAL),33f0c4ce4dce421a3fa6334fc8cb6be31871e41b57781764ffd9414aca5ab009,TAVİO RENZA-NOW THEY KNOW MY NAME.mp3,2:34,2026-07-11,2026-08-08,RADIO_ONLY
Número Sin Nombre,Tavio Renza,Aşkın Öztürk,Aşkın Öztürk,Esin Banu Öztürk,Aşkın Öztürk & Esin Banu Öztürk (AURA SONİC OFFİCİAL),11e3e4fe33bf81839074cf825126db5bdbb69e3f7c0d4ba01556a74bcb0dc209,Tavio Renza - Número Sin Nombre.mp3,2:47,2026-07-11,2026-08-08,RADIO_ONLY
PARA PARECER QUE ME SOBRA,Tavio Renza,Aşkın Öztürk,Aşkın Öztürk,Esin Banu Öztürk,Aşkın Öztürk & Esin Banu Öztürk (AURA SONİC OFFİCİAL),15ab7a67c15d4ce5766bc30f4fa4cef4cbd7d9e58c31f4622b9c348dc438d348,09-08-26-Tavio Renza -PARA PARECER QUE ME SOBRA.wav,2:56,2026-08-11,2026-08-10,RADIO_ONLY
PEDÍ LIBERTAD,Tavio Renza,Aşkın Öztürk,Aşkın Öztürk,Esin Banu Öztürk,Aşkın Öztürk & Esin Banu Öztürk (AURA SONİC OFFİCİAL),ad5268e296a34da900ba475f4679c35aacdd493f822203254cec24ee215f4b0d,09-08-26-Tavio Renza  -PEDÍ LIBERTAD.wav,3:20,2026-08-11,2026-08-10,RADIO_ONLY
STORM ON THE WAY,Tavio Renza,Aşkın Öztürk,Aşkın Öztürk,Esin Banu Öztürk,Aşkın Öztürk & Esin Banu Öztürk (AURA SONİC OFFİCİAL),535b7f858352e88dbbdcb77ba0a785bc032bee31d48d4ab110025073409a5a61,TAVİO RENZA-STORM ON THE WAY.mp3,3:05,2026-07-11,2026-08-08,RADIO_ONLY
Trois Métros Depuis,Tavio Renza,Aşkın Öztürk,Aşkın Öztürk,Esin Banu Öztürk,Aşkın Öztürk & Esin Banu Öztürk (AURA SONİC OFFİCİAL),0a0afa6d27e1c883a694d3b0181634ce61cb26d7b8e291de52d87a4b0385e952,Tavio Renza - Trois Métros Depuis.mp3,2:06,2026-07-11,2026-08-08,RADIO_ONLY
WAS IT REALLY YOU,Tavio Renza,Aşkın Öztürk,Aşkın Öztürk,Esin Banu Öztürk,Aşkın Öztürk & Esin Banu Öztürk (AURA SONİC OFFİCİAL),1e94c6a4534e29f2393db89a4d4555c1d60415fcb77db4bd100e5ee32e3955ea,TAVİO RENZA-WAS IT REALLY YOU.mp3,2:22,2026-07-11,2026-08-08,RADIO_ONLY
"YOU GON' SEE, BRO",Tavio Renza,Aşkın Öztürk,Aşkın Öztürk,Esin Banu Öztürk,Aşkın Öztürk & Esin Banu Öztürk (AURA SONİC OFFİCİAL),5d4a31f6118437e141a6f899cba05dd48554d63a51d0364ea145db8de71d47c5,"TAVİO RENZA-YOU GON' SEE, BRO.mp3",2:19,2026-07-11,2026-08-08,RADIO_ONLY
A BETTER LIE,Vael Cross,Aşkın Öztürk,Aşkın Öztürk,Esin Banu Öztürk,Aşkın Öztürk & Esin Banu Öztürk (AURA SONİC OFFİCİAL),b7f66b77505ebe9a7a45ff287839a600c8f0a83638da9342e95c84bc0d743041,VAEL CROSS — A BETTER LIE.wav,3:12,2026-09-10,2026-09-10,RADIO_ONLY
AFTER FORGIVENESS,Vael Cross,Aşkın Öztürk,Aşkın Öztürk,Esin Banu Öztürk,Aşkın Öztürk & Esin Banu Öztürk (AURA SONİC OFFİCİAL),7139d581bd66bef49aacb94a24e3b68f5f1486acca688e8e924f1ade12ac1833,clean_06-09-26-VAEL CROSS — AFTER FORGIVENESS.wav,3:10,2026-09-06,2026-09-06,RADIO_ONLY
AFTER THE GLORY,Vael Cross,Aşkın Öztürk,Aşkın Öztürk,Esin Banu Öztürk,Aşkın Öztürk & Esin Banu Öztürk (AURA SONİC OFFİCİAL),a59b2446cb1dffd6b8e5d2fcc524918a5c0029985919436615bcf7bcf1bdfda0,sarki.wav,5:07,2026-06-12,2026-08-08,RADIO_ONLY
BLACKWATER SAINT,Vael Cross,Aşkın Öztürk,Aşkın Öztürk,Esin Banu Öztürk,Aşkın Öztürk & Esin Banu Öztürk (AURA SONİC OFFİCİAL),ae00cf868aa2e892d7754874f06dcc187ce68f6f55074f051a9de9d1e91cd63e,BLACKWATER SAINT.wav,3:50,2026-06-13,2026-08-08,RADIO_ONLY
Bite the Light,Vael Cross,Aşkın Öztürk,Aşkın Öztürk,Esin Banu Öztürk,Aşkın Öztürk & Esin Banu Öztürk (AURA SONİC OFFİCİAL),d6075b09cc44516c5e5b9fa58c42534046b68cd207e0b63994bd1467499216ed, clean_Bite the Light.wav,4:01,2026-05-30,2026-08-08,RADIO_ONLY
Bite the Light-2,Vael Cross,Aşkın Öztürk,Aşkın Öztürk,Esin Banu Öztürk,Aşkın Öztürk & Esin Banu Öztürk (AURA SONİC OFFİCİAL),af284ae5c60e9ae8e0a6b411473a3f721f77aa07a87a72fdef668b575b782ff4,sarki.wav,4:39,2026-05-30,2026-08-08,RADIO_ONLY
Bite the Light-Vael Cross,Vael Cross,Aşkın Öztürk,Aşkın Öztürk,Esin Banu Öztürk,Aşkın Öztürk & Esin Banu Öztürk (AURA SONİC OFFİCİAL),3e81dcaacec09473587bcc263be795c2d33d24b20ca5883732b5b287b076f21d, clean_Bite the Light-Vael Cross.mp3,3:27,2026-07-28,2026-08-08,RADIO_ONLY
CANDLE IN THE VOID,Vael Cross,Aşkın Öztürk,Aşkın Öztürk,Esin Banu Öztürk,Aşkın Öztürk & Esin Banu Öztürk (AURA SONİC OFFİCİAL),1c1bd226dec7117391a4678bbfeff18558c62aa6114a64ffb6f6efe3e0aadd96,CANDLE IN THE VOID.wav,4:24,2026-06-13,2026-08-08,RADIO_ONLY
CITY OF HALOS,Vael Cross,Aşkın Öztürk,Aşkın Öztürk,Esin Banu Öztürk,Aşkın Öztürk & Esin Banu Öztürk (AURA SONİC OFFİCİAL),3b59812adfe4abd6672c114d6d6dd2bcf4a6a06e9317af1f13b7310e22a5c500,sarki.wav,5:02,2026-05-30,2026-08-08,RADIO_ONLY
CROSS - Heaven Looked Better On You (DAGITIM 16bit),Vael Cross,Aşkın Öztürk,Aşkın Öztürk,Esin Banu Öztürk,Aşkın Öztürk & Esin Banu Öztürk (AURA SONİC OFFİCİAL),2862ecf9ec5d470bbdd0c5e662da80b67d93d349fd77d3dd9bd8290d99f3086d,VAEL CROSS - Heaven Looked Better On You (DAGITIM 16bit).wav,4:01,2026-07-06,2026-08-08,RADIO_ONLY
CROSS - Heaven Looked Better On You (MASTER 24bit),Vael Cross,Aşkın Öztürk,Aşkın Öztürk,Esin Banu Öztürk,Aşkın Öztürk & Esin Banu Öztürk (AURA SONİC OFFİCİAL),bdaeddfa0a8a3578c4ca22bd1118c54e071d01d1a78e56bccefee81ef8559b8c,VAEL CROSS - Heaven Looked Better On You (MASTER 24bit).wav,4:01,2026-07-06,2026-08-08,RADIO_ONLY
CROSS - KIRIK SAZ,Vael Cross,Aşkın Öztürk,Aşkın Öztürk,Esin Banu Öztürk,Aşkın Öztürk & Esin Banu Öztürk (AURA SONİC OFFİCİAL),bf71e167a7e58cad9a4518ee524717d5298b52aa497262a314e2417b27f3b282,VAEL CROSS - KIRIK SAZ.mp3,5:44,2026-07-18,2026-08-08,RADIO_ONLY
CROSS - SON DURAK,Vael Cross,Aşkın Öztürk,Aşkın Öztürk,Esin Banu Öztürk,Aşkın Öztürk & Esin Banu Öztürk (AURA SONİC OFFİCİAL),5d44790e12255b66ab15fb116462cb41a46af32f89b0696cb4756dbbb738bcdd,VAEL CROSS - SON DURAK.mp3,4:27,2026-07-18,2026-08-08,RADIO_ONLY
CROSS - YAKDA GİT,Vael Cross,Aşkın Öztürk,Aşkın Öztürk,Esin Banu Öztürk,Aşkın Öztürk & Esin Banu Öztürk (AURA SONİC OFFİCİAL),8bae5ae376244d59f84f1dfc956d4c005cc4c3babb04affc68cb5eb31ff2984f,VAEL CROSS - YAKDA GİT.mp3,3:53,2026-07-18,2026-08-08,RADIO_ONLY
CROSS -BACK TO THE STARS,Vael Cross,Aşkın Öztürk,Aşkın Öztürk,Esin Banu Öztürk,Aşkın Öztürk & Esin Banu Öztürk (AURA SONİC OFFİCİAL),5f7c1a6726d64aa3e7e4ba461f99054fd75d8ada632bce4daec1a9ffc002ccd5,VAEL CROSS -BACK TO THE STARS.wav,3:16,2026-08-14,2026-08-08,RADIO_ONLY
CROSS -I LEFT MY FEAR BEHIND,Vael Cross,Aşkın Öztürk,Aşkın Öztürk,Esin Banu Öztürk,Aşkın Öztürk & Esin Banu Öztürk (AURA SONİC OFFİCİAL),39990745277c1b361dcb7a32ccb774afb05eac70224196173bf030761188b2ae,VAEL CROSS -I LEFT MY FEAR BEHIND.wav,2:49,2026-08-14,2026-08-08,RADIO_ONLY
CROSS -THE NIGHT REMEMBERED MY NAME,Vael Cross,Aşkın Öztürk,Aşkın Öztürk,Esin Banu Öztürk,Aşkın Öztürk & Esin Banu Öztürk (AURA SONİC OFFİCİAL),944e4962091b54fd0df2554c80ca9ee24b911c2b2826e08354cadb0a585b0ac3,VAEL CROSS -THE NIGHT REMEMBERED MY NAME.wav,3:09,2026-08-14,2026-08-08,RADIO_ONLY
CROSS Happiness Terms Apply,Vael Cross,Aşkın Öztürk,Aşkın Öztürk,Esin Banu Öztürk,Aşkın Öztürk & Esin Banu Öztürk (AURA SONİC OFFİCİAL),4dfc48cabeb99c7bb5737c4593672b98b334f4a74719324281a891c451d14fc9,VAEL CROSS Happiness Terms Apply.mp3,3:22,2026-08-04,2026-08-08,RADIO_ONLY
CROSS NO ONE STOLE THE PAINTING,Vael Cross,Aşkın Öztürk,Aşkın Öztürk,Esin Banu Öztürk,Aşkın Öztürk & Esin Banu Öztürk (AURA SONİC OFFİCİAL),e8632c12b30f54004c3790602480acf56927a4187476a267c07d6a1e113158b4,VAEL CROSS NO ONE STOLE THE PAINTING.mp3,3:59,2026-08-04,2026-08-08,RADIO_ONLY
CROSS SEAT 24A,Vael Cross,Aşkın Öztürk,Aşkın Öztürk,Esin Banu Öztürk,Aşkın Öztürk & Esin Banu Öztürk (AURA SONİC OFFİCİAL),aaf51a0dbcca68e5a7d37e34b49a37efa45b4af60c12eeceeab2e645c2fe94b2,VAEL CROSS SEAT 24A.mp3,3:39,2026-08-04,2026-08-08,RADIO_ONLY
CROSS — I'LL FIND YOU BELOW,Vael Cross,Aşkın Öztürk,Aşkın Öztürk,Esin Banu Öztürk,Aşkın Öztürk & Esin Banu Öztürk (AURA SONİC OFFİCİAL),27a254fc7d532162f17e37971e93b6fa32db3d4faac931b461353d221cbda2e4,VAEL CROSS — I'LL FIND YOU BELOW.wav,3:27,2026-08-14,2026-08-08,RADIO_ONLY
CROSS — MONSTERS DON'T KNOCK,Vael Cross,Aşkın Öztürk,Aşkın Öztürk,Esin Banu Öztürk,Aşkın Öztürk & Esin Banu Öztürk (AURA SONİC OFFİCİAL),dc74418aa4e22ec03d6eb0914d4578e7a00be97e66d601015b10f660e3d697c8,VAEL CROSS — MONSTERS DON'T KNOCK.wav,3:30,2026-07-06,2026-08-08,RADIO_ONLY
CROSS — SHE LEFT HER SHADOW,Vael Cross,Aşkın Öztürk,Aşkın Öztürk,Esin Banu Öztürk,Aşkın Öztürk & Esin Banu Öztürk (AURA SONİC OFFİCİAL),e0cc4ba1a2d269b39c1736f53a8d12470e4b7a42883584ac3ce85377d90d6e9a,VAEL CROSS — SHE LEFT HER SHADOW.wav,4:09,2026-08-14,2026-08-08,RADIO_ONLY
CROSS — TEARS IN MY HEART,Vael Cross,Aşkın Öztürk,Aşkın Öztürk,Esin Banu Öztürk,Aşkın Öztürk & Esin Banu Öztürk (AURA SONİC OFFİCİAL),db682d370e4210c393fd961ebb0a0fa2eab4f2261abd1bc0cccea891f0f258ae,VAEL CROSS — TEARS IN MY HEART.wav,3:59,2026-08-13,2026-08-08,RADIO_ONLY
CROSS — THE ONLY NAME I KEPT,Vael Cross,Aşkın Öztürk,Aşkın Öztürk,Esin Banu Öztürk,Aşkın Öztürk & Esin Banu Öztürk (AURA SONİC OFFİCİAL),dd67a74318e9d143e730cddb14e40678341a29a5cac0bc558eb839c01039c565,VAEL CROSS — THE ONLY NAME I KEPT.wav,4:53,2026-08-14,2026-08-08,RADIO_ONLY
CROSS — THE VOID KNEW MY NAME,Vael Cross,Aşkın Öztürk,Aşkın Öztürk,Esin Banu Öztürk,Aşkın Öztürk & Esin Banu Öztürk (AURA SONİC OFFİCİAL),1adb6e096f78559430e97c07d586108e101cd89c7f633be3b2eb337f21e168e6,VAEL CROSS — THE VOID KNEW MY NAME.wav,6:34,2026-08-13,2026-08-08,RADIO_ONLY
CROSS — WHEN THE LIGHT LEFT,Vael Cross,Aşkın Öztürk,Aşkın Öztürk,Esin Banu Öztürk,Aşkın Öztürk & Esin Banu Öztürk (AURA SONİC OFFİCİAL),e8a7c53bc50a595d51f44af0dbdb8f5f1b51f31bdc974715ceac075894fabb1a,VAEL CROSS — WHEN THE LIGHT LEFT.wav,2:55,2026-08-14,2026-08-08,RADIO_ONLY
CROSS — YOU LEFT ME HOLLOW,Vael Cross,Aşkın Öztürk,Aşkın Öztürk,Esin Banu Öztürk,Aşkın Öztürk & Esin Banu Öztürk (AURA SONİC OFFİCİAL),2338ff7544afcff06adc72ef1a88954615db1698fa9a4113058bb58a470e300b,VAEL CROSS — YOU LEFT ME HOLLOW.wav,4:38,2026-08-13,2026-08-08,RADIO_ONLY
CROSS — YOU LIVED AFTER THE FALL,Vael Cross,Aşkın Öztürk,Aşkın Öztürk,Esin Banu Öztürk,Aşkın Öztürk & Esin Banu Öztürk (AURA SONİC OFFİCİAL),d55699c78abe4fa0dbc60a369e5e3cdfdfaf495b2127def14f60aad913c38232,VAEL CROSS — YOU LIVED AFTER THE FALL.wav,4:58,2026-08-14,2026-08-08,RADIO_ONLY
CROSS —MORNING FOUND MY NAME,Vael Cross,Aşkın Öztürk,Aşkın Öztürk,Esin Banu Öztürk,Aşkın Öztürk & Esin Banu Öztürk (AURA SONİC OFFİCİAL),bd573381ff0775fe0b148ac170fd5080c571480e753633745f3a807271211ff7,VAEL CROSS —MORNING FOUND MY NAME.wav,4:04,2026-08-14,2026-08-08,RADIO_ONLY
CROSS —YOU NEVER EARNED THE NIGHT,Vael Cross,Aşkın Öztürk,Aşkın Öztürk,Esin Banu Öztürk,Aşkın Öztürk & Esin Banu Öztürk (AURA SONİC OFFİCİAL),2c4fc2141019c9a8e252f0b67fcc2aecbbc72e3147a719679fa377ab118a7b48,VAEL CROSS —YOU NEVER EARNED THE NIGHT.wav,3:50,2026-08-14,2026-08-08,RADIO_ONLY
CROSS-BLACKWATER SAINT,Vael Cross,Aşkın Öztürk,Aşkın Öztürk,Esin Banu Öztürk,Aşkın Öztürk & Esin Banu Öztürk (AURA SONİC OFFİCİAL),7d1d996969e4efcc00b559744ade0ef92726fe47d9b602b1d8d5150c94ce44a5,VAEL CROSS-BLACKWATER SAINT.wav,3:50,2026-08-13,2026-08-31,RADIO_ONLY
CROSS-CANDLE IN THE VOID,Vael Cross,Aşkın Öztürk,Aşkın Öztürk,Esin Banu Öztürk,Aşkın Öztürk & Esin Banu Öztürk (AURA SONİC OFFİCİAL),ef01d64fe8afd427723f735d7d20df2c18f29efb65fb1916cbf4a5beb4a8f2d1,VAEL CROSS-CANDLE IN THE VOID.wav,4:24,2026-08-13,2026-08-31,RADIO_ONLY
CROSS-KENDİNDEN NEREYE,Vael Cross,Aşkın Öztürk,Aşkın Öztürk,Esin Banu Öztürk,Aşkın Öztürk & Esin Banu Öztürk (AURA SONİC OFFİCİAL),ba3c8c7ddf7b4c269a3122e7e0fc7d648e94fbf21e6a44f0a5d6ffc5c45ec17b,VAEL CROSS-KENDİNDEN NEREYE.mp3,4:08,2026-07-20,2026-08-08,RADIO_ONLY
CROSS-KING OF NO ONE,Vael Cross,Aşkın Öztürk,Aşkın Öztürk,Esin Banu Öztürk,Aşkın Öztürk & Esin Banu Öztürk (AURA SONİC OFFİCİAL),34835f3a32340ef68f8600033973cb1d2c62337bdeb759ea5b8fd928410fa9f6,VAEL CROSS-KING OF NO ONE.wav,4:00,2026-08-13,2026-08-31,RADIO_ONLY
CROSS-SAINTS IN THE RAIN,Vael Cross,Aşkın Öztürk,Aşkın Öztürk,Esin Banu Öztürk,Aşkın Öztürk & Esin Banu Öztürk (AURA SONİC OFFİCİAL),7e7dfc4bbf74d5e69f5a52de379e9da28800b13a7329a1783c240b771d557792,VAEL CROSS-SAINTS IN THE RAIN.wav,3:54,2026-08-13,2026-08-31,RADIO_ONLY
CROSS-STRONGER THAN THE STORM,Vael Cross,Aşkın Öztürk,Aşkın Öztürk,Esin Banu Öztürk,Aşkın Öztürk & Esin Banu Öztürk (AURA SONİC OFFİCİAL),9f8928ec9b32d24283446c0152d2e03734d27c17a051c0b52cf06cea3206d007,VAEL CROSS-STRONGER THAN THE STORM (1).wav,5:44,2026-08-13,2026-08-31,RADIO_ONLY
CROSS-TAŞ DUVARLARIN ÜSTÜNDE,Vael Cross,Aşkın Öztürk,Aşkın Öztürk,Esin Banu Öztürk,Aşkın Öztürk & Esin Banu Öztürk (AURA SONİC OFFİCİAL),d8ea4630b3aa614ed00901dd5660c43af25504e71a178a50de4d9d3c368d58ae,VAEL CROSS-TAŞ DUVARLARIN ÜSTÜNDE.mp3,4:59,2026-07-20,2026-08-08,RADIO_ONLY
CROSS-TEETH OF THE NIGHT,Vael Cross,Aşkın Öztürk,Aşkın Öztürk,Esin Banu Öztürk,Aşkın Öztürk & Esin Banu Öztürk (AURA SONİC OFFİCİAL),6f83de42ea008e1a14979b8d7d9dabca487bdfe5225f44d442189dbd7cc7bbb4,VAEL CROSS-TEETH OF THE NIGHT.wav,4:37,2026-08-13,2026-08-31,RADIO_ONLY
CROSS-UNUTMA EMRİ,Vael Cross,Aşkın Öztürk,Aşkın Öztürk,Esin Banu Öztürk,Aşkın Öztürk & Esin Banu Öztürk (AURA SONİC OFFİCİAL),18a55743809257d63e7959d92b04135bd664a759178994bb3b6070caf008b391,VAEL CROSS-UNUTMA EMRİ.mp3,4:42,2026-07-20,2026-08-08,RADIO_ONLY
CROSS-WHAT STAYS INSIDE,Vael Cross,Aşkın Öztürk,Aşkın Öztürk,Esin Banu Öztürk,Aşkın Öztürk & Esin Banu Öztürk (AURA SONİC OFFİCİAL),0ccceafe60e8c504a1b0e5b688c9a9efb626d3ddce23e32144d488da838c6564,VAEL CROSS-WHAT STAYS INSIDE.wav,4:09,2026-07-05,2026-08-08,RADIO_ONLY
CROSS-WHEN TRUST TURNED TO ASH,Vael Cross,Aşkın Öztürk,Aşkın Öztürk,Esin Banu Öztürk,Aşkın Öztürk & Esin Banu Öztürk (AURA SONİC OFFİCİAL),6fceff7f06f0b0b2f1dfe8ec1422a16b0ff23736b09a3930a464f79bfbd693df,VAEL CROSS-WHEN TRUST TURNED TO ASH.wav,4:08,2026-07-05,2026-08-08,RADIO_ONLY
Cross - After Your Name,Vael Cross,Aşkın Öztürk,Aşkın Öztürk,Esin Banu Öztürk,Aşkın Öztürk & Esin Banu Öztürk (AURA SONİC OFFİCİAL),8cbda77fe4d203890134a4eed0cfb106a294e743d9e73b92b74d3f56f6cce790,Vael Cross - After Your Name.mp3,3:34,2026-07-11,2026-08-08,RADIO_ONLY
Cross - Dark Angel,Vael Cross,Aşkın Öztürk,Aşkın Öztürk,Esin Banu Öztürk,Aşkın Öztürk & Esin Banu Öztürk (AURA SONİC OFFİCİAL),5573138620d34ae0f64167b50ad2201bb1214f473b4f0cf51b8c99c3111e4d00,Vael Cross - Dark Angel.mp3,3:28,2026-07-11,2026-08-08,RADIO_ONLY
Cross - Drive Me Anywhere,Vael Cross,Aşkın Öztürk,Aşkın Öztürk,Esin Banu Öztürk,Aşkın Öztürk & Esin Banu Öztürk (AURA SONİC OFFİCİAL),0d41cf10e36157aa6042adadfcaa3d313ea3777dd8a0a31635b5cde69413effa,Vael Cross - Drive Me Anywhere.mp3,4:09,2026-07-11,2026-08-08,RADIO_ONLY
Cross - Every Number Wore Your Voice,Vael Cross,Aşkın Öztürk,Aşkın Öztürk,Esin Banu Öztürk,Aşkın Öztürk & Esin Banu Öztürk (AURA SONİC OFFİCİAL),d165934c0eac82095fbf6c3b21dca427729ef3ab3d0e16b1023f5d65bc50eea8,Vael Cross - Every Number Wore Your Voice.mp3,3:59,2026-07-11,2026-08-08,RADIO_ONLY
Cross - I Never Let You Know,Vael Cross,Aşkın Öztürk,Aşkın Öztürk,Esin Banu Öztürk,Aşkın Öztürk & Esin Banu Öztürk (AURA SONİC OFFİCİAL),1a6554bde6ba46d3585c7922a887140c2359de401528104465053b976c831384,Vael Cross - I Never Let You Know.mp3,3:31,2026-07-11,2026-08-08,RADIO_ONLY
Cross - Leave Me in the Open,Vael Cross,Aşkın Öztürk,Aşkın Öztürk,Esin Banu Öztürk,Aşkın Öztürk & Esin Banu Öztürk (AURA SONİC OFFİCİAL),70a063dc60a83f0a71e57452fba345f6b0d51eeb482b37540786e63f73f032f1,Vael Cross - Leave Me in the Open.mp3,3:58,2026-07-11,2026-08-08,RADIO_ONLY
Cross - Taş Duvarların Üstünde,Vael Cross,Aşkın Öztürk,Aşkın Öztürk,Esin Banu Öztürk,Aşkın Öztürk & Esin Banu Öztürk (AURA SONİC OFFİCİAL),825b2a20f7b2013e5ec2fbf0f6dade3344514b1b2e704e8c0aeaf590b20393d0,Vael Cross - Taş Duvarların Üstünde.mp3,4:59,2026-07-20,2026-08-08,RADIO_ONLY
Cross - The Miles Take Attendance,Vael Cross,Aşkın Öztürk,Aşkın Öztürk,Esin Banu Öztürk,Aşkın Öztürk & Esin Banu Öztürk (AURA SONİC OFFİCİAL),95f10380e0cc819cce2d710ae735f14a6e22544eb5fd2da4eb742fa13d5e668c,Vael Cross - The Miles Take Attendance.mp3,4:04,2026-07-11,2026-08-08,RADIO_ONLY
Cross - When the Door Breaks Open,Vael Cross,Aşkın Öztürk,Aşkın Öztürk,Esin Banu Öztürk,Aşkın Öztürk & Esin Banu Öztürk (AURA SONİC OFFİCİAL),9a9784d0bd6f2f77104fd85fc57a54fceed491014c9d7a4e1414698b7a0c0e37,Vael Cross - When the Door Breaks Open.mp3,3:54,2026-07-11,2026-08-08,RADIO_ONLY
Cross Riot Heart Master,Vael Cross,Aşkın Öztürk,Aşkın Öztürk,Esin Banu Öztürk,Aşkın Öztürk & Esin Banu Öztürk (AURA SONİC OFFİCİAL),17f69bfbf9cfd82726d663db8fbd04f26d3cc371c001bf564f7167907b38cf28,Vael_Cross_Riot_Heart_Master.wav,0:29,2026-05-26,2026-08-08,RADIO_ONLY
Cross-EVERY REASON SAYS LEAVE,Vael Cross,Aşkın Öztürk,Aşkın Öztürk,Esin Banu Öztürk,Aşkın Öztürk & Esin Banu Öztürk (AURA SONİC OFFİCİAL),c597f5d2f5e4eb34cd34feda1d547f91435af8d9d76da9d1afc6289d82ccdd95,Vael Cross-EVERY REASON SAYS LEAVE.wav,4:19,2026-08-11,2026-08-31,RADIO_ONLY
Cross-I Was Patient,Vael Cross,Aşkın Öztürk,Aşkın Öztürk,Esin Banu Öztürk,Aşkın Öztürk & Esin Banu Öztürk (AURA SONİC OFFİCİAL),88aa0d49b6a4506dcaf2732718ec8e7e3e00afe991d4be1581a93b28691b8081,Vael Cross-I Was Patient.wav,3:34,2026-08-11,2026-08-31,RADIO_ONLY
Cross-KNOWING ISN'T ENOUGH,Vael Cross,Aşkın Öztürk,Aşkın Öztürk,Esin Banu Öztürk,Aşkın Öztürk & Esin Banu Öztürk (AURA SONİC OFFİCİAL),baa1202c765ec9a5fae100fdd36bc268233f4d110c4032ababc7b56f02d1add2,Vael Cross-KNOWING ISN'T ENOUGH.wav,4:06,2026-08-11,2026-08-31,RADIO_ONLY
Cross-Kırık Saz,Vael Cross,Aşkın Öztürk,Aşkın Öztürk,Esin Banu Öztürk,Aşkın Öztürk & Esin Banu Öztürk (AURA SONİC OFFİCİAL),85734e4676b4265692497fcca5447ccb9a08c6363a30172502f8acf5d5996097,Vael Cross-Kırık Saz.mp3,5:44,2026-06-19,2026-08-08,RADIO_ONLY
Cross-THIS ISN'T LOVE ANYMORE,Vael Cross,Aşkın Öztürk,Aşkın Öztürk,Esin Banu Öztürk,Aşkın Öztürk & Esin Banu Öztürk (AURA SONİC OFFİCİAL),ce7559ef946d0187b31e22ca421277d352e78a04cc1aa714d49680637a232c93,Vael Cross-THIS ISN'T LOVE ANYMORE.wav,3:17,2026-08-11,2026-08-31,RADIO_ONLY
Cross-WHAT HAPPENS NEXT,Vael Cross,Aşkın Öztürk,Aşkın Öztürk,Esin Banu Öztürk,Aşkın Öztürk & Esin Banu Öztürk (AURA SONİC OFFİCİAL),dc6fe7846418cd2ba585a3abc54c58b21c09c6873e4ea5fbda8b4fb174208567,Vael Cross-WHAT HAPPENS NEXT.wav,4:03,2026-08-11,2026-08-31,RADIO_ONLY
Cross-YOU DID NOTHING WRONG,Vael Cross,Aşkın Öztürk,Aşkın Öztürk,Esin Banu Öztürk,Aşkın Öztürk & Esin Banu Öztürk (AURA SONİC OFFİCİAL),3f2a9a6236a7987718529e850a4ddccb26c8595959da1e5bfb4651692521021b,Vael Cross-YOU DID NOTHING WRONG.wav,4:19,2026-08-11,2026-08-31,RADIO_ONLY
Cross– NO SCORE TO KEEP,Vael Cross,Aşkın Öztürk,Aşkın Öztürk,Esin Banu Öztürk,Aşkın Öztürk & Esin Banu Öztürk (AURA SONİC OFFİCİAL),41dd35ecdcf36da4b58951b0a81c37a2a613f9ab9f57bfb1eb1a04037359a7f0,Vael Cross– NO SCORE TO KEEP.wav,4:14,2026-08-11,2026-08-31,RADIO_ONLY
DARK ANGEL,Vael Cross,Aşkın Öztürk,Aşkın Öztürk,Esin Banu Öztürk,Aşkın Öztürk & Esin Banu Öztürk (AURA SONİC OFFİCİAL),4a2bed6bb95ee0169d3ce1d4d40fb4dbce95ef5626ef9fff9f226df1cc82d8a3,sarki.wav,3:28,2026-05-30,2026-08-08,RADIO_ONLY
DONT CALL IT MERCY,Vael Cross,Aşkın Öztürk,Aşkın Öztürk,Esin Banu Öztürk,Aşkın Öztürk & Esin Banu Öztürk (AURA SONİC OFFİCİAL),5b2ea5f2e2474ffebd7caeb2d4931c7fdfddc84ecfe7f61f74c81b7f597b0a75, clean_30-08-26-VAEL CROSS-DONT CALL IT MERCY.mp3,4:13,2026-08-30,2026-08-31,RADIO_ONLY
GLASS BONES,Vael Cross,Aşkın Öztürk,Aşkın Öztürk,Esin Banu Öztürk,Aşkın Öztürk & Esin Banu Öztürk (AURA SONİC OFFİCİAL),0ef1d856983cfbafec9ba038fbad5d762d35192606db3bd093abd208d5494fb1,sarki.wav,4:11,2026-06-12,2026-08-08,RADIO_ONLY
HEAVEN LOOKED BETTER ON YOU,Vael Cross,Aşkın Öztürk,Aşkın Öztürk,Esin Banu Öztürk,Aşkın Öztürk & Esin Banu Öztürk (AURA SONİC OFFİCİAL),7e50e1d59ba89d1085c89ef0f895ee5a630b75998495d7c285eb935870c00618,sarki.wav,4:01,2026-06-07,2026-08-08,RADIO_ONLY
HOLY DAMAGE,Vael Cross,Aşkın Öztürk,Aşkın Öztürk,Esin Banu Öztürk,Aşkın Öztürk & Esin Banu Öztürk (AURA SONİC OFFİCİAL),91f0f478a11c1579a6cc429711d7d18998f2000e17673b9eb514fa85d023adbf,sarki.wav,4:47,2026-06-12,2026-08-08,RADIO_ONLY
I Left the Light On,Vael Cross,Aşkın Öztürk,Aşkın Öztürk,Esin Banu Öztürk,Aşkın Öztürk & Esin Banu Öztürk (AURA SONİC OFFİCİAL),eb4542a23bd5b5111114be2b29ff3da41f1979862f109e3ae6ad8549d4bfa3e8,sarki.wav,3:39,2026-06-12,2026-08-08,RADIO_ONLY
If You Call Tonight,Vael Cross,Aşkın Öztürk,Aşkın Öztürk,Esin Banu Öztürk,Aşkın Öztürk & Esin Banu Öztürk (AURA SONİC OFFİCİAL),25d9e9052784a50c36892f01e04ee31291c6f90d5997220b70a22e729b99e6cc,sarki.wav,3:59,2026-06-12,2026-08-08,RADIO_ONLY
KING OF NO ONE,Vael Cross,Aşkın Öztürk,Aşkın Öztürk,Esin Banu Öztürk,Aşkın Öztürk & Esin Banu Öztürk (AURA SONİC OFFİCİAL),341150dd8aed962f93c3889aa228b3761e1eeb9150bd4a759b0ff84e6b0b1ab5,KING OF NO ONE.wav,4:00,2026-06-13,2026-08-08,RADIO_ONLY
LAST OF THE BEAUTIFUL,Vael Cross,Aşkın Öztürk,Aşkın Öztürk,Esin Banu Öztürk,Aşkın Öztürk & Esin Banu Öztürk (AURA SONİC OFFİCİAL),0cf808e21b3407623037d0eb5b0ecd9badea24a31f29222444546f9945d8c44c, clean_LAST OF THE BEAUTIFUL.wav,5:03,2026-05-30,2026-08-08,RADIO_ONLY
LAST OF THE BEAUTIFULVael Cross,Vael Cross,Aşkın Öztürk,Aşkın Öztürk,Esin Banu Öztürk,Aşkın Öztürk & Esin Banu Öztürk (AURA SONİC OFFİCİAL),096e92da44680f1f1a03cdad25a8cabbec59da32fc6ad564994acf9032fdee91, clean_LAST OF THE BEAUTIFULVael Cross-.mp3,5:03,2026-07-28,2026-08-08,RADIO_ONLY
Love Me Like It's Over,Vael Cross,Aşkın Öztürk,Aşkın Öztürk,Esin Banu Öztürk,Aşkın Öztürk & Esin Banu Öztürk (AURA SONİC OFFİCİAL),3eea3226e00f2f91104695149cf29b6c83789facd5fab1c218d2c294c33b7dbf,sarki.wav,3:28,2026-06-12,2026-08-08,RADIO_ONLY
NO PLACE TO PUT IT,Vael Cross,Aşkın Öztürk,Aşkın Öztürk,Esin Banu Öztürk,Aşkın Öztürk & Esin Banu Öztürk (AURA SONİC OFFİCİAL),6040b382627492af18a898fa1f4c2d2736a6fc0156aa50071ae21ada84c167e1,VAEL CROSS — NO PLACE TO PUT IT.wav,3:32,2026-09-10,2026-09-10,RADIO_ONLY
NO SAINTS TONIGHT,Vael Cross,Aşkın Öztürk,Aşkın Öztürk,Esin Banu Öztürk,Aşkın Öztürk & Esin Banu Öztürk (AURA SONİC OFFİCİAL),c3006e2d5d1ac6772121d2a77dd8117a9dfc9ca3262fdd76839b1f771c986109,sarki.wav,4:29,2026-06-12,2026-08-08,RADIO_ONLY
NO SAINTS TONIGHT-Vael Cross,Vael Cross,Aşkın Öztürk,Aşkın Öztürk,Esin Banu Öztürk,Aşkın Öztürk & Esin Banu Öztürk (AURA SONİC OFFİCİAL),922ea44c3fc8a3b65b615b4576112097280343173de695dbbca49741b9786b19, clean_NO SAINTS TONIGHT-Vael Cross.mp3,4:21,2026-07-28,2026-08-08,RADIO_ONLY
NOTHING FOLLOWS ME HOME,Vael Cross,Aşkın Öztürk,Aşkın Öztürk,Esin Banu Öztürk,Aşkın Öztürk & Esin Banu Öztürk (AURA SONİC OFFİCİAL),92896cd7767c2365b14c9cbc83b010a1a8e8d809f112933f39f7d88e742847be,VAEL CROSS — NOTHING FOLLOWS ME HOME.wav,3:12,2026-09-10,2026-09-10,RADIO_ONLY
ONE MORE SONG BEFORE THE LOCK,Vael Cross,Aşkın Öztürk,Aşkın Öztürk,Esin Banu Öztürk,Aşkın Öztürk & Esin Banu Öztürk (AURA SONİC OFFİCİAL),431726318689765c998acdf81176238fd4dcaf584222f71b54fa3f0dfd8076da, clean_30-08-26-VAEL CROSS-ONE MORE SONG BEFORE THE LOCK.mp3,5:09,2026-08-30,2026-08-31,RADIO_ONLY
ONLY WHEN IT'S OVER,Vael Cross,Aşkın Öztürk,Aşkın Öztürk,Esin Banu Öztürk,Aşkın Öztürk & Esin Banu Öztürk (AURA SONİC OFFİCİAL),ae377f67aae5943b0e932d56511d46764f8e56b12173ea7236228c287623dea5,VAEL CROSS — ONLY WHEN IT'S OVER.wav,3:24,2026-09-10,2026-09-10,RADIO_ONLY
RIOT HEART,Vael Cross,Aşkın Öztürk,Aşkın Öztürk,Esin Banu Öztürk,Aşkın Öztürk & Esin Banu Öztürk (AURA SONİC OFFİCİAL),76aeed932aaa227cafcbc178057df33bad9dfb906fff18a711bb01c740ae5a17, clean_RIOT HEART.wav,4:49,2026-05-30,2026-08-08,RADIO_ONLY
RIOT HEART-Vael Cross,Vael Cross,Aşkın Öztürk,Aşkın Öztürk,Esin Banu Öztürk,Aşkın Öztürk & Esin Banu Öztürk (AURA SONİC OFFİCİAL),5c26388808d616a5ea8ab37d2fd5102fccd7c668e6b80427164f12dc9b883538, clean_RIOT HEART-Vael Cross.mp3,4:49,2026-07-28,2026-08-08,RADIO_ONLY
SAINTS IN THE RAIN,Vael Cross,Aşkın Öztürk,Aşkın Öztürk,Esin Banu Öztürk,Aşkın Öztürk & Esin Banu Öztürk (AURA SONİC OFFİCİAL),fb12cd78365be0477df04640f092b092949eafcbe307460a587e6a3ce0647f82,SAINTS IN THE RAIN.wav,3:54,2026-06-13,2026-08-08,RADIO_ONLY
SALT & SILENCE,Vael Cross,Aşkın Öztürk,Aşkın Öztürk,Esin Banu Öztürk,Aşkın Öztürk & Esin Banu Öztürk (AURA SONİC OFFİCİAL),ecbb3ed902f7caa942a7f446f9709ff79a55503f72018a4a0d3ffa2888782198, clean_SALT & SILENCE.wav,4:32,2026-05-30,2026-08-08,RADIO_ONLY
SALT SİLENCE-Vael Cross,Vael Cross,Aşkın Öztürk,Aşkın Öztürk,Esin Banu Öztürk,Aşkın Öztürk & Esin Banu Öztürk (AURA SONİC OFFİCİAL),99616bcbb1e9988bc055bef3eb58706a501981da05784d45a7480fc672c714fc, clean_SALT SİLENCE-Vael Cross.mp3,4:32,2026-07-28,2026-08-08,RADIO_ONLY
STRONGER THAN THE STORM,Vael Cross,Aşkın Öztürk,Aşkın Öztürk,Esin Banu Öztürk,Aşkın Öztürk & Esin Banu Öztürk (AURA SONİC OFFİCİAL),a0ad52f61e9d7eb678db2d710cb63f8026567a243d241bbee39cb6d1e957a2a2,STRONGER THAN THE STORM.wav,4:43,2026-06-13,2026-08-08,RADIO_ONLY
Slow Goodbye,Vael Cross,Aşkın Öztürk,Aşkın Öztürk,Esin Banu Öztürk,Aşkın Öztürk & Esin Banu Öztürk (AURA SONİC OFFİCİAL),14745e1f8e76fdb7e5137d5ae735751ecd25c79250aa9b1958a58489ba8450db,sarki.wav,3:42,2026-06-07,2026-08-08,RADIO_ONLY
TEAR MY HEART,Vael Cross,Aşkın Öztürk,Aşkın Öztürk,Esin Banu Öztürk,Aşkın Öztürk & Esin Banu Öztürk (AURA SONİC OFFİCİAL),52be2a543cf47085d41a1a432795ec551913aea8534e703ad9c79becf174e63c, clean_TEAR MY HEART.wav,3:24,2026-05-30,2026-08-08,RADIO_ONLY
TEETH OF THE NIGHT,Vael Cross,Aşkın Öztürk,Aşkın Öztürk,Esin Banu Öztürk,Aşkın Öztürk & Esin Banu Öztürk (AURA SONİC OFFİCİAL),925d3bb597dd4c4cecba7b18308222f12ccfa10ce7a8a9ad6fa3956eda8c296f,TEETH OF THE NIGHT.wav,4:37,2026-06-13,2026-08-08,RADIO_ONLY
TELL ME WHEN IM WRONG,Vael Cross,Aşkın Öztürk,Aşkın Öztürk,Esin Banu Öztürk,Aşkın Öztürk & Esin Banu Öztürk (AURA SONİC OFFİCİAL),4e75d38be0613ce0c0d29471bc8a0502205fb53ae5c52a7813ed47a15c6b11ff, clean_30-08-26-VAEL CROSS-TELL ME WHEN IM WRONG.mp3,5:09,2026-08-30,2026-08-31,RADIO_ONLY
THE ARCHIVE OF SHADOWS,Vael Cross,Aşkın Öztürk,Aşkın Öztürk,Esin Banu Öztürk,Aşkın Öztürk & Esin Banu Öztürk (AURA SONİC OFFİCİAL),f2b415d930d14cae0be5fb4f0c0e07374b45cf3ff4a604a7e28a4619c8531938,sarki.wav,4:42,2026-06-12,2026-08-08,RADIO_ONLY
THE COST OF STAYING,Vael Cross,Aşkın Öztürk,Aşkın Öztürk,Esin Banu Öztürk,Aşkın Öztürk & Esin Banu Öztürk (AURA SONİC OFFİCİAL),9c0bd8fcd96cf81f50ad29c03ec7ce92bd5653248be5abb67e4521047e2f151f,VAEL CROSS — THE COST OF STAYING.wav,3:22,2026-09-10,2026-09-10,RADIO_ONLY
THE LAST GOOD VERSION,Vael Cross,Aşkın Öztürk,Aşkın Öztürk,Esin Banu Öztürk,Aşkın Öztürk & Esin Banu Öztürk (AURA SONİC OFFİCİAL),12906a0289e67b285cda72117f6a48f2138324f2314d5f0da9f7ea07c39cb1e4,VAEL CROSS — THE LAST GOOD VERSION.wav,3:07,2026-09-10,2026-09-10,RADIO_ONLY
THE THING I DIDN'T SAY,Vael Cross,Aşkın Öztürk,Aşkın Öztürk,Esin Banu Öztürk,Aşkın Öztürk & Esin Banu Öztürk (AURA SONİC OFFİCİAL),e977e8723d345eb31538096a1f4a1edc8785aab87a2ebfaeaf1dde4a8647d959,VAEL CROSS — THE THING I DIDN'T SAY.wav,3:07,2026-09-10,2026-09-10,RADIO_ONLY
VAEL – Heaven Looked Better On You,Vael Cross,Aşkın Öztürk,Aşkın Öztürk,Esin Banu Öztürk,Aşkın Öztürk & Esin Banu Öztürk (AURA SONİC OFFİCİAL),48c1039469f920707ca8ebca3c8b77b5d83d78e4722a43844e8cb853d66cbe24, clean_VAEL – Heaven Looked Better On You.wav,4:01,2026-05-30,2026-08-08,RADIO_ONLY
VAEL – I Left the Light On,Vael Cross,Aşkın Öztürk,Aşkın Öztürk,Esin Banu Öztürk,Aşkın Öztürk & Esin Banu Öztürk (AURA SONİC OFFİCİAL),e4b4774a8ec9b2474874afdc711ac55c9441eca192e8cefe72e95d2ba3045d19, clean_VAEL – I Left the Light On.wav,3:39,2026-05-30,2026-08-08,RADIO_ONLY
VAEL – If You Call Tonight,Vael Cross,Aşkın Öztürk,Aşkın Öztürk,Esin Banu Öztürk,Aşkın Öztürk & Esin Banu Öztürk (AURA SONİC OFFİCİAL),37e4f0a9583a159a876f63485957e85e90bd700e7bc5ac3a8ddad92fc3aa929f, clean_VAEL – If You Call Tonight.wav,3:59,2026-05-30,2026-08-08,RADIO_ONLY
VAEL – Love Me Like It’s Over,Vael Cross,Aşkın Öztürk,Aşkın Öztürk,Esin Banu Öztürk,Aşkın Öztürk & Esin Banu Öztürk (AURA SONİC OFFİCİAL),f117a9b8a3bb43d999fbb29ff71e9374b5ea22f6755dc4a9f9aa810a350c9bd7, clean_VAEL – Love Me Like It’s Over.wav,3:28,2026-05-30,2026-08-08,RADIO_ONLY
VAEL – Slow Goodbye,Vael Cross,Aşkın Öztürk,Aşkın Öztürk,Esin Banu Öztürk,Aşkın Öztürk & Esin Banu Öztürk (AURA SONİC OFFİCİAL),92251fab07b22e9e2a5f30c2fb4c62863bd16f806acea7308b57375a3e589a9b, clean_VAEL – Slow Goodbye.wav,3:42,2026-05-30,2026-08-08,RADIO_ONLY
VELVET STATIC,Vael Cross,Aşkın Öztürk,Aşkın Öztürk,Esin Banu Öztürk,Aşkın Öztürk & Esin Banu Öztürk (AURA SONİC OFFİCİAL),a5d2407fc72cbf47153905e41ac0a6a77a0e98ce9fbe02ac1b7b0163108edc07,sarki.wav,4:46,2026-06-12,2026-08-08,RADIO_ONLY
VELVET STATIC-Vael Cross,Vael Cross,Aşkın Öztürk,Aşkın Öztürk,Esin Banu Öztürk,Aşkın Öztürk & Esin Banu Öztürk (AURA SONİC OFFİCİAL),df033e954ef0d09aa14f015c6d5253d20a50b38d08ae86009914fcd5c37b6752, clean_VELVET STATIC-Vael Cross.mp3,4:42,2026-07-28,2026-08-08,RADIO_ONLY
Vael Cross NO SCORE TO KEEP,Vael Cross,Aşkın Öztürk,Aşkın Öztürk,Esin Banu Öztürk,Aşkın Öztürk & Esin Banu Öztürk (AURA SONİC OFFİCİAL),6f0d12a30763014355d02046dbadafa6ba5b9c9ebafbaa6212dc63cbc125a0a5, clean_Vael Cross NO SCORE TO KEEP.mp3,4:14,2026-08-08,2026-08-08,RADIO_ONLY
Vael Cross Riot Heart Master,Vael Cross,Aşkın Öztürk,Aşkın Öztürk,Esin Banu Öztürk,Aşkın Öztürk & Esin Banu Öztürk (AURA SONİC OFFİCİAL),dad180e77066fe64ea1310ba64d348d36334c84114c15a0ecb1af8824b76ac7c, clean_Vael_Cross_Riot_Heart_Master.wav,0:29,2026-05-30,2026-08-08,RADIO_ONLY
Vael Cross-EVERY REASON SAYS LEAVE,Vael Cross,Aşkın Öztürk,Aşkın Öztürk,Esin Banu Öztürk,Aşkın Öztürk & Esin Banu Öztürk (AURA SONİC OFFİCİAL),e04fa7f70fdac7a1eee7b5cc5b49630cd54f4572e0563f992e008cd9caf832b7, clean_Vael Cross-EVERY REASON SAYS LEAVE.mp3,4:19,2026-08-08,2026-08-08,RADIO_ONLY
Vael Cross-I Was Patient,Vael Cross,Aşkın Öztürk,Aşkın Öztürk,Esin Banu Öztürk,Aşkın Öztürk & Esin Banu Öztürk (AURA SONİC OFFİCİAL),1e3e34de9f23e95245e2d563dc246454fe0c0ed406205c149e5083ceadfda70e, clean_Vael Cross-I Was Patient.mp3,3:34,2026-08-08,2026-08-08,RADIO_ONLY
Vael Cross-KNOWING ISNT ENOUGH,Vael Cross,Aşkın Öztürk,Aşkın Öztürk,Esin Banu Öztürk,Aşkın Öztürk & Esin Banu Öztürk (AURA SONİC OFFİCİAL),f25cc3c9a72f41d6d9f406fdd3c2391b805819ababa73d61a9c1c29236464577, clean_Vael Cross-KNOWING ISNT ENOUGH.mp3,4:06,2026-08-08,2026-08-08,RADIO_ONLY
Vael Cross-THIS ISNT LOVE ANYMORE,Vael Cross,Aşkın Öztürk,Aşkın Öztürk,Esin Banu Öztürk,Aşkın Öztürk & Esin Banu Öztürk (AURA SONİC OFFİCİAL),951efc543e4ee0284f5e79617c880e9202cbab926f0558f68021e9397bb58390, clean_Vael Cross-THIS ISNT LOVE ANYMORE.mp3,3:17,2026-08-08,2026-08-08,RADIO_ONLY
Vael Cross-WHAT HAPPENS NEXT,Vael Cross,Aşkın Öztürk,Aşkın Öztürk,Esin Banu Öztürk,Aşkın Öztürk & Esin Banu Öztürk (AURA SONİC OFFİCİAL),645466099341acf0c35b23aea20f663ebf269c0063d2942ea8e40c2a1f6327b6, clean_Vael Cross-WHAT HAPPENS NEXT.mp3,4:02,2026-08-08,2026-08-08,RADIO_ONLY
Vael Cross-YOU DID NOTHING WRONG,Vael Cross,Aşkın Öztürk,Aşkın Öztürk,Esin Banu Öztürk,Aşkın Öztürk & Esin Banu Öztürk (AURA SONİC OFFİCİAL),8a05642e62d09f05fdb15ea7e59621be0cdb2e28f22e4d059e261c86dbeb2d89, clean_Vael Cross-YOU DID NOTHING WRONG.mp3,4:19,2026-08-08,2026-08-08,RADIO_ONLY
WEARING THIN,Vael Cross,Aşkın Öztürk,Aşkın Öztürk,Esin Banu Öztürk,Aşkın Öztürk & Esin Banu Öztürk (AURA SONİC OFFİCİAL),d765ba45348460c05f9944c6919e2aba327c3b0cafbaea8d405b9fc6eac62c55,VAEL CROSS — WEARING THIN.wav,3:08,2026-09-10,2026-09-10,RADIO_ONLY
WHEN THE ROOM GOES STILL,Vael Cross,Aşkın Öztürk,Aşkın Öztürk,Esin Banu Öztürk,Aşkın Öztürk & Esin Banu Öztürk (AURA SONİC OFFİCİAL),638039e392a0b2215822c72a487e64031329a83af89c1c62324cbff65420eefb,VAEL CROSS — WHEN THE ROOM GOES STILL.wav,3:22,2026-09-10,2026-09-10,RADIO_ONLY
WHERE THE ANGER WENT,Vael Cross,Aşkın Öztürk,Aşkın Öztürk,Esin Banu Öztürk,Aşkın Öztürk & Esin Banu Öztürk (AURA SONİC OFFİCİAL),adc5d5841e00c53f2a53c33ea00211f7d243b503781ca17a6aededa67a1534d4,VAEL CROSS — WHERE THE ANGER WENT.wav,3:12,2026-09-10,2026-09-10,RADIO_ONLY
YAKDA GİT,Vael Cross,Aşkın Öztürk,Aşkın Öztürk,Esin Banu Öztürk,Aşkın Öztürk & Esin Banu Öztürk (AURA SONİC OFFİCİAL),b00864d8ee2560fecd146af56889277ff9435aa1d3ec1bbf523399ae12f82f13,YAKDA GİT.mp3,3:53,2026-03-15,2026-08-08,RADIO_ONLY
You Were My Love,Vael Cross,Aşkın Öztürk,Aşkın Öztürk,Esin Banu Öztürk,Aşkın Öztürk & Esin Banu Öztürk (AURA SONİC OFFİCİAL),c41e17e757ea5f89ad8715c38923651653262e6c64bab3cb5b590ef75417f147, clean_You Were My Love.wav,3:32,2026-05-30,2026-08-08,RADIO_ONLY
vael seslendirecek-dark angel,Vael Cross,Aşkın Öztürk,Aşkın Öztürk,Esin Banu Öztürk,Aşkın Öztürk & Esin Banu Öztürk (AURA SONİC OFFİCİAL),4a2bed6bb95ee0169d3ce1d4d40fb4dbce95ef5626ef9fff9f226df1cc82d8a3, clean_vael seslendirecek-dark angel.wav,3:28,2026-05-30,2026-08-08,RADIO_ONLY
yeni-VAEL CROSS - THE ARCHIVE OF SHADOWS,Vael Cross,Aşkın Öztürk,Aşkın Öztürk,Esin Banu Öztürk,Aşkın Öztürk & Esin Banu Öztürk (AURA SONİC OFFİCİAL),29b047a6b3f2be61b1be6b6fe3876ba8003bcd6bbfce6b7de3ef3aaf06b035eb, clean_yeni-VAEL CROSS - _THE ARCHIVE OF SHADOWS_.wav,4:42,2026-05-30,2026-08-08,RADIO_ONLY
BAILAMOS UNA VEZ MÁS,Valeria Montoya,Aşkın Öztürk,Aşkın Öztürk,Esin Banu Öztürk,Aşkın Öztürk & Esin Banu Öztürk (AURA SONİC OFFİCİAL),603f3e5ad73f47f41711bbaa0ea1169e03d639a4696dbcaa5d292cfa12f16815,Valeria Montoya-BAILAMOS UNA VEZ MÁS.wav,4:00,2026-08-10,2026-08-08,RADIO_ONLY
FUERTE SIN PEDIR PERMISO,Valeria Montoya,Aşkın Öztürk,Aşkın Öztürk,Esin Banu Öztürk,Aşkın Öztürk & Esin Banu Öztürk (AURA SONİC OFFİCİAL),18c529e3dc65f2dc59e1162aa65d436a56fd171fde8246a7ae3aaa801668baae,09-08-26-Valeria Montoya -FUERTE SIN PEDIR PERMISO.wav,3:27,2026-08-11,2026-08-10,RADIO_ONLY
LA CASA SIGUE EN MÍ,Valeria Montoya,Aşkın Öztürk,Aşkın Öztürk,Esin Banu Öztürk,Aşkın Öztürk & Esin Banu Öztürk (AURA SONİC OFFİCİAL),81c18c04489606d267ebf886ae527e3bce2211a94a84dd3cbf6de044860c688a,Valeria Montoya- LA CASA SIGUE EN MÍ.mp3,5:57,2026-07-23,2026-08-08,RADIO_ONLY
MENOS NOSOTROS DOS,Valeria Montoya,Aşkın Öztürk,Aşkın Öztürk,Esin Banu Öztürk,Aşkın Öztürk & Esin Banu Öztürk (AURA SONİC OFFİCİAL),6490b73eec86961af29de59a138e06e879f71b2158dd06a0de4907541dd8167b,09-08-26-Valeria Montoya -MENOS NOSOTROS DOS.wav,4:09,2026-08-11,2026-08-10,RADIO_ONLY
MI LUGAR TODAVÍA ERES TÚ,Valeria Montoya,Aşkın Öztürk,Aşkın Öztürk,Esin Banu Öztürk,Aşkın Öztürk & Esin Banu Öztürk (AURA SONİC OFFİCİAL),5842e92f11d6836f851e1695c621914b183fad3441d8a45f127ab8b9ded5449d,Valeria Montoya- MI LUGAR TODAVÍA ERES TÚ.mp3,3:46,2026-07-23,2026-08-08,RADIO_ONLY
NO SABES QUÉ ME PESA,Valeria Montoya,Aşkın Öztürk,Aşkın Öztürk,Esin Banu Öztürk,Aşkın Öztürk & Esin Banu Öztürk (AURA SONİC OFFİCİAL),83a5489f0671438e1f6262a1fd6c15f491de28a6a11dec813f6d017eb1f1862e,09-08-26-Valeria Montoya -NO SABES QUÉ ME PESA.wav,3:54,2026-08-11,2026-08-10,RADIO_ONLY
NUNCA ESTUVIMOS COMPITIENDO,Valeria Montoya,Aşkın Öztürk,Aşkın Öztürk,Esin Banu Öztürk,Aşkın Öztürk & Esin Banu Öztürk (AURA SONİC OFFİCİAL),ba54929fa1d6ffbd18c5e896a16d3e4852f51599099db1444c981380f5f926bf,09-08-26-Valeria Montoya -NUNCA ESTUVIMOS COMPITIENDO.wav,3:14,2026-08-11,2026-08-10,RADIO_ONLY
"TE QUIERO, PERO NO ME PIERDO",Valeria Montoya,Aşkın Öztürk,Aşkın Öztürk,Esin Banu Öztürk,Aşkın Öztürk & Esin Banu Öztürk (AURA SONİC OFFİCİAL),50d713fb7d23d3a4cdf836dad0d9ca87f2de89f7790b960f53562069ab50641f,"Valeria Montoya-TE QUIERO, PERO NO ME PIERDO (1).wav",4:00,2026-08-10,2026-08-08,RADIO_ONLY
TODAVÍA NO EXISTE,Valeria Montoya,Aşkın Öztürk,Aşkın Öztürk,Esin Banu Öztürk,Aşkın Öztürk & Esin Banu Öztürk (AURA SONİC OFFİCİAL),9b96b09b14eed6c5a10cc501886ecaca08ac2081ac14d0480c839929eca2c4f6,09-08-26-Valeria Montoya  -TODAVÍA NO EXISTE.wav,3:44,2026-08-11,2026-08-10,RADIO_ONLY
Valeria Montoya.- LA CASA SIGUE EN MÍ,Valeria Montoya,Aşkın Öztürk,Aşkın Öztürk,Esin Banu Öztürk,Aşkın Öztürk & Esin Banu Öztürk (AURA SONİC OFFİCİAL),986b50cd5bbbc6b0f1ed97017e1ae4b61a0d7ebf9ab2d53fd3e45716c7e550f8,Valeria Montoya.- LA CASA SIGUE EN MÍ.wav,5:57,2026-08-10,2026-08-31,RADIO_ONLY
Valeria Montoya.- MI LUGAR TODAVÍA ERES TÚ,Valeria Montoya,Aşkın Öztürk,Aşkın Öztürk,Esin Banu Öztürk,Aşkın Öztürk & Esin Banu Öztürk (AURA SONİC OFFİCİAL),c5b9f0caa162deca78d6189b876752099b750b0d3634eb1863cb34ecba775a44,Valeria Montoya.-  MI LUGAR TODAVÍA ERES TÚ.wav,3:46,2026-08-10,2026-08-31,RADIO_ONLY
A DAY WITHOUT IMPROVING,Vera Cobal,Aşkın Öztürk,Aşkın Öztürk,Esin Banu Öztürk,Aşkın Öztürk & Esin Banu Öztürk (AURA SONİC OFFİCİAL),d1a796daa13945e57510134999a59a15130b097f03b159f92d571a55d4719622,VERA COBAL — A DAY WITHOUT IMPROVING.wav,2:54,2026-09-10,2026-09-10,RADIO_ONLY
CUANDO DIGO NO,Vera Cobal,Aşkın Öztürk,Aşkın Öztürk,Esin Banu Öztürk,Aşkın Öztürk & Esin Banu Öztürk (AURA SONİC OFFİCİAL),001a362a2466840c4c471a18317df242413471a22b6429939ec50e83f5c36b02,clean_VERA COBAL — CUANDO DIGO NO.wav,3:06,2026-09-12,2026-09-12,RADIO_ONLY
EL SOBRE CORRECTO,Vera Cobal,Aşkın Öztürk,Aşkın Öztürk,Esin Banu Öztürk,Aşkın Öztürk & Esin Banu Öztürk (AURA SONİC OFFİCİAL),034b5af0027f548c6426739de140566805cb1f29e7ec24576817c0a33cb304c8,24-07-26-VERA COBAL-EL SOBRE CORRECTO.wav,3:11,2026-08-10,2026-08-08,RADIO_ONLY
HOY BAILO POR MÍ,Vera Cobal,Aşkın Öztürk,Aşkın Öztürk,Esin Banu Öztürk,Aşkın Öztürk & Esin Banu Öztürk (AURA SONİC OFFİCİAL),ec6ccd2e0d054ec253974590995ca0d7be71681fae772355d2c074b412004c7d,clean_VERA COBAL — HOY BAILO POR MÍ.wav,3:11,2026-09-12,2026-09-12,RADIO_ONLY
HOY NO ME ESCONDO,Vera Cobal,Aşkın Öztürk,Aşkın Öztürk,Esin Banu Öztürk,Aşkın Öztürk & Esin Banu Öztürk (AURA SONİC OFFİCİAL),211afe48544bce81a3426cf5a9cab4b06a78afb9486cf27f9674e10a616381e8,clean_VERA COBAL — HOY NO ME ESCONDO.wav,3:09,2026-09-12,2026-09-12,RADIO_ONLY
I DON'T NEED TO BE INTERESTING,Vera Cobal,Aşkın Öztürk,Aşkın Öztürk,Esin Banu Öztürk,Aşkın Öztürk & Esin Banu Öztürk (AURA SONİC OFFİCİAL),121168be5befc96cc15511a4847243a3cf056b15eb7020cb0adc768c1af95df2,VERA COBAL — I DON'T NEED TO BE INTERESTING.wav,2:59,2026-09-10,2026-09-10,RADIO_ONLY
I HOPE YOU'RE BORING NOW,Vera Cobal,Aşkın Öztürk,Aşkın Öztürk,Esin Banu Öztürk,Aşkın Öztürk & Esin Banu Öztürk (AURA SONİC OFFİCİAL),c4f6729c9dcb24e7ad2eb6fe666e2ed2913a0f8ebbc59318d700c751ada5df62,VERA COBAL — I HOPE YOU'RE BORING NOW.wav,2:54,2026-09-10,2026-09-10,RADIO_ONLY
I LEFT BEFORE MIDNIGHT,Vera Cobal,Aşkın Öztürk,Aşkın Öztürk,Esin Banu Öztürk,Aşkın Öztürk & Esin Banu Öztürk (AURA SONİC OFFİCİAL),24c84cba908c2e50d6e275bef3c541861736b2cbb938ca4abfd301922d16b560,VERA COBAL — I LEFT BEFORE MIDNIGHT.wav,2:43,2026-09-10,2026-09-10,RADIO_ONLY
I WASN'T JEALOUS OF HER,Vera Cobal,Aşkın Öztürk,Aşkın Öztürk,Esin Banu Öztürk,Aşkın Öztürk & Esin Banu Öztürk (AURA SONİC OFFİCİAL),8e8d0437e00fbe1e0b1bd36be0ca996de7fcd1c74b3aa23f391cb902c70f359b,VERA COBAL — I WASN'T JEALOUS OF HER.wav,3:00,2026-09-10,2026-09-10,RADIO_ONLY
LA M NO CIERRA,Vera Cobal,Aşkın Öztürk,Aşkın Öztürk,Esin Banu Öztürk,Aşkın Öztürk & Esin Banu Öztürk (AURA SONİC OFFİCİAL),fb0e2715cd743813acb830f09235fe9c4ee5fa914d1344771381099101016572,24-07-26-VERA COBAL-LA M NO CIERRA.wav,3:08,2026-08-10,2026-08-08,RADIO_ONLY
LO DEJÉ EN LA PUERTA,Vera Cobal,Aşkın Öztürk,Aşkın Öztürk,Esin Banu Öztürk,Aşkın Öztürk & Esin Banu Öztürk (AURA SONİC OFFİCİAL),3acef1d7515696abae397a2dc666b16722c53aac3f0c58d78b96142521e76d3e,clean_VERA COBAL — LO DEJÉ EN LA PUERTA.wav,2:49,2026-09-12,2026-09-12,RADIO_ONLY
ME QUEDA LA RISA,Vera Cobal,Aşkın Öztürk,Aşkın Öztürk,Esin Banu Öztürk,Aşkın Öztürk & Esin Banu Öztürk (AURA SONİC OFFİCİAL),b077ac63511e90d0e210abe9a9fb887b8feff387693ebdfc149c613be2ec8cd5,clean_VERA COBAL — ME QUEDA LA RISA.wav,3:09,2026-09-12,2026-09-12,RADIO_ONLY
MI PRIMERA MEDIDA,Vera Cobal,Aşkın Öztürk,Aşkın Öztürk,Esin Banu Öztürk,Aşkın Öztürk & Esin Banu Öztürk (AURA SONİC OFFİCİAL),85cabeb0ab51ca35a8474a9dc6b82974b38ed80f51542d8a6fae1699d985f9d8,09-08-26-Vera Cobal  - MI PRIMERA MEDIDA.wav,2:59,2026-08-11,2026-08-10,RADIO_ONLY
MY NAME ON THE WORK,Vera Cobal,Aşkın Öztürk,Aşkın Öztürk,Esin Banu Öztürk,Aşkın Öztürk & Esin Banu Öztürk (AURA SONİC OFFİCİAL),951020f76cad1ba97aba159502fef42a18cd8a2e3715609d9b93d7942e8d4b06,VERA COBAL — MY NAME ON THE WORK.wav,2:39,2026-09-10,2026-09-10,RADIO_ONLY
MÍRAME DE FRENTE,Vera Cobal,Aşkın Öztürk,Aşkın Öztürk,Esin Banu Öztürk,Aşkın Öztürk & Esin Banu Öztürk (AURA SONİC OFFİCİAL),cf296d99ee8cb3cdcee7406c5f841d26dc3eb5bffecb6687a682386001ee96d7,clean_VERA COBAL — MÍRAME DE FRENTE.wav,2:36,2026-09-12,2026-09-12,RADIO_ONLY
NO HABÍA RESPALDO,Vera Cobal,Aşkın Öztürk,Aşkın Öztürk,Esin Banu Öztürk,Aşkın Öztürk & Esin Banu Öztürk (AURA SONİC OFFİCİAL),e8c9cdeb11b43e7ef4fed8bf7fca275a91f908e37069d2c7160d57f6816bf52f,24-07-26-VERA COBAL-NO HABÍA RESPALDO.wav,3:10,2026-08-10,2026-08-08,RADIO_ONLY
NO ME COMPRES CON FLORES,Vera Cobal,Aşkın Öztürk,Aşkın Öztürk,Esin Banu Öztürk,Aşkın Öztürk & Esin Banu Öztürk (AURA SONİC OFFİCİAL),688c3cc2514e31a1514164abc113e816bdbb674e0497ab646eaf519a1a2bbd2d,clean_VERA COBAL — NO ME COMPRES CON FLORES.wav,3:15,2026-09-12,2026-09-12,RADIO_ONLY
NO ME QUEDO QUIETA,Vera Cobal,Aşkın Öztürk,Aşkın Öztürk,Esin Banu Öztürk,Aşkın Öztürk & Esin Banu Öztürk (AURA SONİC OFFİCİAL),f38d39ced76ac1d267ed999d543a37d0979102ecfee034fcd677f46718fc6a3a,clean_VERA COBAL — NO ME QUEDO QUIETA.wav,2:59,2026-09-12,2026-09-12,RADIO_ONLY
NO ME RÍO MÁS,Vera Cobal,Aşkın Öztürk,Aşkın Öztürk,Esin Banu Öztürk,Aşkın Öztürk & Esin Banu Öztürk (AURA SONİC OFFİCİAL),76dd110e6f7d943b805caad36d9f5d4184e97205f8fd716ab8c6c62f22c59d10,09-08-26-Vera Cobal  - NO ME RÍO MÁS.wav,2:48,2026-08-11,2026-08-10,RADIO_ONLY
NO PHOTO OF THIS,Vera Cobal,Aşkın Öztürk,Aşkın Öztürk,Esin Banu Öztürk,Aşkın Öztürk & Esin Banu Öztürk (AURA SONİC OFFİCİAL),f9b3fe4cd74615e0c96536952f7d168ee8ce58e88be8097c5302a34a115ad505,VERA COBAL — NO PHOTO OF THIS.wav,3:10,2026-09-10,2026-09-10,RADIO_ONLY
NO SOY TU SECRETO,Vera Cobal,Aşkın Öztürk,Aşkın Öztürk,Esin Banu Öztürk,Aşkın Öztürk & Esin Banu Öztürk (AURA SONİC OFFİCİAL),0f4c4521f84638cbc0e7424ecdb6852fcf5dd473de6924ed3fa38fdd4c125bf8,clean_VERA COBAL — NO SOY TU SECRETO.wav,3:03,2026-09-12,2026-09-12,RADIO_ONLY
NOT A SIGN,Vera Cobal,Aşkın Öztürk,Aşkın Öztürk,Esin Banu Öztürk,Aşkın Öztürk & Esin Banu Öztürk (AURA SONİC OFFİCİAL),7da47e6d78b1925e180512716e92388312b677348f4404e1f75da7b3f7f4fe4f,VERA COBAL — NOT A SIGN.wav,2:41,2026-09-10,2026-09-10,RADIO_ONLY
QUE ME SIGA EL SOL,Vera Cobal,Aşkın Öztürk,Aşkın Öztürk,Esin Banu Öztürk,Aşkın Öztürk & Esin Banu Öztürk (AURA SONİC OFFİCİAL),e67d9801bb49c9cd51d945555fda141614661573bff2a7cec42d52973b9bd2a1,clean_VERA COBAL — QUE ME SIGA EL SOL.wav,3:09,2026-09-12,2026-09-12,RADIO_ONLY
QUIET DAMAGE,Vera Cobal,Aşkın Öztürk,Aşkın Öztürk,Esin Banu Öztürk,Aşkın Öztürk & Esin Banu Öztürk (AURA SONİC OFFİCİAL),bda5fadcd9b25854498fceb0ba774d251b2448e293fa3d9b09439bccacfcb9e5,clean_VERA KOBAL-QUIET DAMAGE — yayın master.wav,2:22,2026-09-06,2026-09-06,RADIO_ONLY
SU INFANCIA NO,Vera Cobal,Aşkın Öztürk,Aşkın Öztürk,Esin Banu Öztürk,Aşkın Öztürk & Esin Banu Öztürk (AURA SONİC OFFİCİAL),4b4683ee15b21d1f06497596fe85cc7cad33973a0b554ed2fc6fa7fc5cf834bd,09-08-26-Vera Cobal  - SU INFANCIA NO.wav,3:38,2026-08-11,2026-08-10,RADIO_ONLY
SÓLO FRENTE A TESTIGOS,Vera Cobal,Aşkın Öztürk,Aşkın Öztürk,Esin Banu Öztürk,Aşkın Öztürk & Esin Banu Öztürk (AURA SONİC OFFİCİAL),cc3398ac72636f38d9c2a1bd488a72cca1e1717f45d3c99d090158e77d6a39d8,09-08-26-Vera Cobal  - SÓLO FRENTE A TESTIGOS.wav,2:49,2026-08-11,2026-08-10,RADIO_ONLY
THE LAST TIME I CHECKED,Vera Cobal,Aşkın Öztürk,Aşkın Öztürk,Esin Banu Öztürk,Aşkın Öztürk & Esin Banu Öztürk (AURA SONİC OFFİCİAL),d8a39df0f27a5fbcd697a09b07839f25cfa0d2f0d82a0f0f23d5f786f3ac17a2,VERA COBAL — THE LAST TIME I CHECKED.wav,2:46,2026-09-10,2026-09-10,RADIO_ONLY
WHEN FUN BECAME WORK,Vera Cobal,Aşkın Öztürk,Aşkın Öztürk,Esin Banu Öztürk,Aşkın Öztürk & Esin Banu Öztürk (AURA SONİC OFFİCİAL),56f1bf136d2addab0132ce9cf7283307698e1d0396ececceb74f5079825965de,VERA COBAL — WHEN FUN BECAME WORK.wav,2:59,2026-09-10,2026-09-10,RADIO_ONLY
YA NI DISCUTIMOS,Vera Cobal,Aşkın Öztürk,Aşkın Öztürk,Esin Banu Öztürk,Aşkın Öztürk & Esin Banu Öztürk (AURA SONİC OFFİCİAL),136b116bddc8a4a85daec9e33ab2e5f5765324300c7b5bf46f3c4da7ec218da0,09-08-26-Vera Cobal  - YA NI DISCUTIMOS.wav,2:59,2026-08-11,2026-08-10,RADIO_ONLY
Baila Aunque Duela,Zayra Belovi,Aşkın Öztürk,Aşkın Öztürk,Esin Banu Öztürk,Aşkın Öztürk & Esin Banu Öztürk (AURA SONİC OFFİCİAL),5995f65c88f5929fd797cd99534aa2f97f87816b988f741b4399904a844b2b5d,Zayra Beluvi - Baila Aunque Duela.mp3,2:52,2026-07-11,2026-08-08,RADIO_ONLY
Baila Sin Parar,Zayra Belovi,Aşkın Öztürk,Aşkın Öztürk,Esin Banu Öztürk,Aşkın Öztürk & Esin Banu Öztürk (AURA SONİC OFFİCİAL),f511f8773f3085e6056d1fe65d9bc11e80838359d209fe274a4c50e5506a6224,ZAYRA-Baila Sin Parar.mp3,2:49,2026-07-02,2026-08-08,RADIO_ONLY
Bailo Mejor Sola,Zayra Belovi,Aşkın Öztürk,Aşkın Öztürk,Esin Banu Öztürk,Aşkın Öztürk & Esin Banu Öztürk (AURA SONİC OFFİCİAL),39ea075cc854ab437ed49da691a777ae077f7d1b6a368820db559cb290576180,Zayra Beluvi - Bailo Mejor Sola.mp3,3:07,2026-07-11,2026-08-08,RADIO_ONLY
Digan Mi Nombre,Zayra Belovi,Aşkın Öztürk,Aşkın Öztürk,Esin Banu Öztürk,Aşkın Öztürk & Esin Banu Öztürk (AURA SONİC OFFİCİAL),7387142dc5bced36daac67e4272f4ed3701026c6c5ad320ca110ec11241b1c06,Zayra Beluvi - Digan Mi Nombre.mp3,3:05,2026-07-11,2026-08-08,RADIO_ONLY
NO SÉ BAILAR LEJOS DE TI,Zayra Belovi,Aşkın Öztürk,Aşkın Öztürk,Esin Banu Öztürk,Aşkın Öztürk & Esin Banu Öztürk (AURA SONİC OFFİCİAL),0162286129293b067096102d5380f7cec9591864c5a59f20b1daf51bd2ce11db,28-07-26-Zayra Belovi -NO SÉ BAILAR LEJOS DE TI.wav,4:14,2026-08-11,2026-08-08,RADIO_ONLY
SE ROMPIÓ EL TACÓN,Zayra Belovi,Aşkın Öztürk,Aşkın Öztürk,Esin Banu Öztürk,Aşkın Öztürk & Esin Banu Öztürk (AURA SONİC OFFİCİAL),fac1cf9604f1c6c477105dfbde26baa6f1b0f5bc5dbc5fe29595436bb178c95e,Zayra Beluvi-SE ROMPIÓ EL TACÓN.wav,3:52,2026-08-11,2026-08-31,RADIO_ONLY
Sal no Pulso,Zayra Belovi,Aşkın Öztürk,Aşkın Öztürk,Esin Banu Öztürk,Aşkın Öztürk & Esin Banu Öztürk (AURA SONİC OFFİCİAL),5a9c8b084c219f5fde45f2cd90e203c61be59d51bae380aafd96c224a604fc4e,Zayra Beluvi - Sal no Pulso.mp3,2:59,2026-07-11,2026-08-08,RADIO_ONLY
Verano Sin Freno,Zayra Belovi,Aşkın Öztürk,Aşkın Öztürk,Esin Banu Öztürk,Aşkın Öztürk & Esin Banu Öztürk (AURA SONİC OFFİCİAL),ba90a4cb514b041dab9f5c8624d6320583cca4e817a0ea7863e91ed92004fede,ZAYRA BELUVI-Verano Sin Freno.mp3,3:07,2026-07-11,2026-08-08,RADIO_ONLY
Zayra Beluvi-SE ROMPIÓ EL TACÓN,Zayra Belovi,Aşkın Öztürk,Aşkın Öztürk,Esin Banu Öztürk,Aşkın Öztürk & Esin Banu Öztürk (AURA SONİC OFFİCİAL),e16350f143a9cadd744ab81181b4c57aea489b5293689f72b8f62e11add43d38, clean_Zayra Beluvi-SE ROMPIÓ EL TACÓN.mp3,3:52,2026-08-07,2026-08-08,RADIO_ONLY
SEVİMLİ - DENİZDE BULDUM KENDİMİ,İrem Sevimli,Aşkın Öztürk,Aşkın Öztürk,Esin Banu Öztürk,Aşkın Öztürk & Esin Banu Öztürk (AURA SONİC OFFİCİAL),043757c76520d22b2c2f3323cf4ce48331b65104d2190cf62c6ec1bf499df165,İREM SEVİMLİ - DENİZDE BULDUM KENDİMİ.mp3,3:19,2026-07-18,2026-08-08,RADIO_ONLY
SEVİMLİ-MEĞER SENİ BEKLİYORDUM,İrem Sevimli,Aşkın Öztürk,Aşkın Öztürk,Esin Banu Öztürk,Aşkın Öztürk & Esin Banu Öztürk (AURA SONİC OFFİCİAL),776ecc99d754a7805e09f71dd4aa4ab6107cf83f46dc5e26eba923d514980a35,İREM SEVİMLİ-MEĞER SENİ BEKLİYORDUM.mp3,4:12,2026-08-02,2026-08-08,RADIO_ONLY
Sevimli-YAKALANDIN,İrem Sevimli,Aşkın Öztürk,Aşkın Öztürk,Esin Banu Öztürk,Aşkın Öztürk & Esin Banu Öztürk (AURA SONİC OFFİCİAL),e36f9e973bca518da758349e2cb222382ac21154613bb5d11ae46f50bdf8695b,İrem Sevimli-YAKALANDIN.mp3,3:24,2026-08-02,2026-08-08,RADIO_ONLY
A LIFE THAT FITS,İrem Sezin,Aşkın Öztürk,Aşkın Öztürk,Esin Banu Öztürk,Aşkın Öztürk & Esin Banu Öztürk (AURA SONİC OFFİCİAL),a0cabb0a0c1396c678f6c66b6803299cbfdcb2e288229bd30e4889cffe84feee,İREM SEZİN — A LIFE THAT FITS.wav,2:50,2026-09-10,2026-09-10,RADIO_ONLY
AFTER THE APOLOGY,İrem Sezin,Aşkın Öztürk,Aşkın Öztürk,Esin Banu Öztürk,Aşkın Öztürk & Esin Banu Öztürk (AURA SONİC OFFİCİAL),687cfc8feef4c5829d1527c68b8de0d92f277f709c4e74c13c2da9f19ed319cc,clean_06-09-26-İREM  SEZİN— AFTER THE APOLOGY.wav,3:06,2026-09-06,2026-09-06,RADIO_ONLY
BORROWED NAME,İrem Sezin,Aşkın Öztürk,Aşkın Öztürk,Esin Banu Öztürk,Aşkın Öztürk & Esin Banu Öztürk (AURA SONİC OFFİCİAL),ab97316df97f3992c634cfb0d99cdf3a07930e4e752b3b5546b29c9e35510f36,clean_06-09-26-İREM  SEZİN— BORROWED NAME.wav,2:48,2026-09-06,2026-09-06,RADIO_ONLY
I KEPT THE WRONG THING,İrem Sezin,Aşkın Öztürk,Aşkın Öztürk,Esin Banu Öztürk,Aşkın Öztürk & Esin Banu Öztürk (AURA SONİC OFFİCİAL),4027f4ac87cdc180b75a5d2acae074af533352ab47f3c40abe72ba629c5ab12e,İREM SEZİN — I KEPT THE WRONG THING.wav,3:31,2026-09-10,2026-09-10,RADIO_ONLY
I WAS THERE TOO,İrem Sezin,Aşkın Öztürk,Aşkın Öztürk,Esin Banu Öztürk,Aşkın Öztürk & Esin Banu Öztürk (AURA SONİC OFFİCİAL),193d21e35d841f5751d10247f1225287e728cd75fddc476da8ba962f651462ab,İREM SEZİN — I WAS THERE TOO.wav,3:50,2026-09-10,2026-09-10,RADIO_ONLY
NO CEREMONY,İrem Sezin,Aşkın Öztürk,Aşkın Öztürk,Esin Banu Öztürk,Aşkın Öztürk & Esin Banu Öztürk (AURA SONİC OFFİCİAL),550e34b927469bd6b1c4d38d62755b50c03bec627bb9697248218e09ca101c04,İREM SEZİN — NO CEREMONY.wav,3:08,2026-09-10,2026-09-10,RADIO_ONLY
NO SECOND DRAFT,İrem Sezin,Aşkın Öztürk,Aşkın Öztürk,Esin Banu Öztürk,Aşkın Öztürk & Esin Banu Öztürk (AURA SONİC OFFİCİAL),b6d9ed6a393187c1c002682976991a0080759648869a4e6992d1a5a60c39879a,İREM SEZİN — NO SECOND DRAFT.wav,3:28,2026-09-10,2026-09-10,RADIO_ONLY
NOTHING TO PROVE TODAY,İrem Sezin,Aşkın Öztürk,Aşkın Öztürk,Esin Banu Öztürk,Aşkın Öztürk & Esin Banu Öztürk (AURA SONİC OFFİCİAL),4969437a1da6c46cc9d13909d03da8d9010670c61347bb3b6c56181b29b7c23b,İREM SEZİN — NOTHING TO PROVE TODAY.wav,3:29,2026-09-10,2026-09-10,RADIO_ONLY
SEZİN - BENİ SEVDİĞİN YERDE BEN YOKTUM,İrem Sezin,Aşkın Öztürk,Aşkın Öztürk,Esin Banu Öztürk,Aşkın Öztürk & Esin Banu Öztürk (AURA SONİC OFFİCİAL),6eab00ac347f34b17249f9e2a28b002ab84d86f1696a8ca7403fb26847aa18b2,İREM SEZİN - BENİ SEVDİĞİN YERDE BEN YOKTUM.mp3,5:22,2026-07-18,2026-08-08,RADIO_ONLY
SEZİN - Kim Dedi Bitti Diye,İrem Sezin,Aşkın Öztürk,Aşkın Öztürk,Esin Banu Öztürk,Aşkın Öztürk & Esin Banu Öztürk (AURA SONİC OFFİCİAL),a4baeafd2ade8f3b83823298d16341c9c4ee6ef21bc253b8e9f45088442103ed,İREM SEZİN - Kim Dedi Bitti Diye.mp3,3:19,2026-07-18,2026-08-08,RADIO_ONLY
SEZİN YANLIŞ KADINI ARIYORSUN,İrem Sezin,Aşkın Öztürk,Aşkın Öztürk,Esin Banu Öztürk,Aşkın Öztürk & Esin Banu Öztürk (AURA SONİC OFFİCİAL),b3599059794f68ef1a563bbebc4638a47b2b6b69a854d336b3c0de2b8b6f6bd2,İREM SEZİN YANLIŞ KADINI ARIYORSUN.mp3,3:56,2026-07-18,2026-08-08,RADIO_ONLY
SEZİN – BEN ARTIK YOKUM,İrem Sezin,Aşkın Öztürk,Aşkın Öztürk,Esin Banu Öztürk,Aşkın Öztürk & Esin Banu Öztürk (AURA SONİC OFFİCİAL),3d14341f8c8107c87f2b94f933301337b62c56f33ba703c7454b2abb196454a8,İREM SEZİN – BEN ARTIK YOKUM.wav,3:39,2026-07-05,2026-08-08,RADIO_ONLY
SEZİN — Aşk Başkadır,İrem Sezin,Aşkın Öztürk,Aşkın Öztürk,Esin Banu Öztürk,Aşkın Öztürk & Esin Banu Öztürk (AURA SONİC OFFİCİAL),1781766c7529c7710b945ceecd06a61c029e3a3b39c7b349049b4d95b5256037,İREM SEZİN — Aşk Başkadır.wav,3:59,2026-08-14,2026-08-08,RADIO_ONLY
SEZİN — LOVE HAS ITS HOUR,İrem Sezin,Aşkın Öztürk,Aşkın Öztürk,Esin Banu Öztürk,Aşkın Öztürk & Esin Banu Öztürk (AURA SONİC OFFİCİAL),714ebbc6b3bca73d9e42a750d6fcf5a16546958d74b37a4ce445428903aea731,IREM SEZİN — LOVE HAS ITS HOUR.wav,3:28,2026-08-14,2026-08-08,RADIO_ONLY
SEZİN — LOVE OWES ME NOTHING,İrem Sezin,Aşkın Öztürk,Aşkın Öztürk,Esin Banu Öztürk,Aşkın Öztürk & Esin Banu Öztürk (AURA SONİC OFFİCİAL),3fbf812932cd1427de73d61cacbab28408430f56ee33020ef61e2dd9a4bf7c0f,IREM SEZİN — LOVE OWES ME NOTHING.wav,3:44,2026-08-14,2026-08-08,RADIO_ONLY
SEZİN — Yok Olmak mı,İrem Sezin,Aşkın Öztürk,Aşkın Öztürk,Esin Banu Öztürk,Aşkın Öztürk & Esin Banu Öztürk (AURA SONİC OFFİCİAL),e9cb030bea5fbe07b662188467c8e84f66f35fc09af0f63e25f6ff440680bdcc,İREM SEZİN — Yok Olmak mı_.wav,3:55,2026-08-14,2026-08-08,RADIO_ONLY
SEZİN —BİR FİNCAN AŞK,İrem Sezin,Aşkın Öztürk,Aşkın Öztürk,Esin Banu Öztürk,Aşkın Öztürk & Esin Banu Öztürk (AURA SONİC OFFİCİAL),e8228d7001a050a4f98b08a4441aa51242371dc27feb6e9e20b0b1fa26eb41af,İREM SEZİN —BİR FİNCAN AŞK.wav,3:44,2026-08-14,2026-08-08,RADIO_ONLY
SEZİN —SEN BENDE KALAN YARIMDIN,İrem Sezin,Aşkın Öztürk,Aşkın Öztürk,Esin Banu Öztürk,Aşkın Öztürk & Esin Banu Öztürk (AURA SONİC OFFİCİAL),e877226a5a769541ca500d66fd73b51413ed9ca4e613b2c4d2cf48e5d00fe853,İREM SEZİN —SEN BENDE KALAN YARIMDIN.wav,4:34,2026-08-14,2026-08-08,RADIO_ONLY
SEZİN-BENDEN SONRA GÖKYÜZÜ,İrem Sezin,Aşkın Öztürk,Aşkın Öztürk,Esin Banu Öztürk,Aşkın Öztürk & Esin Banu Öztürk (AURA SONİC OFFİCİAL),f93869335d3d55611b5101469ba462eb284aaa75d00d6eb512454cf9ee3e145e,İREM SEZİN-BENDEN SONRA GÖKYÜZÜ.mp3,4:33,2026-07-20,2026-08-08,RADIO_ONLY
SEZİN-EVDE KALAN IŞIKLAR,İrem Sezin,Aşkın Öztürk,Aşkın Öztürk,Esin Banu Öztürk,Aşkın Öztürk & Esin Banu Öztürk (AURA SONİC OFFİCİAL),643a9366f37f6b00f457d5aa531fe24d5a0480841bf7e6298aa025e188e4c357,İREM SEZİN-EVDE KALAN IŞIKLAR.mp3,5:19,2026-07-20,2026-08-08,RADIO_ONLY
SEZİN-HEPİMİZİN PARMAK İZİ VAR,İrem Sezin,Aşkın Öztürk,Aşkın Öztürk,Esin Banu Öztürk,Aşkın Öztürk & Esin Banu Öztürk (AURA SONİC OFFİCİAL),c457e9a4a542c4f37a5927ee22cfd0d355469598c352d133c2a6997ca9134007,İREM SEZİN-HEPİMİZİN PARMAK İZİ VAR.mp3,4:04,2026-07-20,2026-08-08,RADIO_ONLY
SEZİN— Geç Kaldın Bana,İrem Sezin,Aşkın Öztürk,Aşkın Öztürk,Esin Banu Öztürk,Aşkın Öztürk & Esin Banu Öztürk (AURA SONİC OFFİCİAL),1f53c4160a389706de101bd97aed062cc94e5547f98074d873fb02f36e9423ab,İREM SEZİN—  Geç Kaldın Bana.wav,3:34,2026-08-14,2026-08-08,RADIO_ONLY
SEZİN— Yıldızlarda Parlıyor,İrem Sezin,Aşkın Öztürk,Aşkın Öztürk,Esin Banu Öztürk,Aşkın Öztürk & Esin Banu Öztürk (AURA SONİC OFFİCİAL),4437a2e01dba653752f70b8a3edfb1e3bac9ad21d08a2cdad6ac583fffe9470f,İREM SEZİN— Yıldızlarda Parlıyor.wav,5:29,2026-08-14,2026-08-08,RADIO_ONLY
SON PERDE,İrem Sezin,Aşkın Öztürk,Aşkın Öztürk,Esin Banu Öztürk,Aşkın Öztürk & Esin Banu Öztürk (AURA SONİC OFFİCİAL),2a3a8148fbbfaca2cd85dc24d8c3f2bcef74536d165eaded36dd6134f3cb3808,sarki.wav,4:27,2026-05-30,2026-08-08,RADIO_ONLY
STILL LEARNING EASY,İrem Sezin,Aşkın Öztürk,Aşkın Öztürk,Esin Banu Öztürk,Aşkın Öztürk & Esin Banu Öztürk (AURA SONİC OFFİCİAL),dee6ac8d568fce3b6615e4f334e7f6ff8c85b70f2144bb56cb16d6d3cd99b995,İREM SEZİN — STILL LEARNING EASY.wav,3:31,2026-09-10,2026-09-10,RADIO_ONLY
Sezin - Evde Kalan Işıklar,İrem Sezin,Aşkın Öztürk,Aşkın Öztürk,Esin Banu Öztürk,Aşkın Öztürk & Esin Banu Öztürk (AURA SONİC OFFİCİAL),fabc7950afa4bd6fd6fa9ab94c42848c6772f4efc55058551c278704e268b256,İrem Sezin - Evde Kalan Işıklar.mp3,5:19,2026-07-20,2026-08-08,RADIO_ONLY
Sezin - Kapıyı Çal Dünya Duysun,İrem Sezin,Aşkın Öztürk,Aşkın Öztürk,Esin Banu Öztürk,Aşkın Öztürk & Esin Banu Öztürk (AURA SONİC OFFİCİAL),0850eb175828af04bf2273822dd61a93372333fcec8f384a6b1cda033d3293ab,İrem Sezin - Kapıyı Çal Dünya Duysun.mp3,5:39,2026-07-19,2026-08-08,RADIO_ONLY
Sezin - Sana Bıraktım Işıkları,İrem Sezin,Aşkın Öztürk,Aşkın Öztürk,Esin Banu Öztürk,Aşkın Öztürk & Esin Banu Öztürk (AURA SONİC OFFİCİAL),a33e56af5a44471ea6cc9a6d1b997122b0f5b35131d73c5ec1668012240cfc24,İrem Sezin - Sana Bıraktım Işıkları.mp3,4:54,2026-07-20,2026-08-08,RADIO_ONLY
Sezin-Beni Eski Hâlime Döndürdün,İrem Sezin,Aşkın Öztürk,Aşkın Öztürk,Esin Banu Öztürk,Aşkın Öztürk & Esin Banu Öztürk (AURA SONİC OFFİCİAL),2307a9730d2f4df7d6babe3101d7730fa8958f9f067a4cb67827cf8677b0fa99,İrem Sezin-Beni Eski Hâlime Döndürdün.mp3,6:53,2026-07-20,2026-08-08,RADIO_ONLY
THE DAY I STOPPED EXPLAINING,İrem Sezin,Aşkın Öztürk,Aşkın Öztürk,Esin Banu Öztürk,Aşkın Öztürk & Esin Banu Öztürk (AURA SONİC OFFİCİAL),35912e68c5362120840ec97fc692b3d32f53a6bb386ed55c73dc6a0454cc029b,İREM SEZİN — THE DAY I STOPPED EXPLAINING.wav,3:25,2026-09-10,2026-09-10,RADIO_ONLY
THE ROOM I CHOSE,İrem Sezin,Aşkın Öztürk,Aşkın Öztürk,Esin Banu Öztürk,Aşkın Öztürk & Esin Banu Öztürk (AURA SONİC OFFİCİAL),941e2f090afc041fef89d5081140e986d266c61369053a42cc17fd83438c133e,İREM SEZİN — THE ROOM I CHOSE.wav,3:26,2026-09-10,2026-09-10,RADIO_ONLY
THE VERSION THEY EXPECTED,İrem Sezin,Aşkın Öztürk,Aşkın Öztürk,Esin Banu Öztürk,Aşkın Öztürk & Esin Banu Öztürk (AURA SONİC OFFİCİAL),e6d8288c5adb340df23c4d88decb62941273454f0a86e9b21ef52fbf4bbf0ea6,İREM SEZİN — THE VERSION THEY EXPECTED.wav,3:11,2026-09-10,2026-09-10,RADIO_ONLY
İREM SEZİN MAYINLI BÖLGE,İrem Sezin,Aşkın Öztürk,Aşkın Öztürk,Esin Banu Öztürk,Aşkın Öztürk & Esin Banu Öztürk (AURA SONİC OFFİCİAL),8742d06f2a493c188ae96109552c9985267c5f4adc4647ace517c7c2c2cb040a, clean_İREM SEZİN_MAYINLI BÖLGE.wav,3:41,2026-07-22,2026-08-08,RADIO_ONLY
İREM SEZİN-AYNA,İrem Sezin,Aşkın Öztürk,Aşkın Öztürk,Esin Banu Öztürk,Aşkın Öztürk & Esin Banu Öztürk (AURA SONİC OFFİCİAL),117aed20195150202483a838e6a78265f76c9d8cc89a7e36378a85e9f73b10c0, clean_İREM SEZİN-AYNA.mp3,4:04,2026-08-07,2026-08-08,RADIO_ONLY
İREM SEZİN-CAMDAKİ İZ,İrem Sezin,Aşkın Öztürk,Aşkın Öztürk,Esin Banu Öztürk,Aşkın Öztürk & Esin Banu Öztürk (AURA SONİC OFFİCİAL),b7ff3c41d9729107f166390bf1ba2aa3522b653b173fdf27c4e15b0272276ee5, clean_İREM SEZİN-CAMDAKİ İZ.mp3,4:33,2026-08-07,2026-08-08,RADIO_ONLY
İREM SEZİN-KALAN BEN,İrem Sezin,Aşkın Öztürk,Aşkın Öztürk,Esin Banu Öztürk,Aşkın Öztürk & Esin Banu Öztürk (AURA SONİC OFFİCİAL),0f06b675e3847c7117455da494364f658f8eea3e367cf55c20195449c58b4ff7, clean_İREM SEZİN-KALAN BEN.mp3,4:24,2026-08-07,2026-08-08,RADIO_ONLY
İREM SEZİN-KENDİME DÖNDÜM,İrem Sezin,Aşkın Öztürk,Aşkın Öztürk,Esin Banu Öztürk,Aşkın Öztürk & Esin Banu Öztürk (AURA SONİC OFFİCİAL),3237a344121209e99a8c470c89aa883839ca534558f01525904976b7afc1a958, clean_İREM SEZİN-KENDİME DÖNDÜM.mp3,4:23,2026-08-07,2026-08-08,RADIO_ONLY
İREM SEZİN-SON MEKTUP,İrem Sezin,Aşkın Öztürk,Aşkın Öztürk,Esin Banu Öztürk,Aşkın Öztürk & Esin Banu Öztürk (AURA SONİC OFFİCİAL),205a2f583d463f67748325e066d50aeff76c1c87e511683d97d2a9111d77595f, clean_İREM SEZİN-SON MEKTUP.mp3,7:59,2026-08-07,2026-08-08,RADIO_ONLY
İREM SEZİN-SONUNDA BAHAR,İrem Sezin,Aşkın Öztürk,Aşkın Öztürk,Esin Banu Öztürk,Aşkın Öztürk & Esin Banu Öztürk (AURA SONİC OFFİCİAL),22638f4684bab81e57b9af0c157346de9f697e2cca15081fc1bf4ee3ee30b612, clean_İREM SEZİN-SONUNDA BAHAR.mp3,4:28,2026-08-07,2026-08-08,RADIO_ONLY
İREM SEZİN-YIKTIĞIN EV,İrem Sezin,Aşkın Öztürk,Aşkın Öztürk,Esin Banu Öztürk,Aşkın Öztürk & Esin Banu Öztürk (AURA SONİC OFFİCİAL),0b2f369a78f61fc190b20fe01c276a3472efb4527f075b394f0a5d4dfe1df232, clean_İREM SEZİN-YIKTIĞIN EV.mp3,4:14,2026-08-07,2026-08-08,RADIO_ONLY
— MOVE ALL NIGHT,Chris Marlo,Aşkın Öztürk,Aşkın Öztürk,Esin Banu Öztürk,Aşkın Öztürk & Esin Banu Öztürk (AURA SONİC OFFİCİAL),e182240651faf563db43c4ee729cbe751b214d248002ae511a840cc22a967098,CHRIS MARLO — MOVE ALL NIGHT.wav,2:37,2026-07-02,2026-08-08,RELEASED
CROSS — I STOPPED FEARING THE DARK,Vael Cross,Aşkın Öztürk,Aşkın Öztürk,Esin Banu Öztürk,Aşkın Öztürk & Esin Banu Öztürk (AURA SONİC OFFİCİAL),ec5e620e50f50958269e383c57de0ddea3accb7c235618d9d9d5893c9bfba3ab,VAEL CROSS — I STOPPED FEARING THE DARK.wav,3:39,2026-07-06,2026-08-08,RELEASED
I STOPPED FEARING THE DARK,Vael Cross,Aşkın Öztürk,Aşkın Öztürk,Esin Banu Öztürk,Aşkın Öztürk & Esin Banu Öztürk (AURA SONİC OFFİCİAL),98404963e553de3a0ceb0026e9e5d2d162f60604493dd991b3374c5049905b2e,I_STOPPED_FEARING_THE_DARK-.wav,3:37,2026-07-19,2026-08-08,RELEASED
NET OL (Lead Vocal),Aras Veyn,Aşkın Öztürk,Aşkın Öztürk,Esin Banu Öztürk,Aşkın Öztürk & Esin Banu Öztürk (AURA SONİC OFFİCİAL),ae45ef364b34bbb31df1622648d3e6eefffac0fc6183d4474732c21f152dfab7,ARAS VEYN-NET OL (Lead Vocal).wav,2:37,2026-07-22,2026-08-08,UNRELEASED
RACONUM GEÇMİŞİM (Lead Vocal),Aras Veyn,Aşkın Öztürk,Aşkın Öztürk,Esin Banu Öztürk,Aşkın Öztürk & Esin Banu Öztürk (AURA SONİC OFFİCİAL),c0d0a690c0fe04aa025c5e883aca0769db046c77b1e3032ca9cb64bf4ad69c0b,ARAS VEYN-RACONUM GEÇMİŞİM (Lead Vocal).wav,3:08,2026-07-22,2026-08-08,UNRELEASED
0 Lead Vocals,Aura Sonic,Aşkın Öztürk,Aşkın Öztürk,Esin Banu Öztürk,Aşkın Öztürk & Esin Banu Öztürk (AURA SONİC OFFİCİAL),e0632bea48c5abf55d65a4fd6fb38be5d29976aae79325ecd9a15c4c91a162ec, clean_0 Lead Vocals.wav,5:23,2026-06-06,2026-08-08,UNRELEASED
00 GIRDI,Aura Sonic,Aşkın Öztürk,Aşkın Öztürk,Esin Banu Öztürk,Aşkın Öztürk & Esin Banu Öztürk (AURA SONİC OFFİCİAL),594ade39187b9b566ca46afb2f4ed4c83b3ea5ffc2f4c43f307a2689c520cfbb,_00_GIRDI.wav,0:25,2026-08-08,2026-08-08,UNRELEASED
00 GIRDI kuru,Aura Sonic,Aşkın Öztürk,Aşkın Öztürk,Esin Banu Öztürk,Aşkın Öztürk & Esin Banu Öztürk (AURA SONİC OFFİCİAL),79d3c9a67716b96761b24317466eb662c41a70ff645578c699b1b7cc6588708e,_00_GIRDI_kuru.wav,0:25,2026-08-08,2026-08-08,UNRELEASED
00 HAM ekolu,Aura Sonic,Aşkın Öztürk,Aşkın Öztürk,Esin Banu Öztürk,Aşkın Öztürk & Esin Banu Öztürk (AURA SONİC OFFİCİAL),d17feb5c3ba06968cf617e5c633466e4a1fbeedcfaa6ad5b8170e82dc96b2df6,_00_HAM_ekolu.wav,0:25,2026-08-08,2026-08-08,UNRELEASED
1 Instrumental,Aura Sonic,Aşkın Öztürk,Aşkın Öztürk,Esin Banu Öztürk,Aşkın Öztürk & Esin Banu Öztürk (AURA SONİC OFFİCİAL),8e6d90aeded3bc46279bbaf17d2c5808ff55810efe6175f2c57822f10fa3ff7d, clean_1 Instrumental.wav,5:23,2026-06-06,2026-08-08,UNRELEASED
1 Woodwinds,Aura Sonic,Aşkın Öztürk,Aşkın Öztürk,Esin Banu Öztürk,Aşkın Öztürk & Esin Banu Öztürk (AURA SONİC OFFİCİAL),fd55be3c00b4ecd326308e795304bc4e504dd595be8b73e5434c9212d1270528,1 Woodwinds.wav,5:55,2026-06-04,2026-08-08,UNRELEASED
10 Drums,Aura Sonic,Aşkın Öztürk,Aşkın Öztürk,Esin Banu Öztürk,Aşkın Öztürk & Esin Banu Öztürk (AURA SONİC OFFİCİAL),14cf61d05f805a81366a3b3e29511f4b6dcda10cd9e5073890305b1d257b1983,10 Drums.wav,5:55,2026-06-04,2026-08-08,UNRELEASED
11 Backing Vocals,Aura Sonic,Aşkın Öztürk,Aşkın Öztürk,Esin Banu Öztürk,Aşkın Öztürk & Esin Banu Öztürk (AURA SONİC OFFİCİAL),6dda516585364eb7fb6eaaa5df6096d98566c0dc8a7d66fe3bae0288cf270c20,11 Backing_Vocals.wav,5:55,2026-06-04,2026-08-08,UNRELEASED
12 Vocals,Aura Sonic,Aşkın Öztürk,Aşkın Öztürk,Esin Banu Öztürk,Aşkın Öztürk & Esin Banu Öztürk (AURA SONİC OFFİCİAL),466b4a024ed37ace4540f3198fa5174b178f447f3c89a02a566b0275cb18ab65,12 Vocals.wav,5:55,2026-06-04,2026-08-08,UNRELEASED
1burn to love,Aura Sonic,Aşkın Öztürk,Aşkın Öztürk,Esin Banu Öztürk,Aşkın Öztürk & Esin Banu Öztürk (AURA SONİC OFFİCİAL),bb31a632d05ba38f124a94588c15ec77701b61c3a9f849aaa7ab92750f7443ef, clean_1burn to love.wav,3:07,2026-05-30,2026-08-08,UNRELEASED
2 Brass,Aura Sonic,Aşkın Öztürk,Aşkın Öztürk,Esin Banu Öztürk,Aşkın Öztürk & Esin Banu Öztürk (AURA SONİC OFFİCİAL),f23528a28bd6670e3b1b538d28c89bbe3a6c66aa46725360c61b5a9ca8448e77,2 Brass.wav,5:55,2026-06-04,2026-08-08,UNRELEASED
2burn to love,Aura Sonic,Aşkın Öztürk,Aşkın Öztürk,Esin Banu Öztürk,Aşkın Öztürk & Esin Banu Öztürk (AURA SONİC OFFİCİAL),515290bf15342c7deaaea89c2f20bfce629369349c022913fdb4afece4d4c2ad, clean_2burn to love.wav,3:24,2026-05-30,2026-08-08,UNRELEASED
3 FX,Aura Sonic,Aşkın Öztürk,Aşkın Öztürk,Esin Banu Öztürk,Aşkın Öztürk & Esin Banu Öztürk (AURA SONİC OFFİCİAL),a06a1f89388ed81f637f61c566419c8a5c6c63b53652119892b6a23612022dad,3 FX.wav,5:55,2026-06-04,2026-08-08,UNRELEASED
4 Synth,Aura Sonic,Aşkın Öztürk,Aşkın Öztürk,Esin Banu Öztürk,Aşkın Öztürk & Esin Banu Öztürk (AURA SONİC OFFİCİAL),ff784ec3411a56bee05b39eb57f937ab68dab0946ab0898e4dba105c1dc84c6d,4 Synth.wav,5:55,2026-06-04,2026-08-08,UNRELEASED
45678.mp3,Aura Sonic,Aşkın Öztürk,Aşkın Öztürk,Esin Banu Öztürk,Aşkın Öztürk & Esin Banu Öztürk (AURA SONİC OFFİCİAL),9d7f482773d9125b47c7f861866b458ce77820bd59ccf97d614f7917af7fc487,45678.mp3.mp3,6:24,2026-06-07,2026-08-08,UNRELEASED
5 Strings,Aura Sonic,Aşkın Öztürk,Aşkın Öztürk,Esin Banu Öztürk,Aşkın Öztürk & Esin Banu Öztürk (AURA SONİC OFFİCİAL),9ef101aee9547b314c03fdbfc96dd5cab526330b9ca7cbd7fdabae01c40ceb1b,5 Strings.wav,5:55,2026-06-04,2026-08-08,UNRELEASED
6 Percussion,Aura Sonic,Aşkın Öztürk,Aşkın Öztürk,Esin Banu Öztürk,Aşkın Öztürk & Esin Banu Öztürk (AURA SONİC OFFİCİAL),9d87b4915ac9d313105bb2afe4e1fdc382a15e86766f13aa1afcce9de4d895ac,6 Percussion.wav,5:55,2026-06-04,2026-08-08,UNRELEASED
7 Keyboard,Aura Sonic,Aşkın Öztürk,Aşkın Öztürk,Esin Banu Öztürk,Aşkın Öztürk & Esin Banu Öztürk (AURA SONİC OFFİCİAL),a2a2ee24bead51bb4d5fa7b9ec8c9f319f2a5699393763f1cc16779383ab66d9,7 Keyboard.wav,5:55,2026-06-04,2026-08-08,UNRELEASED
8 Guitar,Aura Sonic,Aşkın Öztürk,Aşkın Öztürk,Esin Banu Öztürk,Aşkın Öztürk & Esin Banu Öztürk (AURA SONİC OFFİCİAL),4c4828593d6fcc9928fb9d5dca4efbda7a6667e41e9a9789693b5e522054f1d9,8 Guitar.wav,5:55,2026-06-04,2026-08-08,UNRELEASED
9 Bass,Aura Sonic,Aşkın Öztürk,Aşkın Öztürk,Esin Banu Öztürk,Aşkın Öztürk & Esin Banu Öztürk (AURA SONİC OFFİCİAL),598598ac57678ea0180b7793384fdef740729773261ec14546329e324f778178,9 Bass.wav,5:55,2026-06-04,2026-08-08,UNRELEASED
A EKOLU girdi,Aura Sonic,Aşkın Öztürk,Aşkın Öztürk,Esin Banu Öztürk,Aşkın Öztürk & Esin Banu Öztürk (AURA SONİC OFFİCİAL),d17feb5c3ba06968cf617e5c633466e4a1fbeedcfaa6ad5b8170e82dc96b2df6,_A_EKOLU_girdi.wav,0:25,2026-08-08,2026-08-08,UNRELEASED
A EKOLU rvc,Aura Sonic,Aşkın Öztürk,Aşkın Öztürk,Esin Banu Öztürk,Aşkın Öztürk & Esin Banu Öztürk (AURA SONİC OFFİCİAL),54fa2286918a2543808da39f2a1a45e6c00d4dd18464ed55b9c2c4e5bb4dea16,A_EKOLU_rvc.wav,0:24,2026-08-08,2026-08-08,UNRELEASED
A MEVCUT hum,Aura Sonic,Aşkın Öztürk,Aşkın Öztürk,Esin Banu Öztürk,Aşkın Öztürk & Esin Banu Öztürk (AURA SONİC OFFİCİAL),7764c4de58f4850c9a1ee6108854e582f414cb674bc2d90c55d5dbea8ea4a113,A_MEVCUT_hum.wav,4:31,2026-08-12,2026-08-31,UNRELEASED
ARAMA GEÇMİŞİ - İSMİN HÂLÂ BURADA,Aura Sonic,Aşkın Öztürk,Aşkın Öztürk,Esin Banu Öztürk,Aşkın Öztürk & Esin Banu Öztürk (AURA SONİC OFFİCİAL),b5637cbfb2723f9df2776b686a207ad2a2692efaf6fb6737b0f915fe72d0485c,_ARAMA GEÇMİŞİ - İSMİN HÂLÂ BURADA.wav,4:23,2026-05-30,2026-08-08,UNRELEASED
ARTIK AĞLAMAM SANA,Aura Sonic,Aşkın Öztürk,Aşkın Öztürk,Esin Banu Öztürk,Aşkın Öztürk & Esin Banu Öztürk (AURA SONİC OFFİCİAL),1a67fda4a2e165dafdb96d8df87bfe8b1c7c1b6394775f6000b9f94c89014230, clean_ARTIK AĞLAMAM SANA.wav,3:54,2026-06-11,2026-08-08,UNRELEASED
AURASONIC FINALMIX instrumental final,Aura Sonic,Aşkın Öztürk,Aşkın Öztürk,Esin Banu Öztürk,Aşkın Öztürk & Esin Banu Öztürk (AURA SONİC OFFİCİAL),ca328362a6bc2d1afbe1ba1a0d7c200f8b5e8d0df2594910c16166d14fd20802,AURASONIC_FINALMIX_instrumental_final.wav,5:55,2026-06-06,2026-08-08,UNRELEASED
AURASONIC FINALMIX v2 piano bass strings,Aura Sonic,Aşkın Öztürk,Aşkın Öztürk,Esin Banu Öztürk,Aşkın Öztürk & Esin Banu Öztürk (AURA SONİC OFFİCİAL),242bb1df53c4a351edcbf2f4cfeaedad85c7751855a2ff385a69e134e0ece244,AURASONIC_FINALMIX_v2_piano_bass_strings.wav,5:55,2026-06-06,2026-08-08,UNRELEASED
AURASONIC FINALMIX v3 full,Aura Sonic,Aşkın Öztürk,Aşkın Öztürk,Esin Banu Öztürk,Aşkın Öztürk & Esin Banu Öztürk (AURA SONİC OFFİCİAL),a08769b17a13e384462da946f30f1eea63ba7b7c801fc349d3d0f061519b16ca,AURASONIC_FINALMIX_v3_full.wav,5:55,2026-06-06,2026-08-08,UNRELEASED
AYAKLARIMDAKİ TOZ MASTER,Aura Sonic,Aşkın Öztürk,Aşkın Öztürk,Esin Banu Öztürk,Aşkın Öztürk & Esin Banu Öztürk (AURA SONİC OFFİCİAL),f3dad8221d50231ceecf77914df91aae2df1e9a967235d6e6d588ef7d96adc04,AYAKLARIMDAKİ TOZ_MASTER.wav,4:51,2026-06-15,2026-08-08,UNRELEASED
AYNA,Aura Sonic,Aşkın Öztürk,Aşkın Öztürk,Esin Banu Öztürk,Aşkın Öztürk & Esin Banu Öztürk (AURA SONİC OFFİCİAL),12adbe3929dbf37ba0b1b270d20f27593f9b9b7c22f7e688053cef96bb7f30fe,İREM-AYNA.wav,4:04,2026-08-11,2026-08-08,UNRELEASED
Amber String Drift,Aura Sonic,Aşkın Öztürk,Aşkın Öztürk,Esin Banu Öztürk,Aşkın Öztürk & Esin Banu Öztürk (AURA SONİC OFFİCİAL),2ef47bab193db61474b34a8a3a6c959a42262cac2fc8f885ab6f45798ce70d06, clean_Amber String Drift.wav,2:59,2026-06-12,2026-08-08,UNRELEASED
Ambient III -Moonlit Linen,Aura Sonic,Aşkın Öztürk,Aşkın Öztürk,Esin Banu Öztürk,Aşkın Öztürk & Esin Banu Öztürk (AURA SONİC OFFİCİAL),a70e7e11f1e2e9a4c51c2d7556aba429841f3722eed12465762853c75c8723c3,Aura Sonic Ambient III -Moonlit Linen.wav,2:59,2026-06-10,2026-08-08,UNRELEASED
Ambient IV -Geceye Dönüş,Aura Sonic,Aşkın Öztürk,Aşkın Öztürk,Esin Banu Öztürk,Aşkın Öztürk & Esin Banu Öztürk (AURA SONİC OFFİCİAL),9861780c36698d8fd476477936bc837df8d9c4f4b36b9d44073c5058bf6cb415,Aura Sonic Ambient IV -Geceye Dönüş.wav,2:54,2026-06-10,2026-08-08,UNRELEASED
Anatolian Drift,Aura Sonic,Aşkın Öztürk,Aşkın Öztürk,Esin Banu Öztürk,Aşkın Öztürk & Esin Banu Öztürk (AURA SONİC OFFİCİAL),561506c9300aba640c74378108e2aed4c0adf256615d6f564ee6c484d3ab2df8,Anatolian Drift.mp3,3:09,2026-07-24,2026-08-08,UNRELEASED
Anatolian Drift 1,Aura Sonic,Aşkın Öztürk,Aşkın Öztürk,Esin Banu Öztürk,Aşkın Öztürk & Esin Banu Öztürk (AURA SONİC OFFİCİAL),e306801ce6b9fd7b1e77d16b98268ed7ac51145b6b12774863562497c0c221a8,Anatolian Drift_1.mp3,3:07,2026-07-24,2026-08-08,UNRELEASED
Arabian Desert City,Aura Sonic,Aşkın Öztürk,Aşkın Öztürk,Esin Banu Öztürk,Aşkın Öztürk & Esin Banu Öztürk (AURA SONİC OFFİCİAL),89a8c2b87d62896e4a5c94dbda71376cff7e8138b2dfebf94b2ae38ca171d22e,Arabian Desert City.mp3,3:09,2026-07-24,2026-08-08,UNRELEASED
Arabian Desert City 1,Aura Sonic,Aşkın Öztürk,Aşkın Öztürk,Esin Banu Öztürk,Aşkın Öztürk & Esin Banu Öztürk (AURA SONİC OFFİCİAL),7ec2b811602e799481e80edce271ade3eb5a016e17cb24b79647947f89252b40,Arabian Desert City_1.mp3,3:09,2026-07-24,2026-08-08,UNRELEASED
Aramazsın-clup,Aura Sonic,Aşkın Öztürk,Aşkın Öztürk,Esin Banu Öztürk,Aşkın Öztürk & Esin Banu Öztürk (AURA SONİC OFFİCİAL),7f213a5b3c4dc296010be2b22d11c98692ca4514bed0296cce9fc22f324cd8b0, clean_Aramazsın-clup.wav,3:35,2026-05-30,2026-08-08,UNRELEASED
Armored Convoy,Aura Sonic,Aşkın Öztürk,Aşkın Öztürk,Esin Banu Öztürk,Aşkın Öztürk & Esin Banu Öztürk (AURA SONİC OFFİCİAL),6f8deef8fdfde41b174ae8267c7d300e64370408653d3b49630faaae296850c5,Armored Convoy.mp3,3:09,2026-07-24,2026-08-08,UNRELEASED
Armored Convoy 1,Aura Sonic,Aşkın Öztürk,Aşkın Öztürk,Esin Banu Öztürk,Aşkın Öztürk & Esin Banu Öztürk (AURA SONİC OFFİCİAL),0cfb24776fca883a3f5c5c1fcca6bde5666b8c6db1f3c67291a891bab41858b4,Armored Convoy_1.mp3,3:07,2026-07-24,2026-08-08,UNRELEASED
"Ashes, Lit Cigarette MASTER",Aura Sonic,Aşkın Öztürk,Aşkın Öztürk,Esin Banu Öztürk,Aşkın Öztürk & Esin Banu Öztürk (AURA SONİC OFFİCİAL),70b7d538b5f513e7df3c873279e856c0d70aed49cb6512d013f723d44f24b667,"Ashes, Lit Cigarette_MASTER.wav",3:12,2026-06-07,2026-08-08,UNRELEASED
Aura Sonic Ambient III -Moonlit Linen,Aura Sonic,Aşkın Öztürk,Aşkın Öztürk,Esin Banu Öztürk,Aşkın Öztürk & Esin Banu Öztürk (AURA SONİC OFFİCİAL),6cf1f0ee4a755a8c80e39cefff3b9999747b06c072c2729defaf9ca28ab6dc36, clean_Aura Sonic Ambient III -Moonlit Linen.wav,2:59,2026-06-12,2026-08-08,UNRELEASED
Aura Sonic Ambient IV -Geceye Dönüş,Aura Sonic,Aşkın Öztürk,Aşkın Öztürk,Esin Banu Öztürk,Aşkın Öztürk & Esin Banu Öztürk (AURA SONİC OFFİCİAL),32cb61ee5cf95ebe1b9d1ac49f25061a1458d7201b66e5a48c6692aeb5cb89fe, clean_Aura Sonic Ambient IV -Geceye Dönüş.wav,2:54,2026-06-12,2026-08-08,UNRELEASED
AuraSonic Visualizer 16x9 AUDIO MARKERS V4,Aura Sonic,Aşkın Öztürk,Aşkın Öztürk,Esin Banu Öztürk,Aşkın Öztürk & Esin Banu Öztürk (AURA SONİC OFFİCİAL),2be0a0495ba7d877cade46919a44cd88526a1291f25f0b31cd0a2f496683d9b9, clean_AuraSonic_Visualizer_16x9_AUDIO_MARKERS_V4.wav,27:46,2026-05-30,2026-08-08,UNRELEASED
AŞKIN ÖZTÜRK - SEN BENDEN GİDERKEN LIVE CONCERT VERSION,Aura Sonic,Aşkın Öztürk,Aşkın Öztürk,Esin Banu Öztürk,Aşkın Öztürk & Esin Banu Öztürk (AURA SONİC OFFİCİAL),b1044887135b777bc1c59a1387b0b707b41796a907398d9468a07cad90897098,_AŞKIN ÖZTÜRK - SEN BENDEN GİDERKEN LIVE CONCERT VERSION.wav,4:19,2026-05-30,2026-08-08,UNRELEASED
B KURU girdi,Aura Sonic,Aşkın Öztürk,Aşkın Öztürk,Esin Banu Öztürk,Aşkın Öztürk & Esin Banu Öztürk (AURA SONİC OFFİCİAL),79d3c9a67716b96761b24317466eb662c41a70ff645578c699b1b7cc6588708e,_B_KURU_girdi.wav,0:25,2026-08-08,2026-08-08,UNRELEASED
B KURU rvc,Aura Sonic,Aşkın Öztürk,Aşkın Öztürk,Esin Banu Öztürk,Aşkın Öztürk & Esin Banu Öztürk (AURA SONİC OFFİCİAL),59b70e039d15484a485f48dd18a30c0fa391bcb921460741367b807adc367c94,B_KURU_rvc.wav,0:24,2026-08-08,2026-08-08,UNRELEASED
B islik 50,Aura Sonic,Aşkın Öztürk,Aşkın Öztürk,Esin Banu Öztürk,Aşkın Öztürk & Esin Banu Öztürk (AURA SONİC OFFİCİAL),bf10068f643b5c55c1d485ed9def4b84bafd0be3fed26fc4952262a66ed24f4e,B_islik_50.wav,4:31,2026-08-12,2026-08-31,UNRELEASED
BIRAKTIĞIN YERDEYİM,Aura Sonic,Aşkın Öztürk,Aşkın Öztürk,Esin Banu Öztürk,Aşkın Öztürk & Esin Banu Öztürk (AURA SONİC OFFİCİAL),0168e6a52c7cea7192d38a64bb7ed73a9045f9c5ca62d777a7dac9f4b49c5d7e, clean_BIRAKTIĞIN YERDEYİM.wav,3:44,2026-06-11,2026-08-08,UNRELEASED
BLACK VELVET ROOM,Aura Sonic,Aşkın Öztürk,Aşkın Öztürk,Esin Banu Öztürk,Aşkın Öztürk & Esin Banu Öztürk (AURA SONİC OFFİCİAL),765603271f13914b465181f1815900926c33196a3246dc99fa3132fc386df1a1,KAEL-BLACK VELVET ROOM.wav,7:59,2026-08-11,2026-08-31,UNRELEASED
BLACKWATER SAINT MASTER,Aura Sonic,Aşkın Öztürk,Aşkın Öztürk,Esin Banu Öztürk,Aşkın Öztürk & Esin Banu Öztürk (AURA SONİC OFFİCİAL),8f98348d1bac62584aad9eeb437b0893af380ba2edf96872bc06c490067e061c,BLACKWATER SAINT_MASTER.wav,3:50,2026-06-15,2026-08-08,UNRELEASED
BROKEN HIGHWAY MASTER,Aura Sonic,Aşkın Öztürk,Aşkın Öztürk,Esin Banu Öztürk,Aşkın Öztürk & Esin Banu Öztürk (AURA SONİC OFFİCİAL),fac8bfd626fe7b7d145c0c49f65be775b61992f142d6061a77b8dd6512005d4b,BROKEN HIGHWAY_MASTER.wav,4:54,2026-06-15,2026-08-08,UNRELEASED
BURN AND GO,Aura Sonic,Aşkın Öztürk,Aşkın Öztürk,Esin Banu Öztürk,Aşkın Öztürk & Esin Banu Öztürk (AURA SONİC OFFİCİAL),154fa0aebd389a548dfd5a2280aa7686f36a83b9c7c431cdd6a20d3dfe7cf64f, clean_BURN AND GO.wav,3:16,2026-05-30,2026-08-08,UNRELEASED
Bana Rağmen,Aura Sonic,Aşkın Öztürk,Aşkın Öztürk,Esin Banu Öztürk,Aşkın Öztürk & Esin Banu Öztürk (AURA SONİC OFFİCİAL),d8d845845af1aec583fba3adbba7b6e8811833a2019a562689eb02546e605bda, clean_Bana Rağmen.wav,3:57,2026-05-30,2026-08-08,UNRELEASED
Bonus,Aura Sonic,Aşkın Öztürk,Aşkın Öztürk,Esin Banu Öztürk,Aşkın Öztürk & Esin Banu Öztürk (AURA SONİC OFFİCİAL),0ccd22d103c351444b894b5ac4965b34c0e65b06586370832d381337261561e2,Aura Sonic - Bonus.mp3,7:59,2026-07-11,2026-08-08,UNRELEASED
Brazilian Street Race,Aura Sonic,Aşkın Öztürk,Aşkın Öztürk,Esin Banu Öztürk,Aşkın Öztürk & Esin Banu Öztürk (AURA SONİC OFFİCİAL),732f21df4aa03cad75e1ca0ee5be048be10464ca7788195e563905f208b58730,Brazilian Street Race.mp3,3:10,2026-07-24,2026-08-08,UNRELEASED
Brazilian Street Race 1,Aura Sonic,Aşkın Öztürk,Aşkın Öztürk,Esin Banu Öztürk,Aşkın Öztürk & Esin Banu Öztürk (AURA SONİC OFFİCİAL),1873438f1c937792282029fd62e128789946fd919f15411ace600cc49a3da455,Brazilian Street Race_1.mp3,3:09,2026-07-24,2026-08-08,UNRELEASED
Bu Şehir Beni Duyar,Aura Sonic,Aşkın Öztürk,Aşkın Öztürk,Esin Banu Öztürk,Aşkın Öztürk & Esin Banu Öztürk (AURA SONİC OFFİCİAL),230034dfb187abdbdeb9416631de0aa6da943185007091ef8d1fd24b3f7dc93f, clean_TITLE_ Bu Şehir Beni Duyar ARTIST_ Banu Öztürk.wav,4:02,2026-06-11,2026-08-08,UNRELEASED
BİR ÖMÜR YAN YANA,Aura Sonic,Aşkın Öztürk,Aşkın Öztürk,Esin Banu Öztürk,Aşkın Öztürk & Esin Banu Öztürk (AURA SONİC OFFİCİAL),1d1426559b341874800a6fb3fad1a318b7fdd04652c48e4b3251d9e77f4bc893,BİR ÖMÜR YAN YANA.mp3,5:23,2026-05-24,2026-08-08,UNRELEASED
C islik 75,Aura Sonic,Aşkın Öztürk,Aşkın Öztürk,Esin Banu Öztürk,Aşkın Öztürk & Esin Banu Öztürk (AURA SONİC OFFİCİAL),09cad79999787b0fa118b573fe0ad491500703e2f18033e634cf36c01bd23c61,C_islik_75.wav,4:31,2026-08-12,2026-08-31,UNRELEASED
Calming Rain Loop 3min DragonStudio,Aura Sonic,Aşkın Öztürk,Aşkın Öztürk,Esin Banu Öztürk,Aşkın Öztürk & Esin Banu Öztürk (AURA SONİC OFFİCİAL),dc14d9b3c74025bbe9bbb47f5d02ad7a9ca48faa21495edf73e914eb9ba88cbe,Calming_Rain_Loop_3min_DragonStudio.mp3,3:00,2026-07-13,2026-08-08,UNRELEASED
Cyberpunk Pursuit,Aura Sonic,Aşkın Öztürk,Aşkın Öztürk,Esin Banu Öztürk,Aşkın Öztürk & Esin Banu Öztürk (AURA SONİC OFFİCİAL),0f33e208443a3ce0d0537c91f279ccf1fcc16aff54ca898d8f2d97540e0bc314,Cyberpunk Pursuit.mp3,3:09,2026-07-24,2026-08-08,UNRELEASED
Cyberpunk Pursuit 1,Aura Sonic,Aşkın Öztürk,Aşkın Öztürk,Esin Banu Öztürk,Aşkın Öztürk & Esin Banu Öztürk (AURA SONİC OFFİCİAL),eee44f62aad295c5a35d9674a5c791383175067798b701225d6e40736365cf25,Cyberpunk Pursuit_1.mp3,2:17,2026-07-24,2026-08-08,UNRELEASED
D islik 100,Aura Sonic,Aşkın Öztürk,Aşkın Öztürk,Esin Banu Öztürk,Aşkın Öztürk & Esin Banu Öztürk (AURA SONİC OFFİCİAL),26cca1cad21cfd6f298ec9a3ce776dc76c636165b6235f6802e94ab9ce5be5ac,D_islik_100.wav,4:31,2026-08-12,2026-08-31,UNRELEASED
DAVUL-PERFORMANS,Aura Sonic,Aşkın Öztürk,Aşkın Öztürk,Esin Banu Öztürk,Aşkın Öztürk & Esin Banu Öztürk (AURA SONİC OFFİCİAL),b3400f892c13f4d0e3783edd8fc46a19d7abf4d640c25481df4cdaaf5bfe8d50,DAVUL-PERFORMANS.wav,2:52,2026-07-13,2026-08-08,UNRELEASED
DEMEM GİTME2,Aura Sonic,Aşkın Öztürk,Aşkın Öztürk,Esin Banu Öztürk,Aşkın Öztürk & Esin Banu Öztürk (AURA SONİC OFFİCİAL),5c05c6212c0114cf5f45d5291befa4ca7b536b560ca5f507160ed437d9a2b7f5, clean_DEMEM GİTME2.wav,5:22,2026-06-06,2026-08-08,UNRELEASED
Desert Moon Strings,Aura Sonic,Aşkın Öztürk,Aşkın Öztürk,Esin Banu Öztürk,Aşkın Öztürk & Esin Banu Öztürk (AURA SONİC OFFİCİAL),3e718d4adadfe5ab6268180a302fa7bf4fccd8f7e0d5337840bd504d778f607a, clean_Desert Moon Strings.wav,3:02,2026-06-12,2026-08-08,UNRELEASED
Desert Night,Aura Sonic,Aşkın Öztürk,Aşkın Öztürk,Esin Banu Öztürk,Aşkın Öztürk & Esin Banu Öztürk (AURA SONİC OFFİCİAL),d4fd3490f7813dc5a0f7dee2d6ac1afef674be5842256c7b70f4b2b5f02cf101,Desert Night.mp3,3:06,2026-07-24,2026-08-08,UNRELEASED
Desert Night 1,Aura Sonic,Aşkın Öztürk,Aşkın Öztürk,Esin Banu Öztürk,Aşkın Öztürk & Esin Banu Öztürk (AURA SONİC OFFİCİAL),b6087583c49312bcecc95b09162fb56c2bb54b06f93b200566b1f6272b8b2be5,Desert Night_1.mp3,3:09,2026-07-24,2026-08-08,UNRELEASED
Do you miss me too,Aura Sonic,Aşkın Öztürk,Aşkın Öztürk,Esin Banu Öztürk,Aşkın Öztürk & Esin Banu Öztürk (AURA SONİC OFFİCİAL),0e4ed314dda3b704f2f026f9d0c22c60d8cd9979f3beead5dd1f4f9984cfd024,Do you miss me too (2).wav,4:43,2026-05-30,2026-08-08,UNRELEASED
Don't Walk Past Me Tonight,Aura Sonic,Aşkın Öztürk,Aşkın Öztürk,Esin Banu Öztürk,Aşkın Öztürk & Esin Banu Öztürk (AURA SONİC OFFİCİAL),2211c30ea797ebc9efb2aba1f6c3f9dabd645a6b018d03b31a95feb0f719787b,Don't Walk Past Me Tonight.wav,0:54,2026-08-11,2026-08-31,UNRELEASED
Don’t Come Back1,Aura Sonic,Aşkın Öztürk,Aşkın Öztürk,Esin Banu Öztürk,Aşkın Öztürk & Esin Banu Öztürk (AURA SONİC OFFİCİAL),e4548957e07ae398f55c9f0110b5b9ea8f2a8f20d90b7fe0778a24636b1b9a52,Don’t Come Back1.wav,3:12,2026-05-30,2026-08-08,UNRELEASED
Dört Yüz Kırk,Aura Sonic,Aşkın Öztürk,Aşkın Öztürk,Esin Banu Öztürk,Aşkın Öztürk & Esin Banu Öztürk (AURA SONİC OFFİCİAL),aeb860e600e99d7dee10baf112ba136d768bd3e9b25086919cf5e697ae1151e9, clean_Dört Yüz Kırk.wav,2:48,2026-06-12,2026-08-08,UNRELEASED
E ekle 30,Aura Sonic,Aşkın Öztürk,Aşkın Öztürk,Esin Banu Öztürk,Aşkın Öztürk & Esin Banu Öztürk (AURA SONİC OFFİCİAL),35429ae9c4ae8fe28a7ef092a9a4cc33763c829341ad57e34c28f989037a3a99,E_ekle_30.wav,4:31,2026-08-12,2026-08-31,UNRELEASED
F ekle 60,Aura Sonic,Aşkın Öztürk,Aşkın Öztürk,Esin Banu Öztürk,Aşkın Öztürk & Esin Banu Öztürk (AURA SONİC OFFİCİAL),36388e50a7acac0859673880dc97ee921ba1f71988d7f3c43ba8271b3728efb4,F_ekle_60.wav,4:31,2026-08-12,2026-08-31,UNRELEASED
Felt Moon Drift,Aura Sonic,Aşkın Öztürk,Aşkın Öztürk,Esin Banu Öztürk,Aşkın Öztürk & Esin Banu Öztürk (AURA SONİC OFFİCİAL),2a90942d351597647137f15bcee117ffe9c7550335e6262d811d2962657fedee, clean_Felt Moon Drift.wav,2:29,2026-06-12,2026-08-08,UNRELEASED
Geceye Yazdım Seni,Aura Sonic,Aşkın Öztürk,Aşkın Öztürk,Esin Banu Öztürk,Aşkın Öztürk & Esin Banu Öztürk (AURA SONİC OFFİCİAL),67f4b83cfa84d83af32b026f703b77e943987dc934ef3f8cf63c71a876ea348a, clean_Geceye Yazdım Seni.wav,4:00,2026-05-30,2026-08-08,UNRELEASED
GeceyeYazdımSeni tiktok,Aura Sonic,Aşkın Öztürk,Aşkın Öztürk,Esin Banu Öztürk,Aşkın Öztürk & Esin Banu Öztürk (AURA SONİC OFFİCİAL),f2c8115993b152c5f574dd9fa67f4b1fb272d24bf660706a991ada09df826792, clean_GeceyeYazdımSeni tiktok.wav,1:44,2026-05-30,2026-08-08,UNRELEASED
Gentle Rain 10min DragonStudio,Aura Sonic,Aşkın Öztürk,Aşkın Öztürk,Esin Banu Öztürk,Aşkın Öztürk & Esin Banu Öztürk (AURA SONİC OFFİCİAL),eaca9330832a38ebcd85c90ad2fa45b1234272a660ed4ff0ba28fb094344887f,Gentle_Rain_10min_DragonStudio.mp3,10:00,2026-07-13,2026-08-08,UNRELEASED
Gentle Rain LOOPREADY,Aura Sonic,Aşkın Öztürk,Aşkın Öztürk,Esin Banu Öztürk,Aşkın Öztürk & Esin Banu Öztürk (AURA SONİC OFFİCİAL),37d5e32bd4dc562170b7b3551a895dd6f242aefa114d66bd4e6be8a13d8f7454,Gentle_Rain_LOOPREADY.mp3,9:48,2026-07-13,2026-08-08,UNRELEASED
Gentle Rain Sleep 9min Eryliaa,Aura Sonic,Aşkın Öztürk,Aşkın Öztürk,Esin Banu Öztürk,Aşkın Öztürk & Esin Banu Öztürk (AURA SONİC OFFİCİAL),3f96de2d322f7d3d5fa4a28ef2b193e2ccb1f8319d2358e669d9f3f38b74ab88,Gentle_Rain_Sleep_9min_Eryliaa.mp3,8:50,2026-07-13,2026-08-08,UNRELEASED
GitmeDemem MASTER,Aura Sonic,Aşkın Öztürk,Aşkın Öztürk,Esin Banu Öztürk,Aşkın Öztürk & Esin Banu Öztürk (AURA SONİC OFFİCİAL),a5b9dc91ba53e03c5f8c068147bb010472d06304daf7dbed6f94e88231ba5fc6,GitmeDemem_MASTER.wav,6:24,2026-06-07,2026-08-08,UNRELEASED
HAFİFLEDİM,Aura Sonic,Aşkın Öztürk,Aşkın Öztürk,Esin Banu Öztürk,Aşkın Öztürk & Esin Banu Öztürk (AURA SONİC OFFİCİAL),7e50d4593a5007a84cab4968bb53161767c89c565404852692775238dea1b06a, clean_HAFİFLEDİM.wav,4:03,2026-06-11,2026-08-08,UNRELEASED
Hollow,Aura Sonic,Aşkın Öztürk,Aşkın Öztürk,Esin Banu Öztürk,Aşkın Öztürk & Esin Banu Öztürk (AURA SONİC OFFİCİAL),b815acf4b83339f682d8b1ceaf6920bae6bacbbe2c50e306da88b0b5af31a065,Hollow.wav,4:13,2026-03-13,2026-08-08,UNRELEASED
ISLA MAGNÉTICA,Aura Sonic,Aşkın Öztürk,Aşkın Öztürk,Esin Banu Öztürk,Aşkın Öztürk & Esin Banu Öztürk (AURA SONİC OFFİCİAL),62843ed2a59438bd301945adbc8a6829374f6809fd339513dea2b9ede0cd4a9d,ISLA MAGNÉTICA.wav,7:59,2026-06-11,2026-08-08,UNRELEASED
Industrial Warehouse 1,Aura Sonic,Aşkın Öztürk,Aşkın Öztürk,Esin Banu Öztürk,Aşkın Öztürk & Esin Banu Öztürk (AURA SONİC OFFİCİAL),4fe35af62c92840ccf6f65d387c759fd8b693d45afb9d20c1b9bbcb8718c220a,Industrial Warehouse_1.mp3,3:09,2026-07-24,2026-08-08,UNRELEASED
KAYITLI NUMARA,Aura Sonic,Aşkın Öztürk,Aşkın Öztürk,Esin Banu Öztürk,Aşkın Öztürk & Esin Banu Öztürk (AURA SONİC OFFİCİAL),9f7c75adc566293a9c1b7ef7ab1ca3b9e2ab85444f509732a575cf5ace2c1137, clean_KAYITLI NUMARA.wav,3:41,2026-05-30,2026-08-08,UNRELEASED
KAYITLI NUMARA 2 - ARAMADIM AMA SİLDİM,Aura Sonic,Aşkın Öztürk,Aşkın Öztürk,Esin Banu Öztürk,Aşkın Öztürk & Esin Banu Öztürk (AURA SONİC OFFİCİAL),ba3192bbe794c62937f2021410bd703dc0a6c549f4b5930e170cf6842af2b3b8,KAYITLI NUMARA 2 - ARAMADIM AMA SİLDİM.wav,3:16,2026-05-30,2026-08-08,UNRELEASED
KONTROL kael,Aura Sonic,Aşkın Öztürk,Aşkın Öztürk,Esin Banu Öztürk,Aşkın Öztürk & Esin Banu Öztürk (AURA SONİC OFFİCİAL),2c9ebead3f8ed6169b41fa14607cfa4a29ff05d6a32376f2c2e401cd0c9d66bf,KONTROL_kael.wav,0:24,2026-08-08,2026-08-08,UNRELEASED
Kayıtlı Numara,Aura Sonic,Aşkın Öztürk,Aşkın Öztürk,Esin Banu Öztürk,Aşkın Öztürk & Esin Banu Öztürk (AURA SONİC OFFİCİAL),9fb377007dde6996de93a478e1a2661ddb4b32d6bcece2764997f0d6d8eac8f6,Kayıtlı Numara.mp3,3:31,2026-04-10,2026-08-08,UNRELEASED
Küllerimden Doğuyorum,Aura Sonic,Aşkın Öztürk,Aşkın Öztürk,Esin Banu Öztürk,Aşkın Öztürk & Esin Banu Öztürk (AURA SONİC OFFİCİAL),6e9109dec9fa936557f90546652ba18d32a93ae159d69675553c979541be376e, clean_Küllerimden Doğuyorum.wav,4:29,2026-06-11,2026-08-08,UNRELEASED
LET ME MOVE MASTER,Aura Sonic,Aşkın Öztürk,Aşkın Öztürk,Esin Banu Öztürk,Aşkın Öztürk & Esin Banu Öztürk (AURA SONİC OFFİCİAL),445fc085eb0505c24258a069e2b6c946a338b3349a9b7dbd9e27eedd919fa283,LET ME MOVE_MASTER.wav,3:34,2026-06-15,2026-08-08,UNRELEASED
Late Night Frequency,Aura Sonic,Aşkın Öztürk,Aşkın Öztürk,Esin Banu Öztürk,Aşkın Öztürk & Esin Banu Öztürk (AURA SONİC OFFİCİAL),f57f366a99adaf77374bbd7ebee775a65fe3c17eeb7c9fb24a13fcf72ae54725, clean_Late Night Frequency.wav,2:14,2026-06-12,2026-08-08,UNRELEASED
Latin Street Night,Aura Sonic,Aşkın Öztürk,Aşkın Öztürk,Esin Banu Öztürk,Aşkın Öztürk & Esin Banu Öztürk (AURA SONİC OFFİCİAL),7c6cb19fb7902ff432c55f5386cb23add6c5ae4ac505e14d2c4ce6dd163fce81,Latin Street Night.mp3,2:41,2026-07-24,2026-08-08,UNRELEASED
Love,Aura Sonic,Aşkın Öztürk,Aşkın Öztürk,Esin Banu Öztürk,Aşkın Öztürk & Esin Banu Öztürk (AURA SONİC OFFİCİAL),7264e6ee7df4f8ab3a0d35447eb875790682a5dc04c68d0d8e3deedeea231e13,Aura Sonic - Love.mp3,3:26,2026-07-11,2026-08-08,UNRELEASED
Luna de Sal,Aura Sonic,Aşkın Öztürk,Aşkın Öztürk,Esin Banu Öztürk,Aşkın Öztürk & Esin Banu Öztürk (AURA SONİC OFFİCİAL),f668d025e9c475a95d182f819b1d5f79f4d637ea72865914379f86aa91a6f01b, clean_Luna de Sal.wav,3:04,2026-06-12,2026-08-08,UNRELEASED
M DEMEM GİTME2,Aura Sonic,Aşkın Öztürk,Aşkın Öztürk,Esin Banu Öztürk,Aşkın Öztürk & Esin Banu Öztürk (AURA SONİC OFFİCİAL),3ed1425afbf1d9f4293d0867d90dcdde7ad1be4bb793582df57e11fd21172c79,M-clean_DEMEM GİTME2.wav,5:22,2026-06-07,2026-08-08,UNRELEASED
MEDROCK-BANA MI NİSPET (Lead Vocal),Aura Sonic,Aşkın Öztürk,Aşkın Öztürk,Esin Banu Öztürk,Aşkın Öztürk & Esin Banu Öztürk (AURA SONİC OFFİCİAL),86cdb868f27ab68b08f1dcea8002cc3f7a0d6c0414605e463e91f9c9c16bc1c2,MEDROCK-BANA MI NİSPET_ (Lead Vocal).wav,3:43,2026-07-22,2026-08-08,UNRELEASED
MEVCUT ayar,Aura Sonic,Aşkın Öztürk,Aşkın Öztürk,Esin Banu Öztürk,Aşkın Öztürk & Esin Banu Öztürk (AURA SONİC OFFİCİAL),d810c01c6839584806bf99720248b5b20fd6317cf75abe28d5b3c0e9475103ba,00_MEVCUT_ayar.wav,0:24,2026-08-08,2026-08-08,UNRELEASED
MIDNIGHT STATIC MASTER,Aura Sonic,Aşkın Öztürk,Aşkın Öztürk,Esin Banu Öztürk,Aşkın Öztürk & Esin Banu Öztürk (AURA SONİC OFFİCİAL),0b7ded252a2f6e50a1f90891fc19511c9d81b2db0faa378a0e0ae04d79adab82,MIDNIGHT STATIC_MASTER.wav,4:39,2026-06-15,2026-08-08,UNRELEASED
MIX ONIZLEME,Aura Sonic,Aşkın Öztürk,Aşkın Öztürk,Esin Banu Öztürk,Aşkın Öztürk & Esin Banu Öztürk (AURA SONİC OFFİCİAL),7c1c2e3e2494c15abed36e84d8760733cb7094415a8575738b9df6821ff46f6a,MIX_ONIZLEME.wav,2:52,2026-07-14,2026-08-08,UNRELEASED
Mellow Reed Lake,Aura Sonic,Aşkın Öztürk,Aşkın Öztürk,Esin Banu Öztürk,Aşkın Öztürk & Esin Banu Öztürk (AURA SONİC OFFİCİAL),c5ca7a5ef496b2208aded74f1c1ece710e884a187eb18d27c45dae5884fc9df9, clean_Mellow Reed Lake.wav,3:03,2026-06-12,2026-08-08,UNRELEASED
Miami Neon Night,Aura Sonic,Aşkın Öztürk,Aşkın Öztürk,Esin Banu Öztürk,Aşkın Öztürk & Esin Banu Öztürk (AURA SONİC OFFİCİAL),6daf8cc16013e10098462337fdfda9f937e1c3c3f90dc2d39f8195685b34e4fe,Miami Neon Night.mp3,3:09,2026-07-24,2026-08-08,UNRELEASED
Miami Neon Night 1,Aura Sonic,Aşkın Öztürk,Aşkın Öztürk,Esin Banu Öztürk,Aşkın Öztürk & Esin Banu Öztürk (AURA SONİC OFFİCİAL),dc02249a41fa33b20e10d39987cce28a24e35ce2ffe6390a0d21ebc5e064dfc4,Miami Neon Night_1.mp3,3:09,2026-07-24,2026-08-08,UNRELEASED
Midnight Drift,Aura Sonic,Aşkın Öztürk,Aşkın Öztürk,Esin Banu Öztürk,Aşkın Öztürk & Esin Banu Öztürk (AURA SONİC OFFİCİAL),064315165ff9468c276b32a9688076d38361965ede56203d443ea2524d2c4b79,Midnight Drift.mp3,3:09,2026-07-24,2026-08-08,UNRELEASED
Midnight Highway,Aura Sonic,Aşkın Öztürk,Aşkın Öztürk,Esin Banu Öztürk,Aşkın Öztürk & Esin Banu Öztürk (AURA SONİC OFFİCİAL),ff4ebdfc09630123dd91e6f06ce6e082cb533cb5ff7d21a6f7a28fc78c1c2a1b,Midnight Highway.mp3,3:10,2026-07-24,2026-08-08,UNRELEASED
Mikrofon Nefesi,Aura Sonic,Aşkın Öztürk,Aşkın Öztürk,Esin Banu Öztürk,Aşkın Öztürk & Esin Banu Öztürk (AURA SONİC OFFİCİAL),e56ba50e4f399e95b6ad286ee081ac92118bf9949a9c1b6ce69cf837bbc6852b,Mikrofon Nefesi.mp3,0:27,2026-05-14,2026-08-08,UNRELEASED
Moon Over Yarrow,Aura Sonic,Aşkın Öztürk,Aşkın Öztürk,Esin Banu Öztürk,Aşkın Öztürk & Esin Banu Öztürk (AURA SONİC OFFİCİAL),e753ac4c4e6f7c64eab81ddd822868437d627832d961fb59d26f2cbd3dd3b08e, clean_Moon Over Yarrow.wav,2:53,2026-06-12,2026-08-08,UNRELEASED
Moonlight on Four Strings,Aura Sonic,Aşkın Öztürk,Aşkın Öztürk,Esin Banu Öztürk,Aşkın Öztürk & Esin Banu Öztürk (AURA SONİC OFFİCİAL),c932111a90edf959ea74d8482cefecc70c04a1ace0a7c9a30ab5706791133695,Moonlight on Four Strings.mp3,4:01,2026-07-13,2026-08-08,UNRELEASED
MÜEBBET SEVDA,Aura Sonic,Aşkın Öztürk,Aşkın Öztürk,Esin Banu Öztürk,Aşkın Öztürk & Esin Banu Öztürk (AURA SONİC OFFİCİAL),8a4edd6b48052fba7643ba0b40baa84205984938b9959278289888f1c9eb49c0,MÜEBBET SEVDA.wav,3:22,2026-05-30,2026-08-08,UNRELEASED
MÜEBBET SEVDA MASTER,Aura Sonic,Aşkın Öztürk,Aşkın Öztürk,Esin Banu Öztürk,Aşkın Öztürk & Esin Banu Öztürk (AURA SONİC OFFİCİAL),23d1c28f6c37db905f08c2277b960bc43a56c9ed208306b303868c5791da4f07,MÜEBBET SEVDA_MASTER.wav,3:22,2026-06-15,2026-08-08,UNRELEASED
MİSMETO-EVETTTT,Aura Sonic,Aşkın Öztürk,Aşkın Öztürk,Esin Banu Öztürk,Aşkın Öztürk & Esin Banu Öztürk (AURA SONİC OFFİCİAL),35832b82840440c84bec4bcc6bf5f4f32e18f2a57656db5b2ed34b8b8e050302, clean_MİSMETO-EVETTTT.wav,6:24,2026-06-06,2026-08-08,UNRELEASED
NON PIANGERO PIU,Aura Sonic,Aşkın Öztürk,Aşkın Öztürk,Esin Banu Öztürk,Aşkın Öztürk & Esin Banu Öztürk (AURA SONİC OFFİCİAL),50b4cf32bdf5987cc53a2e3dd7f4f322db90dde2542a31dc1f30ee789f5c707f,sarki.wav,4:16,2026-05-30,2026-08-08,UNRELEASED
NON PIANGERÒ PIÙ,Aura Sonic,Aşkın Öztürk,Aşkın Öztürk,Esin Banu Öztürk,Aşkın Öztürk & Esin Banu Öztürk (AURA SONİC OFFİCİAL),50b4cf32bdf5987cc53a2e3dd7f4f322db90dde2542a31dc1f30ee789f5c707f, clean_NON PIANGERÒ PIÙ.wav,4:16,2026-05-30,2026-08-08,UNRELEASED
Noche de Sal,Aura Sonic,Aşkın Öztürk,Aşkın Öztürk,Esin Banu Öztürk,Aşkın Öztürk & Esin Banu Öztürk (AURA SONİC OFFİCİAL),e44d7402d88d0bd716fe8a94841ad939050439ed274bf0c75950eee753e56da7, clean_Noche de Sal.wav,3:14,2026-06-12,2026-08-08,UNRELEASED
Noche de Seda,Aura Sonic,Aşkın Öztürk,Aşkın Öztürk,Esin Banu Öztürk,Aşkın Öztürk & Esin Banu Öztürk (AURA SONİC OFFİCİAL),a976ed9c390b28479850b0ff4eca993a46978a3c164c3eb4548500fad94b82ae, clean_Noche de Seda.wav,2:24,2026-06-12,2026-08-08,UNRELEASED
Nocturno de Fuego,Aura Sonic,Aşkın Öztürk,Aşkın Öztürk,Esin Banu Öztürk,Aşkın Öztürk & Esin Banu Öztürk (AURA SONİC OFFİCİAL),6f8a778ac4fa9ec9da0ea899b119e8fbc75b671b416232a14215f2af08c3dc3b,clean_Nocturno de Fuego.mp3,4:17,2026-09-12,2026-09-12,UNRELEASED
Orbital Drift,Aura Sonic,Aşkın Öztürk,Aşkın Öztürk,Esin Banu Öztürk,Aşkın Öztürk & Esin Banu Öztürk (AURA SONİC OFFİCİAL),818074bdc909b13938df4dea20cbd368f0ff1c719e1e9a256c37a92c232089e4,Orbital Drift.mp3,3:09,2026-07-24,2026-08-08,UNRELEASED
Orbital Drift 1,Aura Sonic,Aşkın Öztürk,Aşkın Öztürk,Esin Banu Öztürk,Aşkın Öztürk & Esin Banu Öztürk (AURA SONİC OFFİCİAL),0f89f5b6ee75427d3fde94b44c0271985d6fbcb9737ffe087deeef9550ffe4ee,Orbital Drift_1.mp3,3:09,2026-07-24,2026-08-08,UNRELEASED
Orchestral Drift,Aura Sonic,Aşkın Öztürk,Aşkın Öztürk,Esin Banu Öztürk,Aşkın Öztürk & Esin Banu Öztürk (AURA SONİC OFFİCİAL),fdc96de89ec823ca4597bda1e0280fe3b34757943aec037bbd8a6cc59e789589,Orchestral Drift.mp3,3:09,2026-07-24,2026-08-08,UNRELEASED
Orchestral Drift 1,Aura Sonic,Aşkın Öztürk,Aşkın Öztürk,Esin Banu Öztürk,Aşkın Öztürk & Esin Banu Öztürk (AURA SONİC OFFİCİAL),6372e43d320bf008ed5f4d2d50809a12456b0267e48a3e6fe3875195a74ae389,Orchestral Drift_1.mp3,3:09,2026-07-24,2026-08-08,UNRELEASED
Phonk- BACK ALLEY COWBELL,Aura Sonic,Aşkın Öztürk,Aşkın Öztürk,Esin Banu Öztürk,Aşkın Öztürk & Esin Banu Öztürk (AURA SONİC OFFİCİAL),fa6e46a4b6bf379b63453766966af8ee99e856db2b243e7dcccf0045a9a60eb5,Aura Sonic Phonk- BACK ALLEY COWBELL.mp3,2:34,2026-07-25,2026-08-08,UNRELEASED
Phonk- CHROME HOWL,Aura Sonic,Aşkın Öztürk,Aşkın Öztürk,Esin Banu Öztürk,Aşkın Öztürk & Esin Banu Öztürk (AURA SONİC OFFİCİAL),6e1527aeca0734798e2214f7abc1e8b3dd5e7974004efeaaed23d5ff5eaa42e8,Aura Sonic Phonk- CHROME HOWL.mp3,3:56,2026-07-25,2026-08-08,UNRELEASED
Phonk- FINAL OFFRAMP,Aura Sonic,Aşkın Öztürk,Aşkın Öztürk,Esin Banu Öztürk,Aşkın Öztürk & Esin Banu Öztürk (AURA SONİC OFFİCİAL),17580e26b11ef7b51dbab6233701bf8f1114d3f73f8cd47fcb9ff692b45b150e,Aura Sonic Phonk- FINAL OFFRAMP.mp3,3:52,2026-07-25,2026-08-08,UNRELEASED
Phonk- HEATLINE DRIFT,Aura Sonic,Aşkın Öztürk,Aşkın Öztürk,Esin Banu Öztürk,Aşkın Öztürk & Esin Banu Öztürk (AURA SONİC OFFİCİAL),9a12b825270515cd5a21e972a0893be1c8d5ffd57be88f13f5823a12a5649918,Aura Sonic Phonk- HEATLINE DRIFT.mp3,2:14,2026-07-25,2026-08-08,UNRELEASED
Phonk- IRON JAW BOUNCE,Aura Sonic,Aşkın Öztürk,Aşkın Öztürk,Esin Banu Öztürk,Aşkın Öztürk & Esin Banu Öztürk (AURA SONİC OFFİCİAL),efea93d3d2be14597d834b7ef165a3965dc29924aff775abdaa04291767d3858,Aura Sonic Phonk- IRON JAW BOUNCE.mp3,2:41,2026-07-25,2026-08-08,UNRELEASED
Phonk- LAST EXIT SLIDE,Aura Sonic,Aşkın Öztürk,Aşkın Öztürk,Esin Banu Öztürk,Aşkın Öztürk & Esin Banu Öztürk (AURA SONİC OFFİCİAL),fbd1e64032f0779e8024e4bbbc22fd70555b63b9b934fc95ae5be8b3688ab5d7,Aura Sonic Phonk- LAST EXIT SLIDE.mp3,3:05,2026-07-25,2026-08-08,UNRELEASED
Phonk- MOTOR VAULT 130,Aura Sonic,Aşkın Öztürk,Aşkın Öztürk,Esin Banu Öztürk,Aşkın Öztürk & Esin Banu Öztürk (AURA SONİC OFFİCİAL),d396d032f68443c6b13abe3195536a63686a8288eaf7356b95afd279c7f804d4,Aura Sonic Phonk- MOTOR VAULT 130.mp3,3:55,2026-07-25,2026-08-08,UNRELEASED
Phonk- SERVICE LANE BELLS,Aura Sonic,Aşkın Öztürk,Aşkın Öztürk,Esin Banu Öztürk,Aşkın Öztürk & Esin Banu Öztürk (AURA SONİC OFFİCİAL),d89b4b2ac3efd61d67e3500703901e5377208e94a838475593e115dd854aceea,Aura Sonic Phonk- SERVICE LANE BELLS.mp3,2:39,2026-07-25,2026-08-08,UNRELEASED
Phonk- STEEL ECHO,Aura Sonic,Aşkın Öztürk,Aşkın Öztürk,Esin Banu Öztürk,Aşkın Öztürk & Esin Banu Öztürk (AURA SONİC OFFİCİAL),0df1e2efb3520e690c9e46bc01096e23c81b1cf4ae9e9480d950b151fe638b7d,Aura Sonic Phonk- STEEL ECHO.mp3,2:32,2026-07-25,2026-08-08,UNRELEASED
Phonk- THERMAL SIDESLIP,Aura Sonic,Aşkın Öztürk,Aşkın Öztürk,Esin Banu Öztürk,Aşkın Öztürk & Esin Banu Öztürk (AURA SONİC OFFİCİAL),0f38881310e92ef7e01c55bb79e3fc3429c60fb7e50ecf31dfe23de2abd913e5,Aura Sonic Phonk- THERMAL SIDESLIP.mp3,2:39,2026-07-25,2026-08-08,UNRELEASED
Phonk-ASPHALT VIPER,Aura Sonic,Aşkın Öztürk,Aşkın Öztürk,Esin Banu Öztürk,Aşkın Öztürk & Esin Banu Öztürk (AURA SONİC OFFİCİAL),96901ae79f1fda273a47ec2a2c59a8cf762e7affbdfd96fd9b6b80d9a826a3b6,Aura Sonic Phonk-ASPHALT VIPER.mp3,3:54,2026-07-25,2026-08-08,UNRELEASED
Phonk-BASEMENT DISTRICT,Aura Sonic,Aşkın Öztürk,Aşkın Öztürk,Esin Banu Öztürk,Aşkın Öztürk & Esin Banu Öztürk (AURA SONİC OFFİCİAL),9a014fff4d251eb41194bd3512610da6e59d2412e88a7af5398421892152210a,Aura Sonic Phonk-BASEMENT DISTRICT.mp3,3:54,2026-07-25,2026-08-08,UNRELEASED
Phonk-BLACKTOP COBRA,Aura Sonic,Aşkın Öztürk,Aşkın Öztürk,Esin Banu Öztürk,Aşkın Öztürk & Esin Banu Öztürk (AURA SONİC OFFİCİAL),a74275bfe1ff751d1a3a7eb778638f245671a24f259e6daf0b49195ab5fa60b5,Aura Sonic Phonk-BLACKTOP COBRA.mp3,3:55,2026-07-25,2026-08-08,UNRELEASED
Phonk-BLACKTOP STATIC,Aura Sonic,Aşkın Öztürk,Aşkın Öztürk,Esin Banu Öztürk,Aşkın Öztürk & Esin Banu Öztürk (AURA SONİC OFFİCİAL),4a90191a2f6fb7bc95d96b997037eac5e8623948f4fd0aed12a0dca21935bb93,Aura Sonic Phonk-BLACKTOP STATIC.mp3,3:54,2026-07-25,2026-08-08,UNRELEASED
Phonk-BRAKE LIGHT FEVER,Aura Sonic,Aşkın Öztürk,Aşkın Öztürk,Esin Banu Öztürk,Aşkın Öztürk & Esin Banu Öztürk (AURA SONİC OFFİCİAL),2c4cc59e64c0cd3dbf52165ca53f572f1403a0efd49ec2493f1582d3d79f6d26,Aura Sonic Phonk-BRAKE LIGHT FEVER.mp3,2:45,2026-07-25,2026-08-08,UNRELEASED
Phonk-BURNOUT CEREMONY,Aura Sonic,Aşkın Öztürk,Aşkın Öztürk,Esin Banu Öztürk,Aşkın Öztürk & Esin Banu Öztürk (AURA SONİC OFFİCİAL),439624de5808c2a45732c7302d44fca810db3a3fbf32acf7a1ffc3af729eb33d,Aura Sonic Phonk-BURNOUT CEREMONY.mp3,3:55,2026-07-25,2026-08-08,UNRELEASED
Phonk-CASSETTE PRESSURE,Aura Sonic,Aşkın Öztürk,Aşkın Öztürk,Esin Banu Öztürk,Aşkın Öztürk & Esin Banu Öztürk (AURA SONİC OFFİCİAL),1784ff9dd74d7e23583669ea708ab1119be39dcecdc74b7bc153faff1e83c781,Aura Sonic Phonk-CASSETTE PRESSURE.mp3,3:55,2026-07-25,2026-08-08,UNRELEASED
Phonk-CEMENT FIST,Aura Sonic,Aşkın Öztürk,Aşkın Öztürk,Esin Banu Öztürk,Aşkın Öztürk & Esin Banu Öztürk (AURA SONİC OFFİCİAL),89151a98ba1f62e4287d97d45ccb8458dd2da0fbb2a1dce14c631a769dcde883,Aura Sonic Phonk-CEMENT FIST.mp3,3:58,2026-07-25,2026-08-08,UNRELEASED
Phonk-CONCRETE KNUCKLE,Aura Sonic,Aşkın Öztürk,Aşkın Öztürk,Esin Banu Öztürk,Aşkın Öztürk & Esin Banu Öztürk (AURA SONİC OFFİCİAL),9e1e90227c5c3705487e12cbeff3ead995eca31ad434e22aebe30dbb5240cd30,Aura Sonic Phonk-CONCRETE KNUCKLE.mp3,7:59,2026-07-25,2026-08-08,UNRELEASED
Phonk-CONCRETE SPIRAL,Aura Sonic,Aşkın Öztürk,Aşkın Öztürk,Esin Banu Öztürk,Aşkın Öztürk & Esin Banu Öztürk (AURA SONİC OFFİCİAL),44194ae04a748a6c4264670a7dab54a06b3daa1ca75999e48097830e8b080770,Aura Sonic Phonk-CONCRETE SPIRAL.mp3,3:54,2026-07-25,2026-08-08,UNRELEASED
Phonk-DEAD LANE PULSE,Aura Sonic,Aşkın Öztürk,Aşkın Öztürk,Esin Banu Öztürk,Aşkın Öztürk & Esin Banu Öztürk (AURA SONİC OFFİCİAL),52403413fece78defce6518904f405738a4f6e53140be5474ea72e49f05c7476,Aura Sonic Phonk-DEAD LANE PULSE.mp3,2:39,2026-07-25,2026-08-08,UNRELEASED
Phonk-DISTANT SIRENS,Aura Sonic,Aşkın Öztürk,Aşkın Öztürk,Esin Banu Öztürk,Aşkın Öztürk & Esin Banu Öztürk (AURA SONİC OFFİCİAL),d638fd60a01f5020507d627d55bf2bdef2da6e29ba191fb8d36e90da0fe6a0e6,Aura Sonic Phonk-DISTANT SIRENS.mp3,3:54,2026-07-25,2026-08-08,UNRELEASED
Phonk-EMPTY INTERCHANGE,Aura Sonic,Aşkın Öztürk,Aşkın Öztürk,Esin Banu Öztürk,Aşkın Öztürk & Esin Banu Öztürk (AURA SONİC OFFİCİAL),944a21a7bcf83d90d4bb07476ddd303dad045488861a0d96e373fe7eff8a3576,Aura Sonic Phonk-EMPTY INTERCHANGE.mp3,3:27,2026-07-25,2026-08-08,UNRELEASED
Phonk-EMPTY LANE HEARTBEAT,Aura Sonic,Aşkın Öztürk,Aşkın Öztürk,Esin Banu Öztürk,Aşkın Öztürk & Esin Banu Öztürk (AURA SONİC OFFİCİAL),75cc69a23b38c9e7232e5e70ad93aab031a7625c73d084a8061a59ba3a8e7f30,Aura Sonic Phonk-EMPTY LANE HEARTBEAT.mp3,3:53,2026-07-25,2026-08-08,UNRELEASED
Phonk-ENGINE ROOM 130,Aura Sonic,Aşkın Öztürk,Aşkın Öztürk,Esin Banu Öztürk,Aşkın Öztürk & Esin Banu Öztürk (AURA SONİC OFFİCİAL),f97e1c45ee79c09d47b040f1be133b59bf0bd21ed24c97c36f2b256df9264ce7,Aura Sonic Phonk-ENGINE ROOM 130.mp3,3:54,2026-07-25,2026-08-08,UNRELEASED
Phonk-FLYOVER STALKER,Aura Sonic,Aşkın Öztürk,Aşkın Öztürk,Esin Banu Öztürk,Aşkın Öztürk & Esin Banu Öztürk (AURA SONİC OFFİCİAL),13b7dd644cfb004f341ea11a6930ea1f587c5e9360d438530431bcf22a82bd68,Aura Sonic Phonk-FLYOVER STALKER.mp3,2:54,2026-07-25,2026-08-08,UNRELEASED
Phonk-FOG CIRCUIT,Aura Sonic,Aşkın Öztürk,Aşkın Öztürk,Esin Banu Öztürk,Aşkın Öztürk & Esin Banu Öztürk (AURA SONİC OFFİCİAL),1a98e0064dd6dc408a2349aa905e0d1f856ddf20d149086926d8a4afd1b21de1,Aura Sonic Phonk-FOG CIRCUIT.mp3,3:54,2026-07-25,2026-08-08,UNRELEASED
Phonk-GHOST JUNCTION,Aura Sonic,Aşkın Öztürk,Aşkın Öztürk,Esin Banu Öztürk,Aşkın Öztürk & Esin Banu Öztürk (AURA SONİC OFFİCİAL),40f0e1b6bf3658c5f7c4579ceee2b0719f626f562a80f4e8c2b6e5be991bfe6b,Aura Sonic Phonk-GHOST JUNCTION.mp3,3:54,2026-07-25,2026-08-08,UNRELEASED
Phonk-GRAVEYARD SHIFT GHOST,Aura Sonic,Aşkın Öztürk,Aşkın Öztürk,Esin Banu Öztürk,Aşkın Öztürk & Esin Banu Öztürk (AURA SONİC OFFİCİAL),22f226980162efaea20ff002b844c2f758c7a88ed3345914122b3b42a1d0a172,Aura Sonic Phonk-GRAVEYARD SHIFT GHOST.mp3,3:27,2026-07-25,2026-08-08,UNRELEASED
Phonk-HEATWAVE REDLINE,Aura Sonic,Aşkın Öztürk,Aşkın Öztürk,Esin Banu Öztürk,Aşkın Öztürk & Esin Banu Öztürk (AURA SONİC OFFİCİAL),a443de4c9354a9eaadc7339a09b160c9581d4a24ed1b1d95b55e69e3a8744ba2,Aura Sonic Phonk-HEATWAVE REDLINE.mp3,3:54,2026-07-25,2026-08-08,UNRELEASED
Phonk-LAMPPOST THUMP,Aura Sonic,Aşkın Öztürk,Aşkın Öztürk,Esin Banu Öztürk,Aşkın Öztürk & Esin Banu Öztürk (AURA SONİC OFFİCİAL),257f1ec12d99a3016e1bb6be33f5781b7cb051db72cb72a17e4072c155771b37,Aura Sonic Phonk-LAMPPOST THUMP.mp3,2:46,2026-07-25,2026-08-08,UNRELEASED
Phonk-LOW BLOCK MENACE,Aura Sonic,Aşkın Öztürk,Aşkın Öztürk,Esin Banu Öztürk,Aşkın Öztürk & Esin Banu Öztürk (AURA SONİC OFFİCİAL),4422e9ba5405a04f630cca0753c1dd1cb26f51b265cdc8bd16b003d6dabde66f,Aura Sonic Phonk-LOW BLOCK MENACE.mp3,1:42,2026-07-25,2026-08-08,UNRELEASED
Phonk-LUNAR COLLISION,Aura Sonic,Aşkın Öztürk,Aşkın Öztürk,Esin Banu Öztürk,Aşkın Öztürk & Esin Banu Öztürk (AURA SONİC OFFİCİAL),78fed4301bdac282dae3cda0f4eade2e8c41dc231772a037adfd4834570554bd,Aura Sonic Phonk-LUNAR COLLISION.mp3,3:54,2026-07-25,2026-08-08,UNRELEASED
Phonk-MEMPHIS PRESSURE,Aura Sonic,Aşkın Öztürk,Aşkın Öztürk,Esin Banu Öztürk,Aşkın Öztürk & Esin Banu Öztürk (AURA SONİC OFFİCİAL),6ed03d7bc531b74040a3d109d12002a9a02e3e8d49bbf80f3549d2585ec427d5,Aura Sonic Phonk-MEMPHIS PRESSURE.mp3,3:54,2026-07-25,2026-08-08,UNRELEASED
Phonk-MIDNIGHT CLUTCH,Aura Sonic,Aşkın Öztürk,Aşkın Öztürk,Esin Banu Öztürk,Aşkın Öztürk & Esin Banu Öztürk (AURA SONİC OFFİCİAL),6444f257d769d8539b126636576be69f75c8774cf42e37617845e7d9422dcb13,Aura Sonic Phonk-MIDNIGHT CLUTCH.mp3,2:14,2026-07-25,2026-08-08,UNRELEASED
Phonk-MIRROR CHASE,Aura Sonic,Aşkın Öztürk,Aşkın Öztürk,Esin Banu Öztürk,Aşkın Öztürk & Esin Banu Öztürk (AURA SONİC OFFİCİAL),a64407544060a5f30cf5fa4b1b03e4f4fb984c82c99c9a8059552f920284f5a7,Aura Sonic Phonk-MIRROR CHASE.mp3,3:55,2026-07-25,2026-08-08,UNRELEASED
Phonk-MIST CURRENT,Aura Sonic,Aşkın Öztürk,Aşkın Öztürk,Esin Banu Öztürk,Aşkın Öztürk & Esin Banu Öztürk (AURA SONİC OFFİCİAL),724704f230252d541270f496b4adbe971b0fb2af1d56f3bcbf91805394742b4e,Aura Sonic Phonk-MIST CURRENT.mp3,3:54,2026-07-25,2026-08-08,UNRELEASED
Phonk-MOONLIT WRECK,Aura Sonic,Aşkın Öztürk,Aşkın Öztürk,Esin Banu Öztürk,Aşkın Öztürk & Esin Banu Öztürk (AURA SONİC OFFİCİAL),1d00fcba8d7e988e184663f0f003f1b56ebcd05864cd5be3c34d5d1920d3a38d,Aura Sonic Phonk-MOONLIT WRECK.mp3,3:54,2026-07-25,2026-08-08,UNRELEASED
Phonk-NEON APEX,Aura Sonic,Aşkın Öztürk,Aşkın Öztürk,Esin Banu Öztürk,Aşkın Öztürk & Esin Banu Öztürk (AURA SONİC OFFİCİAL),f32d492ce50290f39e01e778b1fd486ade6ecc62ecae7283dc8f06ec0756a32e,Aura Sonic Phonk-NEON APEX.mp3,3:55,2026-07-25,2026-08-08,UNRELEASED
Phonk-NEON OVERRUN,Aura Sonic,Aşkın Öztürk,Aşkın Öztürk,Esin Banu Öztürk,Aşkın Öztürk & Esin Banu Öztürk (AURA SONİC OFFİCİAL),5c33a59cc24a5f4df805a807e7d456873370502fc84f6a69a03abc108febe0c9,Aura Sonic Phonk-NEON OVERRUN.mp3,2:37,2026-07-25,2026-08-08,UNRELEASED
Phonk-NIGHTSHIFT GEAR,Aura Sonic,Aşkın Öztürk,Aşkın Öztürk,Esin Banu Öztürk,Aşkın Öztürk & Esin Banu Öztürk (AURA SONİC OFFİCİAL),7bde04fdf2c6d8185977046ac6257993200947dfbbd8e5f30e81aabc5e162a24,Aura Sonic Phonk-NIGHTSHIFT GEAR.mp3,3:55,2026-07-25,2026-08-08,UNRELEASED
Phonk-NIGHTSHIFT PHANTOM,Aura Sonic,Aşkın Öztürk,Aşkın Öztürk,Esin Banu Öztürk,Aşkın Öztürk & Esin Banu Öztürk (AURA SONİC OFFİCİAL),c55fc77ec61965aadf116a6180b80c52324ab5cdc7f205af32061a8e24a2477e,Aura Sonic Phonk-NIGHTSHIFT PHANTOM.mp3,3:54,2026-07-25,2026-08-08,UNRELEASED
Phonk-OVERPASS HUNTER,Aura Sonic,Aşkın Öztürk,Aşkın Öztürk,Esin Banu Öztürk,Aşkın Öztürk & Esin Banu Öztürk (AURA SONİC OFFİCİAL),2fe29d60e28f735c63b56baf3b7c701939e511b55435d0ce4b54352346c1476d,Aura Sonic Phonk-OVERPASS HUNTER.mp3,2:54,2026-07-25,2026-08-08,UNRELEASED
Phonk-PARKADE VORTEX,Aura Sonic,Aşkın Öztürk,Aşkın Öztürk,Esin Banu Öztürk,Aşkın Öztürk & Esin Banu Öztürk (AURA SONİC OFFİCİAL),5adfc0b25755559d83147cba57018e699b86058f472b8b4618e6bd4f4b818b45,Aura Sonic Phonk-PARKADE VORTEX.mp3,3:54,2026-07-25,2026-08-08,UNRELEASED
Phonk-PHANTOM TORQUE,Aura Sonic,Aşkın Öztürk,Aşkın Öztürk,Esin Banu Öztürk,Aşkın Öztürk & Esin Banu Öztürk (AURA SONİC OFFİCİAL),17184559339ca8267ab52e309b1d96f5c525139c8b39756d584725760e6146cf,Aura Sonic Phonk-PHANTOM TORQUE.mp3,3:53,2026-07-25,2026-08-08,UNRELEASED
Phonk-REARVIEW PURSUIT,Aura Sonic,Aşkın Öztürk,Aşkın Öztürk,Esin Banu Öztürk,Aşkın Öztürk & Esin Banu Öztürk (AURA SONİC OFFİCİAL),8a8d6d9a0f89904198540d555518dd516466961eb42bb07219eb875289e05ebf,Aura Sonic Phonk-REARVIEW PURSUIT.mp3,3:54,2026-07-25,2026-08-08,UNRELEASED
Phonk-REDLINE MIRAGE,Aura Sonic,Aşkın Öztürk,Aşkın Öztürk,Esin Banu Öztürk,Aşkın Öztürk & Esin Banu Öztürk (AURA SONİC OFFİCİAL),5d22a7c9e1f5449b19fc73580f3c99d73d0350ff6a59739cdfb537f719449263,Aura Sonic Phonk-REDLINE MIRAGE.mp3,3:55,2026-07-25,2026-08-08,UNRELEASED
Phonk-ROADWIRE NOISE,Aura Sonic,Aşkın Öztürk,Aşkın Öztürk,Esin Banu Öztürk,Aşkın Öztürk & Esin Banu Öztürk (AURA SONİC OFFİCİAL),c2668181698ac1b8159ccba5b877b9b4ae1ffd936409a8826e7d0dafa8acd4e0,Aura Sonic Phonk-ROADWIRE NOISE.mp3,3:55,2026-07-25,2026-08-08,UNRELEASED
Phonk-SIGNAL DOWNPOUR,Aura Sonic,Aşkın Öztürk,Aşkın Öztürk,Esin Banu Öztürk,Aşkın Öztürk & Esin Banu Öztürk (AURA SONİC OFFİCİAL),4e755fb948fbc2be4d7b1ab1915210e13150f01bf1cf6feea333e7de05527be5,Aura Sonic Phonk-SIGNAL DOWNPOUR.mp3,3:55,2026-07-25,2026-08-08,UNRELEASED
Phonk-SIREN HORIZON,Aura Sonic,Aşkın Öztürk,Aşkın Öztürk,Esin Banu Öztürk,Aşkın Öztürk & Esin Banu Öztürk (AURA SONİC OFFİCİAL),773799cbaedeb553bb9e1774de76c5f7b86bf2f4c2da6ffb52bc3d05ead33d2d,Aura Sonic Phonk-SIREN HORIZON.mp3,3:54,2026-07-25,2026-08-08,UNRELEASED
Phonk-STATIC RAIN,Aura Sonic,Aşkın Öztürk,Aşkın Öztürk,Esin Banu Öztürk,Aşkın Öztürk & Esin Banu Öztürk (AURA SONİC OFFİCİAL),fc733151e2dccea99a56eeb7fbe3631012c5b6dddfd54ffa7ad256648461223d,Aura Sonic Phonk-STATIC RAIN.mp3,3:53,2026-07-25,2026-08-08,UNRELEASED
Phonk-STEEL BITE SWING,Aura Sonic,Aşkın Öztürk,Aşkın Öztürk,Esin Banu Öztürk,Aşkın Öztürk & Esin Banu Öztürk (AURA SONİC OFFİCİAL),c9b6fecd9f8d3e79494996972e9bff06e21b6a8f5eeef83fe65f04a8ae883632,Aura Sonic Phonk-STEEL BITE SWING.mp3,2:00,2026-07-25,2026-08-08,UNRELEASED
Phonk-STREETLIGHT KNOCK,Aura Sonic,Aşkın Öztürk,Aşkın Öztürk,Esin Banu Öztürk,Aşkın Öztürk & Esin Banu Öztürk (AURA SONİC OFFİCİAL),64fb06dcbee9f069a398cf3eb273704874bd8a9850d40ffc66614622d68bb7e8,Aura Sonic Phonk-STREETLIGHT KNOCK.mp3,2:52,2026-07-25,2026-08-08,UNRELEASED
Phonk-TAILLIGHT RUSH,Aura Sonic,Aşkın Öztürk,Aşkın Öztürk,Esin Banu Öztürk,Aşkın Öztürk & Esin Banu Öztürk (AURA SONİC OFFİCİAL),b2c03c1cc3f6911e261a2aca4e18cfbd90abc375f0f5ab83fefc2e6442e5dd9f,Aura Sonic Phonk-TAILLIGHT RUSH.mp3,3:54,2026-07-25,2026-08-08,UNRELEASED
Phonk-TIRE SMOKE RITUAL,Aura Sonic,Aşkın Öztürk,Aşkın Öztürk,Esin Banu Öztürk,Aşkın Öztürk & Esin Banu Öztürk (AURA SONİC OFFİCİAL),4ddbf16ecf4ecae13cd58e28a04ec00f00928dedc9dbdebd7c5db3bce99b74f4,Aura Sonic Phonk-TIRE SMOKE RITUAL.mp3,3:54,2026-07-25,2026-08-08,UNRELEASED
Phonk-TORQUE GHOST,Aura Sonic,Aşkın Öztürk,Aşkın Öztürk,Esin Banu Öztürk,Aşkın Öztürk & Esin Banu Öztürk (AURA SONİC OFFİCİAL),e329003ad772d4fdf51cceed0f8a8665228ee443ef74b87cc63658ab14926569,Aura Sonic Phonk-TORQUE GHOST.mp3,2:31,2026-07-25,2026-08-08,UNRELEASED
Phonk-TRACTION VOID,Aura Sonic,Aşkın Öztürk,Aşkın Öztürk,Esin Banu Öztürk,Aşkın Öztürk & Esin Banu Öztürk (AURA SONİC OFFİCİAL),096486502f27272cea53513882465a372fb9862b9ab67d51feac57ead0e8eb0e,Aura Sonic Phonk-TRACTION VOID.mp3,3:55,2026-07-25,2026-08-08,UNRELEASED
Phonk-TUNNEL TEETH,Aura Sonic,Aşkın Öztürk,Aşkın Öztürk,Esin Banu Öztürk,Aşkın Öztürk & Esin Banu Öztürk (AURA SONİC OFFİCİAL),667ccafa86d0cdc64e83b84a9b95ac2181359e460244a8ddd1b67bc8c5c199e7,Aura Sonic Phonk-TUNNEL TEETH.mp3,2:42,2026-07-25,2026-08-08,UNRELEASED
Phonk-UNDERPASS FANGS,Aura Sonic,Aşkın Öztürk,Aşkın Öztürk,Esin Banu Öztürk,Aşkın Öztürk & Esin Banu Öztürk (AURA SONİC OFFİCİAL),917b66127a6ce3c0307672dafefa9ba73781d6ee0bb9075182ddf619dfbc7114,Aura Sonic Phonk-UNDERPASS FANGS.mp3,3:54,2026-07-25,2026-08-08,UNRELEASED
Phonk-ZERO GRIP,Aura Sonic,Aşkın Öztürk,Aşkın Öztürk,Esin Banu Öztürk,Aşkın Öztürk & Esin Banu Öztürk (AURA SONİC OFFİCİAL),a3fc35c65a9ba2279319d909e86e71f1241a53f4eed91d26914b1930c56c34f0,Aura Sonic Phonk-ZERO GRIP.mp3,2:12,2026-07-25,2026-08-08,UNRELEASED
RUNAWAY LIGHTS MASTER,Aura Sonic,Aşkın Öztürk,Aşkın Öztürk,Esin Banu Öztürk,Aşkın Öztürk & Esin Banu Öztürk (AURA SONİC OFFİCİAL),14588fb3c7f8f2fb400605a86dba32ed60b690293b05301ab6d97b74b87f6fd6,RUNAWAY LIGHTS_MASTER.wav,4:13,2026-06-15,2026-08-08,UNRELEASED
Rain 14min DonRain,Aura Sonic,Aşkın Öztürk,Aşkın Öztürk,Esin Banu Öztürk,Aşkın Öztürk & Esin Banu Öztürk (AURA SONİC OFFİCİAL),532a9e68d05bf8565ec7bebec7d3008af36732ba4ec6022c067ccd71306fa79d,Rain_14min_DonRain.mp3,14:06,2026-07-13,2026-08-08,UNRELEASED
Rain Over Glass,Aura Sonic,Aşkın Öztürk,Aşkın Öztürk,Esin Banu Öztürk,Aşkın Öztürk & Esin Banu Öztürk (AURA SONİC OFFİCİAL),b16f81dd4d0c88af4ff767d7b6034cb2f3b6ebe402e89c166d5bcae39b8a974c, clean_Rain Over Glass.wav,4:04,2026-06-12,2026-08-08,UNRELEASED
Rainy Boulevard,Aura Sonic,Aşkın Öztürk,Aşkın Öztürk,Esin Banu Öztürk,Aşkın Öztürk & Esin Banu Öztürk (AURA SONİC OFFİCİAL),2c05dc1f47da8e9eb9b3334c8ece8fef636af8dad9dee0d2a48a24367e962f7c,Rainy Boulevard.mp3,3:09,2026-07-24,2026-08-08,UNRELEASED
Relaxing Rain 12min DragonStudio,Aura Sonic,Aşkın Öztürk,Aşkın Öztürk,Esin Banu Öztürk,Aşkın Öztürk & Esin Banu Öztürk (AURA SONİC OFFİCİAL),bb6d04b7a0a2d2354e59b6b0d770e8e1b38c6a2d726bfd2d8fb62890a6996464,Relaxing_Rain_12min_DragonStudio.mp3,12:45,2026-07-13,2026-08-08,UNRELEASED
S0 MEVCUT hum,Aura Sonic,Aşkın Öztürk,Aşkın Öztürk,Esin Banu Öztürk,Aşkın Öztürk & Esin Banu Öztürk (AURA SONİC OFFİCİAL),7262cbf3fe5fe96bffad4b3d4c7044abf2c730aadc64e377ccc4438a7cf08b2d,S0_MEVCUT_hum.wav,0:25,2026-08-08,2026-08-08,UNRELEASED
S1 hum sonra dereverb,Aura Sonic,Aşkın Öztürk,Aşkın Öztürk,Esin Banu Öztürk,Aşkın Öztürk & Esin Banu Öztürk (AURA SONİC OFFİCİAL),86cbc9d7c929a6ee389a74e81d302a31248abba67b2c94745f73ea677c48c41e,S1_hum_sonra_dereverb.wav,0:24,2026-08-08,2026-08-08,UNRELEASED
S2 hum sonra denoise,Aura Sonic,Aşkın Öztürk,Aşkın Öztürk,Esin Banu Öztürk,Aşkın Öztürk & Esin Banu Öztürk (AURA SONİC OFFİCİAL),385cc52485dde8c8042af2fa9e9adb9cb4df44b1c66db2e6c648f3b8914ca528,S2_hum_sonra_denoise.wav,0:24,2026-08-08,2026-08-08,UNRELEASED
S3 hum dereverb denoise,Aura Sonic,Aşkın Öztürk,Aşkın Öztürk,Esin Banu Öztürk,Aşkın Öztürk & Esin Banu Öztürk (AURA SONİC OFFİCİAL),293d382863d323c2af9f6759132f7705f724fadd302758d10e244ce77f6e5460,S3_hum_dereverb_denoise.wav,0:24,2026-08-08,2026-08-08,UNRELEASED
S4 once temizle sonra hum,Aura Sonic,Aşkın Öztürk,Aşkın Öztürk,Esin Banu Öztürk,Aşkın Öztürk & Esin Banu Öztürk (AURA SONİC OFFİCİAL),6b1a868e1d50fd12696d3ca54b1b7dc4a7cf999056a6c5a1ad8b7e5bbef24c51,S4_once_temizle_sonra_hum.wav,0:24,2026-08-08,2026-08-08,UNRELEASED
S5 temizle denoise hum,Aura Sonic,Aşkın Öztürk,Aşkın Öztürk,Esin Banu Öztürk,Aşkın Öztürk & Esin Banu Öztürk (AURA SONİC OFFİCİAL),537eadf634ccdf161491328722235bf7a48a3b392b9faa3a2c8a41eb57c32a74,S5_temizle_denoise_hum.wav,0:24,2026-08-08,2026-08-08,UNRELEASED
SEN BENDEN GIDERKEN AURASONIC FINAL,Aura Sonic,Aşkın Öztürk,Aşkın Öztürk,Esin Banu Öztürk,Aşkın Öztürk & Esin Banu Öztürk (AURA SONİC OFFİCİAL),45c017d299c768a94b50087a7995bd1801818951fb85137c57e9319521249252,SEN_BENDEN_GIDERKEN_AURASONIC_FINAL.wav,5:55,2026-06-06,2026-08-08,UNRELEASED
SON PERDE2,Aura Sonic,Aşkın Öztürk,Aşkın Öztürk,Esin Banu Öztürk,Aşkın Öztürk & Esin Banu Öztürk (AURA SONİC OFFİCİAL),3a41c22bedbd3eb3d3489c193d256e7eb56eb214817d96a68dbeb4bcc7508fc0, clean_SON PERDE2.wav,4:38,2026-05-30,2026-08-08,UNRELEASED
SON SÖZÜMÜZ AŞK OLSUN,Aura Sonic,Aşkın Öztürk,Aşkın Öztürk,Esin Banu Öztürk,Aşkın Öztürk & Esin Banu Öztürk (AURA SONİC OFFİCİAL),8a5fc8d9c6f1d4cb5eef307a52d1f093f0ed5237871543e93afec8487f24ad8b, clean_SON SÖZÜMÜZ AŞK OLSUN.wav,6:11,2026-05-30,2026-08-08,UNRELEASED
STEM BASS,Aura Sonic,Aşkın Öztürk,Aşkın Öztürk,Esin Banu Öztürk,Aşkın Öztürk & Esin Banu Öztürk (AURA SONİC OFFİCİAL),5a624be0f9eba510a2be3ee5e0839f73452cdf7ca24fd1b8e6d60dcf15dea29e,STEM_BASS.wav,2:52,2026-07-14,2026-08-08,UNRELEASED
STEM DRUMS,Aura Sonic,Aşkın Öztürk,Aşkın Öztürk,Esin Banu Öztürk,Aşkın Öztürk & Esin Banu Öztürk (AURA SONİC OFFİCİAL),429257b1a8a38d74caf803ec6ef53f96b9b19516bd3ff6e1270e9c4501b4f7a4,STEM_DRUMS.wav,2:52,2026-07-14,2026-08-08,UNRELEASED
STEM GUITAR,Aura Sonic,Aşkın Öztürk,Aşkın Öztürk,Esin Banu Öztürk,Aşkın Öztürk & Esin Banu Öztürk (AURA SONİC OFFİCİAL),8c81fd150f4debf6d93d892a43a71f2109fbf405302f53ec3105020e0e204d43,STEM_GUITAR.wav,2:52,2026-07-14,2026-08-08,UNRELEASED
STEM PERCUSSION,Aura Sonic,Aşkın Öztürk,Aşkın Öztürk,Esin Banu Öztürk,Aşkın Öztürk & Esin Banu Öztürk (AURA SONİC OFFİCİAL),7a8af97ee3dc51d3169d7cdb729b775f1aadb7698415a9f70c3fe87f86e567ed,STEM_PERCUSSION.wav,2:52,2026-07-14,2026-08-08,UNRELEASED
STEM SYNTH,Aura Sonic,Aşkın Öztürk,Aşkın Öztürk,Esin Banu Öztürk,Aşkın Öztürk & Esin Banu Öztürk (AURA SONİC OFFİCİAL),568e482433b14e1c795d3216ad3ffaa6f48004b541b0d99fe9bee8cb0adb92c5,STEM_SYNTH.wav,2:52,2026-07-14,2026-08-08,UNRELEASED
Sahil Geceşi,Aura Sonic,Aşkın Öztürk,Aşkın Öztürk,Esin Banu Öztürk,Aşkın Öztürk & Esin Banu Öztürk (AURA SONİC OFFİCİAL),0ceca7d3c8bb5f778d63e74a582f523093fb4d4512dae7c65d5ba9db10806735, clean_Sahil Geceşi.wav,2:54,2026-06-12,2026-08-08,UNRELEASED
Samurai Night,Aura Sonic,Aşkın Öztürk,Aşkın Öztürk,Esin Banu Öztürk,Aşkın Öztürk & Esin Banu Öztürk (AURA SONİC OFFİCİAL),448ebff213e3603619dc21ea5683d0cc39426100c2e492923b233c375cae0584,Samurai Night.mp3,3:10,2026-07-24,2026-08-08,UNRELEASED
Samurai Night 1,Aura Sonic,Aşkın Öztürk,Aşkın Öztürk,Esin Banu Öztürk,Aşkın Öztürk & Esin Banu Öztürk (AURA SONİC OFFİCİAL),66f18e0afabed00ee420c34d44b0dde17263d2a48cf47419d4fc29611c024887,Samurai Night_1.mp3,3:09,2026-07-24,2026-08-08,UNRELEASED
Sen Benden Giderken (When You Left Me),Aura Sonic,Aşkın Öztürk,Aşkın Öztürk,Esin Banu Öztürk,Aşkın Öztürk & Esin Banu Öztürk (AURA SONİC OFFİCİAL),fca430b4900dd12885fc8e82fe769c6cc26b26b050514eb8c64ac8be126837dc, clean_Sen Benden Giderken (When You Left Me).wav,5:10,2026-05-30,2026-08-08,UNRELEASED
Sen Benden Giderken (When You Left Me) [Alternate Version],Aura Sonic,Aşkın Öztürk,Aşkın Öztürk,Esin Banu Öztürk,Aşkın Öztürk & Esin Banu Öztürk (AURA SONİC OFFİCİAL),3c831205aeaaaadb6e0a828227471d862e0c274b8a8edb5cc117ce3a4ed9be88, clean_Sen Benden Giderken (When You Left Me) [Alternate Version].wav,4:34,2026-05-30,2026-08-08,UNRELEASED
Snow Mountain Pass,Aura Sonic,Aşkın Öztürk,Aşkın Öztürk,Esin Banu Öztürk,Aşkın Öztürk & Esin Banu Öztürk (AURA SONİC OFFİCİAL),875f70be5e65daa3ac641b9492df300cc5fec27f77004112fa226c4f6c528f9b,Snow Mountain Pass.mp3,3:09,2026-07-24,2026-08-08,UNRELEASED
Snow Mountain Pass 1,Aura Sonic,Aşkın Öztürk,Aşkın Öztürk,Esin Banu Öztürk,Aşkın Öztürk & Esin Banu Öztürk (AURA SONİC OFFİCİAL),f25286c2319ebcf109da0e1700789e1ea165560fbc72f47fb36b5e8ea9f835fd,Snow Mountain Pass_1.mp3,3:09,2026-07-24,2026-08-08,UNRELEASED
Star Drift 440,Aura Sonic,Aşkın Öztürk,Aşkın Öztürk,Esin Banu Öztürk,Aşkın Öztürk & Esin Banu Öztürk (AURA SONİC OFFİCİAL),ed8ec2a9f94cfcb8a5d2600de367fd3196e5e711c3ccf0c57048594feaaaeb88, clean_Star Drift 440.wav,3:49,2026-06-12,2026-08-08,UNRELEASED
Street Racer Anthem,Aura Sonic,Aşkın Öztürk,Aşkın Öztürk,Esin Banu Öztürk,Aşkın Öztürk & Esin Banu Öztürk (AURA SONİC OFFİCİAL),b41375dbaeabf9eadfa711090a6a5aa5b0034b03421b2adff420e4af5a04d8a6,Street Racer Anthem.mp3,3:09,2026-07-24,2026-08-08,UNRELEASED
Street Racer Anthem 1,Aura Sonic,Aşkın Öztürk,Aşkın Öztürk,Esin Banu Öztürk,Aşkın Öztürk & Esin Banu Öztürk (AURA SONİC OFFİCİAL),248cde7454316c6473e99ec89124456c2035126aff940f76697e355623ca72f3,Street Racer Anthem_1.mp3,2:27,2026-07-24,2026-08-08,UNRELEASED
Suskun Vedalar,Aura Sonic,Aşkın Öztürk,Aşkın Öztürk,Esin Banu Öztürk,Aşkın Öztürk & Esin Banu Öztürk (AURA SONİC OFFİCİAL),7be501ba0d954088abcf0f23e79b7f4f58d6a4ea68935599c60c25b76cdb6cb2, clean_Suskun Vedalar.wav,3:48,2026-06-11,2026-08-08,UNRELEASED
T1 dereverb a5,Aura Sonic,Aşkın Öztürk,Aşkın Öztürk,Esin Banu Öztürk,Aşkın Öztürk & Esin Banu Öztürk (AURA SONİC OFFİCİAL),f2e1a6c04648e59b11576ef92bb3ff05a25104874e2146783a159d69c28258d5,T1_dereverb_a5.wav,0:24,2026-08-08,2026-08-08,UNRELEASED
T2 dereverb a10,Aura Sonic,Aşkın Öztürk,Aşkın Öztürk,Esin Banu Öztürk,Aşkın Öztürk & Esin Banu Öztürk (AURA SONİC OFFİCİAL),1b031e1deafe368cc2b89579a3fadce1f135558b0b6c96f1383d1cccc74d6c57,T2_dereverb_a10.wav,0:24,2026-08-08,2026-08-08,UNRELEASED
T3 dereverb a10 TTA,Aura Sonic,Aşkın Öztürk,Aşkın Öztürk,Esin Banu Öztürk,Aşkın Öztürk & Esin Banu Öztürk (AURA SONİC OFFİCİAL),84cf33f0afd25fbb964ab183495b250e2e1453b616671007ac3d343d37425659,T3_dereverb_a10_TTA.wav,0:24,2026-08-08,2026-08-08,UNRELEASED
T4 a10 artiDenoise,Aura Sonic,Aşkın Öztürk,Aşkın Öztürk,Esin Banu Öztürk,Aşkın Öztürk & Esin Banu Öztürk (AURA SONİC OFFİCİAL),a4653dfce0cf8b260acbcf4b9bf83ac972b4ae9961e6ea7df6481f12aae1f7ec,T4_a10_artiDenoise.wav,0:24,2026-08-08,2026-08-08,UNRELEASED
T5 ikipas artiDenoise,Aura Sonic,Aşkın Öztürk,Aşkın Öztürk,Esin Banu Öztürk,Aşkın Öztürk & Esin Banu Öztürk (AURA SONİC OFFİCİAL),041c8167fab84648b7be0a2718dabb3a97ea711671ddf90fcbb638408e31a818,T5_ikipas_artiDenoise.wav,0:24,2026-08-08,2026-08-08,UNRELEASED
Temple of Dew,Aura Sonic,Aşkın Öztürk,Aşkın Öztürk,Esin Banu Öztürk,Aşkın Öztürk & Esin Banu Öztürk (AURA SONİC OFFİCİAL),3b596c21093327c0daa56c9d152d17fbcfb993a4939921e8958884d716bfc2f7, clean_Temple of Dew.wav,3:09,2026-06-12,2026-08-08,UNRELEASED
Tokyo Tunnel,Aura Sonic,Aşkın Öztürk,Aşkın Öztürk,Esin Banu Öztürk,Aşkın Öztürk & Esin Banu Öztürk (AURA SONİC OFFİCİAL),3b8fce71400daf992047db5b0aa5b5c7cbd9093bc3ca4955c5e99729a96c2aa8,Tokyo Tunnel.mp3,2:26,2026-07-24,2026-08-08,UNRELEASED
Tokyo Tunnel 1,Aura Sonic,Aşkın Öztürk,Aşkın Öztürk,Esin Banu Öztürk,Aşkın Öztürk & Esin Banu Öztürk (AURA SONİC OFFİCİAL),605bf1f4a99dd11eda1ad6ab58bb48ce3cd78f26bbdf97a5accd471fc0a67d75,Tokyo Tunnel_1.mp3,2:23,2026-07-24,2026-08-08,UNRELEASED
Underground Garage,Aura Sonic,Aşkın Öztürk,Aşkın Öztürk,Esin Banu Öztürk,Aşkın Öztürk & Esin Banu Öztürk (AURA SONİC OFFİCİAL),1251be89aa0e5d1788b3a4f89fd4d27c948dd50129f63eb9a6bba3be893adc1d,Underground Garage.mp3,3:09,2026-07-24,2026-08-08,UNRELEASED
VEDA ETSEYDİNl,Aura Sonic,Aşkın Öztürk,Aşkın Öztürk,Esin Banu Öztürk,Aşkın Öztürk & Esin Banu Öztürk (AURA SONİC OFFİCİAL),564e33b74468acadb26f7a3cf87aaf0274746aee6e4f6f450d3ae022f11ec7e5, clean_VEDA ETSEYDİNl.wav,4:27,2026-06-11,2026-08-08,UNRELEASED
Velvet Bow Drift,Aura Sonic,Aşkın Öztürk,Aşkın Öztürk,Esin Banu Öztürk,Aşkın Öztürk & Esin Banu Öztürk (AURA SONİC OFFİCİAL),fb4dd7a5d9263368539dc2066fd5efcbfb49d240de271fbb94f91224642e9890, clean_Velvet Bow Drift.wav,3:13,2026-06-12,2026-08-08,UNRELEASED
Velvet Cello Dawn,Aura Sonic,Aşkın Öztürk,Aşkın Öztürk,Esin Banu Öztürk,Aşkın Öztürk & Esin Banu Öztürk (AURA SONİC OFFİCİAL),68ae07c63d49de7a9e85514c621cf76e96dfeaf2566adeb0e5f7d9f95bdbaa05, clean_Velvet Cello Dawn.wav,3:22,2026-06-12,2026-08-08,UNRELEASED
Velvet Dusk Strings,Aura Sonic,Aşkın Öztürk,Aşkın Öztürk,Esin Banu Öztürk,Aşkın Öztürk & Esin Banu Öztürk (AURA SONİC OFFİCİAL),3137a2e53778c4aae98ece78ae7784ece5e96b579973fd6c7b51bcfe822211f0, clean_Velvet Dusk Strings.wav,3:33,2026-06-12,2026-08-08,UNRELEASED
Velvet Midnight Study,Aura Sonic,Aşkın Öztürk,Aşkın Öztürk,Esin Banu Öztürk,Aşkın Öztürk & Esin Banu Öztürk (AURA SONİC OFFİCİAL),8af40bf02f6d0da9b631a69ca72a959269bb2a67f35cf05e2746178a3d54beb4, clean_Velvet Midnight Study.wav,3:37,2026-06-12,2026-08-08,UNRELEASED
WhatsApp Audio 2026-06-07 at 00.23.10,Aura Sonic,Aşkın Öztürk,Aşkın Öztürk,Esin Banu Öztürk,Aşkın Öztürk & Esin Banu Öztürk (AURA SONİC OFFİCİAL),ce9d71c7ac6e6d76f8c3c3386760f29b5fab7ab8aaddfac7fb6256c3a989bf95,WhatsApp Audio 2026-06-07 at 00.23.10.mp3,4:00,2026-06-07,2026-08-08,UNRELEASED
Whirling Ember,Aura Sonic,Aşkın Öztürk,Aşkın Öztürk,Esin Banu Öztürk,Aşkın Öztürk & Esin Banu Öztürk (AURA SONİC OFFİCİAL),ba525022a0fd39deafa41d15760a2131beb93ca56bbf393e5cf7c6c556fd4d8b, clean_Whirling Ember.wav,3:04,2026-06-12,2026-08-08,UNRELEASED
Yüksek Basınç MASTER,Aura Sonic,Aşkın Öztürk,Aşkın Öztürk,Esin Banu Öztürk,Aşkın Öztürk & Esin Banu Öztürk (AURA SONİC OFFİCİAL),5e028e0a6fcfe495f00eb1956fd781b6bacececb1896fedeb8d8a73bef78af1a,Yüksek Basınç__MASTER.wav,3:56,2026-06-15,2026-08-08,UNRELEASED
ZATRA BELUVİ--Pé Na Maré,Aura Sonic,Aşkın Öztürk,Aşkın Öztürk,Esin Banu Öztürk,Aşkın Öztürk & Esin Banu Öztürk (AURA SONİC OFFİCİAL),50242170b39c2822429ac5adda100fc0f6c8d376723b7ead41adc7fc2c08b5f8,ZATRA BELUVİ--Pé Na Maré.mp3,2:45,2026-07-10,2026-08-08,UNRELEASED
ZATRA BELUVİ--Última Vista,Aura Sonic,Aşkın Öztürk,Aşkın Öztürk,Esin Banu Öztürk,Aşkın Öztürk & Esin Banu Öztürk (AURA SONİC OFFİCİAL),b10cfb768c8f7ef4598bf48410a0a2354ceba6dd95a6eba13d2b024d0466ae6b,ZATRA BELUVİ--Última Vista.mp3,2:59,2026-07-10,2026-08-08,UNRELEASED
ZZ simdiki askin 200e 4600s,Aura Sonic,Aşkın Öztürk,Aşkın Öztürk,Esin Banu Öztürk,Aşkın Öztürk & Esin Banu Öztürk (AURA SONİC OFFİCİAL),0e66eaeaaad2c2b8d7f2dba19e8dde258e9e16e30c9155a82c12ed92617d2990,ZZ_simdiki_askin_200e_4600s.wav,0:24,2026-08-08,2026-08-08,UNRELEASED
ZZ simdiki askinyeni 300e 8700s,Aura Sonic,Aşkın Öztürk,Aşkın Öztürk,Esin Banu Öztürk,Aşkın Öztürk & Esin Banu Öztürk (AURA SONİC OFFİCİAL),c0f9a3c0479f2ee8bc2e8e30e788c34268240b89ed5722fa4b04525861bd250c,ZZ_simdiki_askinyeni_300e_8700s.wav,0:24,2026-08-08,2026-08-08,UNRELEASED
ao,Aura Sonic,Aşkın Öztürk,Aşkın Öztürk,Esin Banu Öztürk,Aşkın Öztürk & Esin Banu Öztürk (AURA SONİC OFFİCİAL),9dd7063c9a20ac03bd50b9d6295e9b60b75daf326192e13cc459959303bb226c,10_ao.wav,0:24,2026-08-08,2026-08-08,UNRELEASED
ao e100 s2600,Aura Sonic,Aşkın Öztürk,Aşkın Öztürk,Esin Banu Öztürk,Aşkın Öztürk & Esin Banu Öztürk (AURA SONİC OFFİCİAL),44250d66fe860080d1c8c4472ccb9348b83d6ace7afb957c71440db523ff341f,05_ao_e100_s2600.wav,0:24,2026-08-08,2026-08-08,UNRELEASED
ao e100 s900,Aura Sonic,Aşkın Öztürk,Aşkın Öztürk,Esin Banu Öztürk,Aşkın Öztürk & Esin Banu Öztürk (AURA SONİC OFFİCİAL),983adf5bd3374ee00dc771226b74e6fc5dc09d11ba2e90d66dfe184be55534ec,04_ao_e100_s900.wav,0:24,2026-08-08,2026-08-08,UNRELEASED
ao e150 s1350,Aura Sonic,Aşkın Öztürk,Aşkın Öztürk,Esin Banu Öztürk,Aşkın Öztürk & Esin Banu Öztürk (AURA SONİC OFFİCİAL),9ae2612bde76d3287b8d13805af69b785b35548eb3ad5953537d20a0db0ccbd3,06_ao_e150_s1350.wav,0:24,2026-08-08,2026-08-08,UNRELEASED
ao e150 s3900,Aura Sonic,Aşkın Öztürk,Aşkın Öztürk,Esin Banu Öztürk,Aşkın Öztürk & Esin Banu Öztürk (AURA SONİC OFFİCİAL),35dff7d19146c29d4d839a988a6666f4d91870ddc14c745a5ff40b04541be9f0,07_ao_e150_s3900.wav,0:24,2026-08-08,2026-08-08,UNRELEASED
ao e200 s1800,Aura Sonic,Aşkın Öztürk,Aşkın Öztürk,Esin Banu Öztürk,Aşkın Öztürk & Esin Banu Öztürk (AURA SONİC OFFİCİAL),f8aa11df16b1c934fecfd3891d63d7634b63d0881902a5fbd182cc2c7161f2e7,08_ao_e200_s1800.wav,0:24,2026-08-08,2026-08-08,UNRELEASED
ao e200 s5200,Aura Sonic,Aşkın Öztürk,Aşkın Öztürk,Esin Banu Öztürk,Aşkın Öztürk & Esin Banu Öztürk (AURA SONİC OFFİCİAL),adddbe380318bf8a9eba7273502d26e75731a72db9bcb462a100a226a8574a9c,09_ao_e200_s5200.wav,0:24,2026-08-08,2026-08-08,UNRELEASED
ao e50 s1300,Aura Sonic,Aşkın Öztürk,Aşkın Öztürk,Esin Banu Öztürk,Aşkın Öztürk & Esin Banu Öztürk (AURA SONİC OFFİCİAL),a1ca77eac69d9d987977fff38ac8c20c37395ebe886e6bba6feb35ffd1b2e041,03_ao_e50_s1300.wav,0:24,2026-08-08,2026-08-08,UNRELEASED
ao e50 s450,Aura Sonic,Aşkın Öztürk,Aşkın Öztürk,Esin Banu Öztürk,Aşkın Öztürk & Esin Banu Öztürk (AURA SONİC OFFİCİAL),b8ea8d5e7bfd37b3b1a69d969daa1efec32ba3a1491cb248cde9fafd6a427ed0,02_ao_e50_s450.wav,0:24,2026-08-08,2026-08-08,UNRELEASED
ao v1 2min,Aura Sonic,Aşkın Öztürk,Aşkın Öztürk,Esin Banu Öztürk,Aşkın Öztürk & Esin Banu Öztürk (AURA SONİC OFFİCİAL),4427ee7237f600a434dc10edae875c0b72435821470116807593112580207a9b,01_ao_v1_2min.wav,0:24,2026-08-08,2026-08-08,UNRELEASED
artık ağlamam,Aura Sonic,Aşkın Öztürk,Aşkın Öztürk,Esin Banu Öztürk,Aşkın Öztürk & Esin Banu Öztürk (AURA SONİC OFFİCİAL),96bf5361962409d49b9ba294c600d9913a313bf0bed8b670e6857703dc07bb9d, clean_artık ağlamam.wav,3:53,2026-05-30,2026-08-08,UNRELEASED
ateş,Aura Sonic,Aşkın Öztürk,Aşkın Öztürk,Esin Banu Öztürk,Aşkın Öztürk & Esin Banu Öztürk (AURA SONİC OFFİCİAL),84c0bb3f647bdcd004b3cee3dbbfc35d54709030ba0f8e79739a8230ef3417ae,ateş.wav,4:37,2026-05-31,2026-08-08,UNRELEASED
cekilen eko,Aura Sonic,Aşkın Öztürk,Aşkın Öztürk,Esin Banu Öztürk,Aşkın Öztürk & Esin Banu Öztürk (AURA SONİC OFFİCİAL),7ea28b45e2d787b7626c70920bee019121d07258b12d413f202e270ced007805,cekilen_eko.wav,4:19,2026-08-29,2026-08-31,UNRELEASED
enstrumantal REFERANS,Aura Sonic,Aşkın Öztürk,Aşkın Öztürk,Esin Banu Öztürk,Aşkın Öztürk & Esin Banu Öztürk (AURA SONİC OFFİCİAL),fb833758318f155661964ecd03bad031b06c21d20b7cca53f57af315154b369b,enstrumantal_REFERANS.wav,4:19,2026-08-29,2026-08-08,UNRELEASED
f0 crepe,Aura Sonic,Aşkın Öztürk,Aşkın Öztürk,Esin Banu Öztürk,Aşkın Öztürk & Esin Banu Öztürk (AURA SONİC OFFİCİAL),cb3a9fe655a273e50207c0e931490fa693e75e41c70c9ce4962f33a97080f5a6,10_f0_crepe.wav,0:24,2026-08-08,2026-08-08,UNRELEASED
ferim kalmadı,Aura Sonic,Aşkın Öztürk,Aşkın Öztürk,Esin Banu Öztürk,Aşkın Öztürk & Esin Banu Öztürk (AURA SONİC OFFİCİAL),2ff082da1a3122869f2591d4a49d8b8627c630b0fc88d687c95e403951388c3e, clean_ferim kalmadı.wav,4:17,2026-05-30,2026-08-08,UNRELEASED
iYİ Kİ VARSIN,Aura Sonic,Aşkın Öztürk,Aşkın Öztürk,Esin Banu Öztürk,Aşkın Öztürk & Esin Banu Öztürk (AURA SONİC OFFİCİAL),e2e1cd879053f26f80c80031f7a9e3fb1ef5a62bbf09632660f5627bb5c3bb85,iYİ Kİ VARSIN.mp3,4:29,2026-05-24,2026-08-08,UNRELEASED
index 0.75,Aura Sonic,Aşkın Öztürk,Aşkın Öztürk,Esin Banu Öztürk,Aşkın Öztürk & Esin Banu Öztürk (AURA SONİC OFFİCİAL),6b0a4bf4ce64dd6e8f7c8f50e5aa0ad7ecbd540846e207cc025de2bbcf758f2d,07_index_0.75.wav,0:24,2026-08-08,2026-08-08,UNRELEASED
index 1.00,Aura Sonic,Aşkın Öztürk,Aşkın Öztürk,Esin Banu Öztürk,Aşkın Öztürk & Esin Banu Öztürk (AURA SONİC OFFİCİAL),df874f116ea4e2960169aad8a07482cb4ea8c10cf790361ca61db40282619847,08_index_1.00.wav,0:24,2026-08-08,2026-08-08,UNRELEASED
index0.75 protect0.2,Aura Sonic,Aşkın Öztürk,Aşkın Öztürk,Esin Banu Öztürk,Aşkın Öztürk & Esin Banu Öztürk (AURA SONİC OFFİCİAL),eaf999c3ed9773de07a2b48cf103311883c3e78c5206fc2884bf6724f1d297b9,09_index0.75_protect0.2.wav,0:24,2026-08-08,2026-08-08,UNRELEASED
instrumental final,Aura Sonic,Aşkın Öztürk,Aşkın Öztürk,Esin Banu Öztürk,Aşkın Öztürk & Esin Banu Öztürk (AURA SONİC OFFİCİAL),5396995f1199200a67caca4ea23b4f3bf45137042d42f71a3edeebe66a6cd300,instrumental_final.wav,5:55,2026-06-04,2026-08-08,UNRELEASED
instrumental final AURASONIC drums,Aura Sonic,Aşkın Öztürk,Aşkın Öztürk,Esin Banu Öztürk,Aşkın Öztürk & Esin Banu Öztürk (AURA SONİC OFFİCİAL),10bf3068b575ec746153d80212e29458d6e39fdffeafefaf32a2b3d2de0c8454,instrumental_final_AURASONIC_drums.wav,5:56,2026-06-06,2026-08-08,UNRELEASED
kaynak RVC,Aura Sonic,Aşkın Öztürk,Aşkın Öztürk,Esin Banu Öztürk,Aşkın Öztürk & Esin Banu Öztürk (AURA SONİC OFFİCİAL),dc092ccc7c5880147a8b7d405f0a60c964327b3b0b304fd36ada657c573411dc,_kaynak_RVC.wav,0:25,2026-08-08,2026-08-08,UNRELEASED
kaynak kesit,Aura Sonic,Aşkın Öztürk,Aşkın Öztürk,Esin Banu Öztürk,Aşkın Öztürk & Esin Banu Öztürk (AURA SONİC OFFİCİAL),594ade39187b9b566ca46afb2f4ed4c83b3ea5ffc2f4c43f307a2689c520cfbb,_kaynak_kesit.wav,0:25,2026-08-08,2026-08-08,UNRELEASED
master,Aura Sonic,Aşkın Öztürk,Aşkın Öztürk,Esin Banu Öztürk,Aşkın Öztürk & Esin Banu Öztürk (AURA SONİC OFFİCİAL),5dad7c8a31c5a6d6fe1a6b0ff6ea7ea9b0f7bf6cdba2aa7890dfd8aab4acb8d2, clean_master.wav,6:24,2026-06-06,2026-08-08,UNRELEASED
mix minimal,Aura Sonic,Aşkın Öztürk,Aşkın Öztürk,Esin Banu Öztürk,Aşkın Öztürk & Esin Banu Öztürk (AURA SONİC OFFİCİAL),a99149bb9a4b2e823627723598579f11496dd937ba46ea400b59ed3e100c8d74,mix_minimal.wav,5:55,2026-06-04,2026-08-08,UNRELEASED
mustafa enş,Aura Sonic,Aşkın Öztürk,Aşkın Öztürk,Esin Banu Öztürk,Aşkın Öztürk & Esin Banu Öztürk (AURA SONİC OFFİCİAL),30b2e83b54eb602653931ea9bbe85643c77a0ead08a99290252e4b4fe440e65b, clean_mustafa enş.wav,2:29,2026-05-30,2026-08-08,UNRELEASED
ndustrial Warehouse,Aura Sonic,Aşkın Öztürk,Aşkın Öztürk,Esin Banu Öztürk,Aşkın Öztürk & Esin Banu Öztürk (AURA SONİC OFFİCİAL),034b6ad53a0415d6e5d728d719460d2ce2d62cb5ee11386ce37e81306c17df37,ndustrial Warehouse.mp3,3:09,2026-07-24,2026-08-08,UNRELEASED
nmbbbbbbbbbbbbb,Aura Sonic,Aşkın Öztürk,Aşkın Öztürk,Esin Banu Öztürk,Aşkın Öztürk & Esin Banu Öztürk (AURA SONİC OFFİCİAL),f63f2ddfd2461f2d02ebffd08d2d7423c69c411d1550525aabf82b8fe62261ab,nmbbbbbbbbbbbbb.wav,1:47,2026-06-03,2026-08-08,UNRELEASED
orijinal miks,Aura Sonic,Aşkın Öztürk,Aşkın Öztürk,Esin Banu Öztürk,Aşkın Öztürk & Esin Banu Öztürk (AURA SONİC OFFİCİAL),fd549b15ec2aa94115871c579b711bd04fd18e47021c37f215e1958dd74d68a4,_orijinal_miks.wav,0:25,2026-08-08,2026-08-08,UNRELEASED
protect 0.20,Aura Sonic,Aşkın Öztürk,Aşkın Öztürk,Esin Banu Öztürk,Aşkın Öztürk & Esin Banu Öztürk (AURA SONİC OFFİCİAL),201a2cb070b9d801711789cf24ecbf5a651347f3631d812d44e26f03451578ec,05_protect_0.20.wav,0:24,2026-08-08,2026-08-08,UNRELEASED
protect 0.33,Aura Sonic,Aşkın Öztürk,Aşkın Öztürk,Esin Banu Öztürk,Aşkın Öztürk & Esin Banu Öztürk (AURA SONİC OFFİCİAL),3586eac37d38af20d13e5955d8f686178a838e6c7823dd7eef12f07b269a5e72,06_protect_0.33.wav,0:24,2026-08-08,2026-08-08,UNRELEASED
rock,Aura Sonic,Aşkın Öztürk,Aşkın Öztürk,Esin Banu Öztürk,Aşkın Öztürk & Esin Banu Öztürk (AURA SONİC OFFİCİAL),1829a8dd5f4313b9b8233f8ed7c851cfb00a967119a009e7cac295fb3162c8ed, clean_rock.wav,3:42,2026-05-30,2026-08-08,UNRELEASED
satelıtedeamor,Aura Sonic,Aşkın Öztürk,Aşkın Öztürk,Esin Banu Öztürk,Aşkın Öztürk & Esin Banu Öztürk (AURA SONİC OFFİCİAL),dad197aac454d184a31f3d155a424f8a5d949b4808f361d0a489f3ba3b8461e4,satelıtedeamor.wav,4:40,2026-06-11,2026-08-08,UNRELEASED
sende özledinmi yeni,Aura Sonic,Aşkın Öztürk,Aşkın Öztürk,Esin Banu Öztürk,Aşkın Öztürk & Esin Banu Öztürk (AURA SONİC OFFİCİAL),9252de4dc939d88a4fe8acb99ca01a772e6e0f2684c0cfe683d0acda588c3898, clean_sende özledinmi yeni.wav,5:29,2026-05-30,2026-08-08,UNRELEASED
sevemem sensiz,Aura Sonic,Aşkın Öztürk,Aşkın Öztürk,Esin Banu Öztürk,Aşkın Öztürk & Esin Banu Öztürk (AURA SONİC OFFİCİAL),b25545375a98eb539602aa439e4b0c792e9ed0213df76c8cb294872238cd3b1f, clean_sevemem sensiz.wav,3:44,2026-05-30,2026-08-08,UNRELEASED
telefonun ucunda,Aura Sonic,Aşkın Öztürk,Aşkın Öztürk,Esin Banu Öztürk,Aşkın Öztürk & Esin Banu Öztürk (AURA SONİC OFFİCİAL),35d198c72a3ad0c6f0d8a5567bfb7b2e8c7d255c332b6b5be374c06e6cbe1ef3, clean_telefonun ucunda.wav,4:01,2026-05-30,2026-08-08,UNRELEASED
teyzeme,Aura Sonic,Aşkın Öztürk,Aşkın Öztürk,Esin Banu Öztürk,Aşkın Öztürk & Esin Banu Öztürk (AURA SONİC OFFİCİAL),f8696d7ea989e41dcddf782618bcb03827f18ec9063b49b60b25aa6d0be3a0e9,teyzeme.mp3,2:45,2026-04-10,2026-08-08,UNRELEASED
transpoze -12,Aura Sonic,Aşkın Öztürk,Aşkın Öztürk,Esin Banu Öztürk,Aşkın Öztürk & Esin Banu Öztürk (AURA SONİC OFFİCİAL),4e3303d8ab579fc26afa8568359d1b8a7e05bc51ee180c9dc5f3d79b6cdd75cb,01_transpoze_-12.wav,0:24,2026-08-08,2026-08-08,UNRELEASED
transpoze -5,Aura Sonic,Aşkın Öztürk,Aşkın Öztürk,Esin Banu Öztürk,Aşkın Öztürk & Esin Banu Öztürk (AURA SONİC OFFİCİAL),c6445197d9f2383a697a2dbbb09afcd488f8878f78dce5e66313ffc0f84115d7,03_transpoze_-5.wav,0:24,2026-08-08,2026-08-08,UNRELEASED
transpoze -7,Aura Sonic,Aşkın Öztürk,Aşkın Öztürk,Esin Banu Öztürk,Aşkın Öztürk & Esin Banu Öztürk (AURA SONİC OFFİCİAL),2c2344af71a6871981c73e68601bd9d122acb1d67f02407aa4077f6b3fcf9718,02_transpoze_-7.wav,0:24,2026-08-08,2026-08-08,UNRELEASED
vay be2,Aura Sonic,Aşkın Öztürk,Aşkın Öztürk,Esin Banu Öztürk,Aşkın Öztürk & Esin Banu Öztürk (AURA SONİC OFFİCİAL),22c62718f0f89118f834b0cb277bab3635281c151cb085644485104fcb0379d9, clean_vay be2.wav,3:33,2026-05-30,2026-08-08,UNRELEASED
vocal final,Aura Sonic,Aşkın Öztürk,Aşkın Öztürk,Esin Banu Öztürk,Aşkın Öztürk & Esin Banu Öztürk (AURA SONİC OFFİCİAL),ba5cc5049bb3fde484d614ccd86f467ffc81a8109523a7b80867adabd4534e05,vocal_final.wav,5:55,2026-06-04,2026-08-08,UNRELEASED
vocal human,Aura Sonic,Aşkın Öztürk,Aşkın Öztürk,Esin Banu Öztürk,Aşkın Öztürk & Esin Banu Öztürk (AURA SONİC OFFİCİAL),e68194af039aa719cae58309ad4c2714bdb1982c53c3468c2141346554b74fb1, clean_vocal_human.wav,5:55,2026-06-06,2026-08-08,UNRELEASED
vocal humanized,Aura Sonic,Aşkın Öztürk,Aşkın Öztürk,Esin Banu Öztürk,Aşkın Öztürk & Esin Banu Öztürk (AURA SONİC OFFİCİAL),55513359979f447d347db5519ddd64b79fbc170865ec5b60b701700bbc8dfd4f, clean_Q-vocal_humanized.wav,4:39,2026-06-06,2026-08-08,UNRELEASED
vocalhuman v2,Aura Sonic,Aşkın Öztürk,Aşkın Öztürk,Esin Banu Öztürk,Aşkın Öztürk & Esin Banu Öztürk (AURA SONİC OFFİCİAL),2f3b2eb45ff9d319d1d37dfaf0e4b6200220c3c9314ee3ed54a26bdb656f8bc5, clean_vocalhuman_v2.wav,4:18,2026-06-06,2026-08-08,UNRELEASED
vokal,Aura Sonic,Aşkın Öztürk,Aşkın Öztürk,Esin Banu Öztürk,Aşkın Öztürk & Esin Banu Öztürk (AURA SONİC OFFİCİAL),8362f63801fd35a207537b1b620fd29589e7bf27667570d75c5f0761d1755720,vokal.wav,4:19,2026-08-29,2026-08-08,UNRELEASED
vokal kuru,Aura Sonic,Aşkın Öztürk,Aşkın Öztürk,Esin Banu Öztürk,Aşkın Öztürk & Esin Banu Öztürk (AURA SONİC OFFİCİAL),8f5e7781f03cf9d4360ee508b99a5fc9570c58e76742ed3c0d92b7ad79f59f39,vokal_kuru.wav,4:19,2026-08-29,2026-08-08,UNRELEASED
vokal on,Aura Sonic,Aşkın Öztürk,Aşkın Öztürk,Esin Banu Öztürk,Aşkın Öztürk & Esin Banu Öztürk (AURA SONİC OFFİCİAL),c97bcb4d9234af54764e88e1ac1316805bd2ff1dd41503b96cf475e9d676c94c,vokal_on.wav,4:31,2026-08-08,2026-08-08,UNRELEASED
vokal rvc askin,Aura Sonic,Aşkın Öztürk,Aşkın Öztürk,Esin Banu Öztürk,Aşkın Öztürk & Esin Banu Öztürk (AURA SONİC OFFİCİAL),34ac27441eed78a27f7347398bcd7ed8b657401e97d7458d518fcf4b2f44c13e,vokal_rvc_askin.wav,4:31,2026-08-08,2026-08-08,UNRELEASED
vokal rvc askin HUM,Aura Sonic,Aşkın Öztürk,Aşkın Öztürk,Esin Banu Öztürk,Aşkın Öztürk & Esin Banu Öztürk (AURA SONİC OFFİCİAL),02e58fde5f5a9bc07c61f2e9297624268c785eb7034256ac2f6436ca9bb9dfcd,vokal_rvc_askin_HUM.wav,4:31,2026-08-08,2026-08-08,UNRELEASED
vokal rvc askin TEMIZ,Aura Sonic,Aşkın Öztürk,Aşkın Öztürk,Esin Banu Öztürk,Aşkın Öztürk & Esin Banu Öztürk (AURA SONİC OFFİCİAL),74c205cb6381d984e2c831cf9a99abf057852b674fa3d2e95c86b63a148515e1,vokal_rvc_askin_TEMIZ.wav,4:19,2026-08-29,2026-08-31,UNRELEASED
vokal rvc askin TEMIZ HUM,Aura Sonic,Aşkın Öztürk,Aşkın Öztürk,Esin Banu Öztürk,Aşkın Öztürk & Esin Banu Öztürk (AURA SONİC OFFİCİAL),93b70a53686ab391358d7977fa9512f50d5458b140eadd575b41395d1a80334c,vokal_rvc_askin_TEMIZ_HUM.wav,4:19,2026-08-29,2026-08-31,UNRELEASED
vokal rvc askin e200,Aura Sonic,Aşkın Öztürk,Aşkın Öztürk,Esin Banu Öztürk,Aşkın Öztürk & Esin Banu Öztürk (AURA SONİC OFFİCİAL),b0270fcae683e794435d7a16a7fa23dba1b29839ceffbc1876b5bb7286baa3bc,vokal_rvc_askin_e200.wav,4:31,2026-08-08,2026-08-08,UNRELEASED
wav,Aura Sonic,Aşkın Öztürk,Aşkın Öztürk,Esin Banu Öztürk,Aşkın Öztürk & Esin Banu Öztürk (AURA SONİC OFFİCİAL),155dd429441653611e7759381819b4245e18137a509c2d03b58ec5624037e465,vael-wav.wav,0:14,2026-09-13,2026-09-14,UNRELEASED
yen1,Aura Sonic,Aşkın Öztürk,Aşkın Öztürk,Esin Banu Öztürk,Aşkın Öztürk & Esin Banu Öztürk (AURA SONİC OFFİCİAL),a020c38cfd117d39c8c5e73bcf83501475bcf1a41ccc319e44d4bb7f396c561d,yen1.wav,6:11,2026-05-30,2026-08-08,UNRELEASED
yen2,Aura Sonic,Aşkın Öztürk,Aşkın Öztürk,Esin Banu Öztürk,Aşkın Öztürk & Esin Banu Öztürk (AURA SONİC OFFİCİAL),ac3dc90217d4a2286bf83447c9d5805c75ef43aaea3aef853957d6c90ce51038,yen2 (1).wav,7:59,2026-05-30,2026-08-08,UNRELEASED
yen3,Aura Sonic,Aşkın Öztürk,Aşkın Öztürk,Esin Banu Öztürk,Aşkın Öztürk & Esin Banu Öztürk (AURA SONİC OFFİCİAL),3e434869bada2037ef558c0703432d5a70e8bd0f224ab02023fae1a7c80d4654,yen3.wav,7:59,2026-05-30,2026-08-08,UNRELEASED
yen3 MASTER,Aura Sonic,Aşkın Öztürk,Aşkın Öztürk,Esin Banu Öztürk,Aşkın Öztürk & Esin Banu Öztürk (AURA SONİC OFFİCİAL),51084bfb8f9597404984e23e500f670eff1d4fee71bf859ed44db79e9235ae96,yen3_MASTER.wav,7:59,2026-06-15,2026-08-08,UNRELEASED
yen4,Aura Sonic,Aşkın Öztürk,Aşkın Öztürk,Esin Banu Öztürk,Aşkın Öztürk & Esin Banu Öztürk (AURA SONİC OFFİCİAL),71215a3f073b33745665f5f67b6c3a0a17036de1162a5bec79a4d0e3792f5842,yen4.wav,7:59,2026-05-30,2026-08-08,UNRELEASED
yen4 MASTER,Aura Sonic,Aşkın Öztürk,Aşkın Öztürk,Esin Banu Öztürk,Aşkın Öztürk & Esin Banu Öztürk (AURA SONİC OFFİCİAL),c5379252edd1b3417dd2b7fb2c4c261023ae40c5d9d8e1553aa06b192386e406,yen4_MASTER.wav,7:59,2026-06-15,2026-08-08,UNRELEASED
yen5,Aura Sonic,Aşkın Öztürk,Aşkın Öztürk,Esin Banu Öztürk,Aşkın Öztürk & Esin Banu Öztürk (AURA SONİC OFFİCİAL),b68aec82e7e22b1a9ae999625195f869dbf19d3b62466392919cd4bc06b02a10,yen5.wav,7:59,2026-05-30,2026-08-08,UNRELEASED
yen5 MASTER,Aura Sonic,Aşkın Öztürk,Aşkın Öztürk,Esin Banu Öztürk,Aşkın Öztürk & Esin Banu Öztürk (AURA SONİC OFFİCİAL),9826dbeae99d8100d44173171aa742cf89d1a3781885e40f37b8d1b49f2eba2c,yen5_MASTER.wav,7:59,2026-06-15,2026-08-08,UNRELEASED
yeni-yakacak kıeıklar,Aura Sonic,Aşkın Öztürk,Aşkın Öztürk,Esin Banu Öztürk,Aşkın Öztürk & Esin Banu Öztürk (AURA SONİC OFFİCİAL),c4e7a560cc3f1848078d586e5ead8d1793aabcb3f6f834f2d36a816d9648e451, clean_yeni-yakacak kıeıklar.wav,4:08,2026-05-30,2026-08-08,UNRELEASED
ÖMÜR TÖRPÜSÜ2,Aura Sonic,Aşkın Öztürk,Aşkın Öztürk,Esin Banu Öztürk,Aşkın Öztürk & Esin Banu Öztürk (AURA SONİC OFFİCİAL),ae01a98c6196ed09828100244719fa6028cc4c4adc5e0ebd2347794443728598,ÖMÜR TÖRPÜSÜ2.mp3,3:47,2026-04-02,2026-08-08,UNRELEASED
İREM-ŞAFAĞA KADAR,Aura Sonic,Aşkın Öztürk,Aşkın Öztürk,Esin Banu Öztürk,Aşkın Öztürk & Esin Banu Öztürk (AURA SONİC OFFİCİAL),21745e2559e9cd3f79a5c439bf0b4a571f071f5eb2ecb0ccb99f86c5d3ec06d3, clean_İREM-ŞAFAĞA KADAR.wav,7:59,2026-06-11,2026-08-08,UNRELEASED
ŞAFAĞA KADAR,Aura Sonic,Aşkın Öztürk,Aşkın Öztürk,Esin Banu Öztürk,Aşkın Öztürk & Esin Banu Öztürk (AURA SONİC OFFİCİAL),d798ff960e6affa27faf5e485b8a3d4dda234fc255cef01ed0850e83274400af,İREM-ŞAFAĞA KADAR.wav,7:59,2026-08-11,2026-08-08,UNRELEASED
Şehrin ışıkları sönmüş,Aura Sonic,Aşkın Öztürk,Aşkın Öztürk,Esin Banu Öztürk,Aşkın Öztürk & Esin Banu Öztürk (AURA SONİC OFFİCİAL),a937c19d4fc488056f813ec0961eeefd71154b83890a131942b965f15e55acf2, clean_Şehrin ışıkları sönmüş.wav,6:13,2026-06-11,2026-08-08,UNRELEASED
02 kırık saz,Aşkın Öztürk,Aşkın Öztürk,Aşkın Öztürk,Esin Banu Öztürk,Aşkın Öztürk & Esin Banu Öztürk (AURA SONİC OFFİCİAL),0e8a69c1e7215ff50eca2781b96ee0e35316263772a0094f4c2818b4c1432d74,AŞKIN-02_kırık_saz.wav,5:29,2026-08-13,2026-08-31,UNRELEASED
23-vocal humanized,Aşkın Öztürk,Aşkın Öztürk,Aşkın Öztürk,Esin Banu Öztürk,Aşkın Öztürk & Esin Banu Öztürk (AURA SONİC OFFİCİAL),6831e8ed307b51193eec2949ccaa1a20ecd4bc32f5fd9e682f18580da32c5eed,AŞKIN-23-vocal_humanized.wav,4:53,2026-06-07,2026-08-31,UNRELEASED
ACILARA TUTUNMAK,Aşkın Öztürk,Aşkın Öztürk,Aşkın Öztürk,Esin Banu Öztürk,Aşkın Öztürk & Esin Banu Öztürk (AURA SONİC OFFİCİAL),6816f0459ba803d101fa941393efe0f480b2aa75f88e3a5460e6e2fb5f48e558,sarki.wav,4:50,2026-05-30,2026-08-08,UNRELEASED
ARAMA GEÇMİŞİ,Aşkın Öztürk,Aşkın Öztürk,Aşkın Öztürk,Esin Banu Öztürk,Aşkın Öztürk & Esin Banu Öztürk (AURA SONİC OFFİCİAL),fd553a8114a1914bf803ee13860cf6f195f5533ee50eca0a90b896d09fbccd0c,sarki.wav,4:23,2026-06-12,2026-08-08,UNRELEASED
"Ashes, Lit Cigarette",Aşkın Öztürk,Aşkın Öztürk,Aşkın Öztürk,Esin Banu Öztürk,Aşkın Öztürk & Esin Banu Öztürk (AURA SONİC OFFİCİAL),b4fe917789cae0d46041636a6a60ade48ce469edfd105e88914c37c9d21693f3,sarki.wav,3:12,2026-06-07,2026-08-08,UNRELEASED
AŞKIN,Aşkın Öztürk,Aşkın Öztürk,Aşkın Öztürk,Esin Banu Öztürk,Aşkın Öztürk & Esin Banu Öztürk (AURA SONİC OFFİCİAL),09d2fe5ec3e6a07629684d5b9638a6a347af2e7ede83a52d7b5641a434179d83,AŞKIN.wav,6:38,2026-08-10,2026-08-31,UNRELEASED
AŞKIN ÖZTÜRK - ASHES & A LIT CIGARETTE LIVE CONCERT VERSION,Aşkın Öztürk,Aşkın Öztürk,Aşkın Öztürk,Esin Banu Öztürk,Aşkın Öztürk & Esin Banu Öztürk (AURA SONİC OFFİCİAL),35b01123c219c464487f565285be40a1aaba26c50b0841217540d40af040447b, clean_AŞKIN ÖZTÜRK - ASHES & A LIT CIGARETTE LIVE CONCERT VERSION.wav,5:30,2026-05-30,2026-08-08,UNRELEASED
AŞKIN ÖZTÜRK - DO YOU MISS ME TOO LIVE CONCERT VERSION,Aşkın Öztürk,Aşkın Öztürk,Aşkın Öztürk,Esin Banu Öztürk,Aşkın Öztürk & Esin Banu Öztürk (AURA SONİC OFFİCİAL),2426c0b29e47eab77b587bd73738bd05a54c94a95791830ae32c7ca426708dfb, clean_AŞKIN ÖZTÜRK - DO YOU MISS ME TOO LIVE CONCERT VERSION.wav,5:23,2026-05-30,2026-08-08,UNRELEASED
AŞKIN ÖZTÜRK-MÜHÜR (SEAL)İNG2,Aşkın Öztürk,Aşkın Öztürk,Aşkın Öztürk,Esin Banu Öztürk,Aşkın Öztürk & Esin Banu Öztürk (AURA SONİC OFFİCİAL),3f1335b0a230a91ccbcc5e6fe57e021c12d41ab7219c88c6934df0b688235cac, clean_AŞKIN ÖZTÜRK-MÜHÜR (SEAL)İNG2.wav,4:25,2026-05-30,2026-08-08,UNRELEASED
Cigarette Growth,Aşkın Öztürk,Aşkın Öztürk,Aşkın Öztürk,Esin Banu Öztürk,Aşkın Öztürk & Esin Banu Öztürk (AURA SONİC OFFİCİAL),5c9d0fdc65e0064a8e6095a02280d48a7cbeee2421bfa00307b206d6a9113b3a,sarki.wav,3:12,2026-06-12,2026-08-08,UNRELEASED
ENGELLENDİN,Aşkın Öztürk,Aşkın Öztürk,Aşkın Öztürk,Esin Banu Öztürk,Aşkın Öztürk & Esin Banu Öztürk (AURA SONİC OFFİCİAL),7beb8722413a69b80f48d5f6b93e37d1f3399be8f6b9fab5b6eab40d693e2ddd,sarki.wav,3:43,2026-06-12,2026-08-08,UNRELEASED
ENSONSA,Aşkın Öztürk,Aşkın Öztürk,Aşkın Öztürk,Esin Banu Öztürk,Aşkın Öztürk & Esin Banu Öztürk (AURA SONİC OFFİCİAL),6816f0459ba803d101fa941393efe0f480b2aa75f88e3a5460e6e2fb5f48e558,sarki.wav,4:50,2026-05-30,2026-08-08,UNRELEASED
FERİBOT,Aşkın Öztürk,Aşkın Öztürk,Aşkın Öztürk,Esin Banu Öztürk,Aşkın Öztürk & Esin Banu Öztürk (AURA SONİC OFFİCİAL),db35750d0c5225541a682ee1442e9681d435963c8182fc070cfa0f92306449bd,AŞKIN-FERİBOT.wav,4:14,2026-06-11,2026-08-08,UNRELEASED
FERİM KALMADI,Aşkın Öztürk,Aşkın Öztürk,Aşkın Öztürk,Esin Banu Öztürk,Aşkın Öztürk & Esin Banu Öztürk (AURA SONİC OFFİCİAL),2ff082da1a3122869f2591d4a49d8b8627c630b0fc88d687c95e403951388c3e,sarki.wav,4:17,2026-05-30,2026-08-08,UNRELEASED
GECEYE YAZDIM SENİ,Aşkın Öztürk,Aşkın Öztürk,Aşkın Öztürk,Esin Banu Öztürk,Aşkın Öztürk & Esin Banu Öztürk (AURA SONİC OFFİCİAL),67f4b83cfa84d83af32b026f703b77e943987dc934ef3f8cf63c71a876ea348a,sarki.wav,4:00,2026-05-30,2026-08-08,UNRELEASED
Gitme Demem,Aşkın Öztürk,Aşkın Öztürk,Aşkın Öztürk,Esin Banu Öztürk,Aşkın Öztürk & Esin Banu Öztürk (AURA SONİC OFFİCİAL),88cfbfd7399b3c2e8e2e0998e0c50abb6f01610ad0beaa91719cad7c5de4c309,sarki.wav,4:39,2026-06-12,2026-08-08,UNRELEASED
KAYITLI NUMARA 2,Aşkın Öztürk,Aşkın Öztürk,Aşkın Öztürk,Esin Banu Öztürk,Aşkın Öztürk & Esin Banu Öztürk (AURA SONİC OFFİCİAL),f9c961e80f1de4ebd4bb88f4179178fc9cea728f0ad7188cd505235779e1bd83,sarki.wav,3:16,2026-06-12,2026-08-08,UNRELEASED
KEEP IT DARK,Aşkın Öztürk,Aşkın Öztürk,Aşkın Öztürk,Esin Banu Öztürk,Aşkın Öztürk & Esin Banu Öztürk (AURA SONİC OFFİCİAL),10c552ec4cd40f61c26f2e2387aaf937f4dca04bc0b0b4df21a40f96c50d03fd,aşkın-KEEP IT DARK.wav,4:09,2026-06-11,2026-08-08,UNRELEASED
Neon Altında,Aşkın Öztürk,Aşkın Öztürk,Aşkın Öztürk,Esin Banu Öztürk,Aşkın Öztürk & Esin Banu Öztürk (AURA SONİC OFFİCİAL),384767f186508e15aa438c041b8c844fdf38eaae0f124354f2d84b24b0ef20b4,sarki.wav,4:26,2026-06-12,2026-08-08,UNRELEASED
Q-vocal humanized,Aşkın Öztürk,Aşkın Öztürk,Aşkın Öztürk,Esin Banu Öztürk,Aşkın Öztürk & Esin Banu Öztürk (AURA SONİC OFFİCİAL),55513359979f447d347db5519ddd64b79fbc170865ec5b60b701700bbc8dfd4f,AŞKIN-Q-vocal_humanized.wav,4:39,2026-06-06,2026-08-08,UNRELEASED
SANA SUSMAYI ÖĞRENDİM,Aşkın Öztürk,Aşkın Öztürk,Aşkın Öztürk,Esin Banu Öztürk,Aşkın Öztürk & Esin Banu Öztürk (AURA SONİC OFFİCİAL),6816f0459ba803d101fa941393efe0f480b2aa75f88e3a5460e6e2fb5f48e558,sarki.wav,4:50,2026-05-30,2026-08-08,UNRELEASED
Susma,Aşkın Öztürk,Aşkın Öztürk,Aşkın Öztürk,Esin Banu Öztürk,Aşkın Öztürk & Esin Banu Öztürk (AURA SONİC OFFİCİAL),d0f938221fbc5597179a8db36c64540bc7c310b12bd1629ec768d93d1e1a11de,AŞKIN ÖZTÜRK — Susma.wav,3:01,2026-09-14,2026-09-14,UNRELEASED
askin,Aşkın Öztürk,Aşkın Öztürk,Aşkın Öztürk,Esin Banu Öztürk,Aşkın Öztürk & Esin Banu Öztürk (AURA SONİC OFFİCİAL),daf4aeac87bad9b84116097fa595f51b5ff9fa90a21f1eea49e7af13d9551ec6,askin.wav,0:24,2026-08-08,2026-08-08,UNRELEASED
askin ozturk 01,Aşkın Öztürk,Aşkın Öztürk,Aşkın Öztürk,Esin Banu Öztürk,Aşkın Öztürk & Esin Banu Öztürk (AURA SONİC OFFİCİAL),529ad9c9409875df38ebd9b2d7df076afb973ca2d1048bb20af76eeb81afe382, clean_askin_ozturk_01.wav,2:21,2026-06-06,2026-08-08,UNRELEASED
askinyeni,Aşkın Öztürk,Aşkın Öztürk,Aşkın Öztürk,Esin Banu Öztürk,Aşkın Öztürk & Esin Banu Öztürk (AURA SONİC OFFİCİAL),01ae88aa2c1bd517df20f690dff5d27fffafe793268eb081b8a887301ce39a5e,askinyeni.wav,0:24,2026-08-08,2026-08-08,UNRELEASED
askinyeni INDEXSIZ,Aşkın Öztürk,Aşkın Öztürk,Aşkın Öztürk,Esin Banu Öztürk,Aşkın Öztürk & Esin Banu Öztürk (AURA SONİC OFFİCİAL),91b2d051db7245716804a27d897260947aa57c1b37ee236e0ea96da3917ae8ba,askinyeni_INDEXSIZ.wav,0:24,2026-08-08,2026-08-08,UNRELEASED
aşkın-KEEP IT DARK,Aşkın Öztürk,Aşkın Öztürk,Aşkın Öztürk,Esin Banu Öztürk,Aşkın Öztürk & Esin Banu Öztürk (AURA SONİC OFFİCİAL),f46cd2401488a833096689bff37e7c0cfad07893fcdb5b1d91c27265b69cfb1f, clean_aşkın-KEEP IT DARK.wav,4:09,2026-06-11,2026-08-08,UNRELEASED
bu bayramda yoksun,Aşkın Öztürk,Recai Mert,Aşkın Öztürk,Esin Banu Öztürk,Aşkın Öztürk & Esin Banu Öztürk (AURA SONİC OFFİCİAL),0e47652703f0cc8fe3c41dbd2bf1929e84260813c66d39003e9a1efc16ba4ad7,sarki.wav,4:15,2026-06-12,2026-08-08,UNRELEASED
ozturk 01,Aşkın Öztürk,Aşkın Öztürk,Aşkın Öztürk,Esin Banu Öztürk,Aşkın Öztürk & Esin Banu Öztürk (AURA SONİC OFFİCİAL),529ad9c9409875df38ebd9b2d7df076afb973ca2d1048bb20af76eeb81afe382,askin_ozturk_01.wav,2:21,2026-06-05,2026-08-08,UNRELEASED
yapi master,Aşkın Öztürk,Aşkın Öztürk,Aşkın Öztürk,Esin Banu Öztürk,Aşkın Öztürk & Esin Banu Öztürk (AURA SONİC OFFİCİAL),d9d802ec3af6d10a76e1cfea0f5891a7243ee2d176357ac05832e1e595de1395,askin_yapi_master.wav,4:02,2026-07-08,2026-08-08,UNRELEASED
yapi master 0 242,Aşkın Öztürk,Aşkın Öztürk,Aşkın Öztürk,Esin Banu Öztürk,Aşkın Öztürk & Esin Banu Öztürk (AURA SONİC OFFİCİAL),627951eeab294579f96cd8784ebcaa0034ecb4a235bc9ad84dca0ccb5ae75743,askin_yapi_master_0_242.wav,4:02,2026-07-08,2026-08-08,UNRELEASED
yapi master full,Aşkın Öztürk,Aşkın Öztürk,Aşkın Öztürk,Esin Banu Öztürk,Aşkın Öztürk & Esin Banu Öztürk (AURA SONİC OFFİCİAL),c7c0fb631a0ab9cdf027f6bdb0a9a06933ef78c27a07e6d9adc991bc1a34e71c,askin_yapi_master_full.wav,4:02,2026-07-08,2026-08-08,UNRELEASED
yapi master tempoenv fix,Aşkın Öztürk,Aşkın Öztürk,Aşkın Öztürk,Esin Banu Öztürk,Aşkın Öztürk & Esin Banu Öztürk (AURA SONİC OFFİCİAL),8248d41532e6587fcad29df2b8acf55fcdf84abc8cf233caf002456f6b58fc5e,askin_yapi_master_tempoenv_fix.wav,4:02,2026-07-08,2026-08-08,UNRELEASED
zoruna mı gitti gidişim,Aşkın Öztürk,Aşkın Öztürk,Aşkın Öztürk,Esin Banu Öztürk,Aşkın Öztürk & Esin Banu Öztürk (AURA SONİC OFFİCİAL),babc5c368b73e2bb3c8c2117664cf6c50f137c365dc48145566a04b879ad1a55,sarki.wav,4:23,2026-06-12,2026-08-08,UNRELEASED
ÇEVRİMİÇİ,Aşkın Öztürk,Aşkın Öztürk,Aşkın Öztürk,Esin Banu Öztürk,Aşkın Öztürk & Esin Banu Öztürk (AURA SONİC OFFİCİAL),a0437d78310afe1a6d82829d9c9bcdad64d8cffe3294b64c5ba3839eaf0e0086,sarki.wav,3:47,2026-06-12,2026-08-08,UNRELEASED
ÖZTÜRK - ASHES & A LIT CIGARETTE LIVE CONCERT VERSION,Aşkın Öztürk,Aşkın Öztürk,Aşkın Öztürk,Esin Banu Öztürk,Aşkın Öztürk & Esin Banu Öztürk (AURA SONİC OFFİCİAL),fbce7f3775dcb617958028f9ed21ce76a516b9eaf8e1829fb4f8a496a74ed045,AŞKIN ÖZTÜRK - ASHES & A LIT CIGARETTE LIVE CONCERT VERSION.wav,5:30,2026-05-21,2026-08-08,UNRELEASED
ÖZTÜRK - BİR ÖMÜR YAN YANA,Aşkın Öztürk,Aşkın Öztürk,Aşkın Öztürk,Esin Banu Öztürk,Aşkın Öztürk & Esin Banu Öztürk (AURA SONİC OFFİCİAL),347c4e72d68f0aa4676834b5dba4598c81b3c7515ff5ac54be01f38fa2feeacf,AŞKIN ÖZTÜRK - BİR ÖMÜR YAN YANA.mp3,5:23,2026-07-18,2026-08-08,UNRELEASED
ÖZTÜRK - DO YOU MISS ME TOO LIVE CONCERT VERSION,Aşkın Öztürk,Aşkın Öztürk,Aşkın Öztürk,Esin Banu Öztürk,Aşkın Öztürk & Esin Banu Öztürk (AURA SONİC OFFİCİAL),bfec6b18888bc44cd85f7ad498b62d66b60f1d6c99a5fbc1b86d57b9b1ffc98b,AŞKIN ÖZTÜRK - DO YOU MISS ME TOO LIVE CONCERT VERSION.wav,5:23,2026-05-21,2026-08-08,UNRELEASED
ÖZTÜRK - GECEYE YAZDIM SENİ,Aşkın Öztürk,Aşkın Öztürk,Aşkın Öztürk,Esin Banu Öztürk,Aşkın Öztürk & Esin Banu Öztürk (AURA SONİC OFFİCİAL),4a772746ea8bc9dd156c27413371a883344f13869d2dfc9fe65ef337e28c29a2,AŞKIN ÖZTÜRK - GECEYE YAZDIM SENİ.mp3,4:00,2026-07-18,2026-08-08,UNRELEASED
ÖZTÜRK - KAYITLI NUMARA,Aşkın Öztürk,Aşkın Öztürk,Aşkın Öztürk,Esin Banu Öztürk,Aşkın Öztürk & Esin Banu Öztürk (AURA SONİC OFFİCİAL),6ed9f1db885bd131d46ee4ca8bcb9d3883859620b8f1d740bae1dbf1706a0616,AŞKIN ÖZTÜRK - KAYITLI NUMARA.mp3,3:31,2026-07-18,2026-08-08,UNRELEASED
ÖZTÜRK - SEN BENDEN GİDERKEN LIVE CONCERT VERSION,Aşkın Öztürk,Aşkın Öztürk,Aşkın Öztürk,Esin Banu Öztürk,Aşkın Öztürk & Esin Banu Öztürk (AURA SONİC OFFİCİAL),a7a9436779463b7090dc8a20c420e2198106b078e2428d7cbdf55d7df79b217a,AŞKIN ÖZTÜRK - SEN BENDEN GİDERKEN LIVE CONCERT VERSION.wav,4:19,2026-05-21,2026-08-08,UNRELEASED
ÖZTÜRK - İYİ Kİ VARSIN,Aşkın Öztürk,Aşkın Öztürk,Aşkın Öztürk,Esin Banu Öztürk,Aşkın Öztürk & Esin Banu Öztürk (AURA SONİC OFFİCİAL),c428f98b8dc3a57f3b6ec5ed2677e4cbe1e1e727cc55a9474e44b659c123ef57,AŞKIN ÖZTÜRK - İYİ Kİ VARSIN.mp3,4:29,2026-07-18,2026-08-08,UNRELEASED
ÖZTÜRK — ANLATACAK KİMSEM YOK,Aşkın Öztürk,Aşkın Öztürk,Aşkın Öztürk,Esin Banu Öztürk,Aşkın Öztürk & Esin Banu Öztürk (AURA SONİC OFFİCİAL),7affa88a29aebce15a7be92a3a3ded0e9159f5b6c58a29f6e172bc17ade13adf,AŞKIN ÖZTÜRK — ANLATACAK KİMSEM YOK.wav,4:15,2026-07-06,2026-08-08,UNRELEASED
ÖZTÜRK — HABERİN OLMADI,Aşkın Öztürk,Aşkın Öztürk,Aşkın Öztürk,Esin Banu Öztürk,Aşkın Öztürk & Esin Banu Öztürk (AURA SONİC OFFİCİAL),79d03b5c93c885b90a99b1fa645539f3c77432816259913a6f92fcc0385a5fc0,AŞKIN ÖZTÜRK — HABERİN OLMADI.wav,3:41,2026-09-02,2026-09-05,UNRELEASED
ÖZTÜRK — KIYAMADIM,Aşkın Öztürk,Aşkın Öztürk,Aşkın Öztürk,Esin Banu Öztürk,Aşkın Öztürk & Esin Banu Öztürk (AURA SONİC OFFİCİAL),48cb3a4e45248164fcced04e12882f45443180456c120b07bac0f16a0881b3b5,AŞKIN ÖZTÜRK — KIYAMADIM.wav,3:14,2026-09-02,2026-09-05,UNRELEASED
ÖZTÜRK — THE LAST THING I KEPT,Aşkın Öztürk,Aşkın Öztürk,Aşkın Öztürk,Esin Banu Öztürk,Aşkın Öztürk & Esin Banu Öztürk (AURA SONİC OFFİCİAL),e1e69661eab576afd89b5ccbe5a95f4d309dbfbee3fc38f09be86353be885942,AŞKIN ÖZTÜRK — THE LAST THING I KEPT.wav,7:59,2026-08-13,2026-08-31,UNRELEASED
ÖZTÜRK — ¿PARA QUIÉN ME GUARDASTE,Aşkın Öztürk,Aşkın Öztürk,Aşkın Öztürk,Esin Banu Öztürk,Aşkın Öztürk & Esin Banu Öztürk (AURA SONİC OFFİCİAL),6384d69c61318246852dc705264d7ae2b262cef4a544412a4299cd7c3107c048,AŞKIN ÖZTÜRK — ¿PARA QUIÉN ME GUARDASTE.wav,5:03,2026-09-06,2026-09-06,UNRELEASED
ÖZTÜRK — ÇOKTAN,Aşkın Öztürk,Aşkın Öztürk,Aşkın Öztürk,Esin Banu Öztürk,Aşkın Öztürk & Esin Banu Öztürk (AURA SONİC OFFİCİAL),69d07e93bc1dda9e411be35205d5e89e13fd657d11ec9933482fb0d998f6da58,AŞKIN ÖZTÜRK — ÇOKTAN.wav,4:18,2026-09-02,2026-09-05,UNRELEASED
ÖZTÜRK-AŞKINDA MİSAFİRMİŞİM,Aşkın Öztürk,Aşkın Öztürk,Aşkın Öztürk,Esin Banu Öztürk,Aşkın Öztürk & Esin Banu Öztürk (AURA SONİC OFFİCİAL),ee14878657ba3415197ee5a8a28e3075ba0be726d313b76ae6b486fb567e0a33,01-09-26-AŞKIN_ÖZTÜRK-AŞKINDA MİSAFİRMİŞİM.wav,6:27,2026-09-02,2026-09-05,UNRELEASED
ÖZTÜRK-BU ŞEHİR BİZE DAR (Lead Vocal),Aşkın Öztürk,Aşkın Öztürk,Aşkın Öztürk,Esin Banu Öztürk,Aşkın Öztürk & Esin Banu Öztürk (AURA SONİC OFFİCİAL),e1c6cb452646ad46a79be98ff4962ebc7a427b5a805879090d91f0637a9f1654,AŞKIN ÖZTÜRK-BU ŞEHİR BİZE DAR (Lead Vocal).wav,4:09,2026-07-21,2026-08-08,UNRELEASED
ÖZTÜRK-GECE SENİ ELE VERİR (Lead Vocal),Aşkın Öztürk,Aşkın Öztürk,Aşkın Öztürk,Esin Banu Öztürk,Aşkın Öztürk & Esin Banu Öztürk (AURA SONİC OFFİCİAL),1aa2e06cbf34a9d8df6dc1e0b16d039bb930b163b322b43bb67a29c3913f1227,AŞKIN ÖZTÜRK-GECE SENİ ELE VERİR (Lead Vocal).wav,4:28,2026-07-22,2026-08-08,UNRELEASED
ÖZTÜRK-KİMSEYİ YERİNE KOYMADIM,Aşkın Öztürk,Aşkın Öztürk,Aşkın Öztürk,Esin Banu Öztürk,Aşkın Öztürk & Esin Banu Öztürk (AURA SONİC OFFİCİAL),e4f98d7456833b17a2f85aed61d4427c9116d6a3b9fd5323b811d7ce5a5e32d4,01-09-26-AŞKIN_ÖZTÜRK-KİMSEYİ YERİNE KOYMADIM.wav,5:27,2026-09-02,2026-09-05,UNRELEASED
ÖZTÜRK-MÜHÜR (SEAL)İNG2,Aşkın Öztürk,Aşkın Öztürk,Aşkın Öztürk,Esin Banu Öztürk,Aşkın Öztürk & Esin Banu Öztürk (AURA SONİC OFFİCİAL),984a3b946ea40c8f55a00812e4c0d41fcefda348e69c3dbd0d74f659aa6bcf74,AŞKIN ÖZTÜRK-MÜHÜR (SEAL)İNG2.wav,4:25,2026-03-22,2026-08-08,UNRELEASED
ÖZTÜRK-MÜHÜR türkce,Aşkın Öztürk,Aşkın Öztürk,Aşkın Öztürk,Esin Banu Öztürk,Aşkın Öztürk & Esin Banu Öztürk (AURA SONİC OFFİCİAL),55580f132f6e9abcfdd0b42321f6d48f03e8c8133969b7ad360d4bf3b34e4904,AŞKIN ÖZTÜRK-MÜHÜR türkce(1).wav,3:30,2026-03-22,2026-08-08,UNRELEASED
Öztürk – Bir Gece Daha Kal (Backing Vocals),Aşkın Öztürk,Aşkın Öztürk,Aşkın Öztürk,Esin Banu Öztürk,Aşkın Öztürk & Esin Banu Öztürk (AURA SONİC OFFİCİAL),a879fbb3280931d57ad93349093efee673efe7d68bd8e5cb2d0095417e3efd4c,Aşkın Öztürk – Bir Gece Daha Kal (Backing Vocals).wav,4:35,2026-07-21,2026-08-08,UNRELEASED
Başka,Babaconda,Aşkın Öztürk,Aşkın Öztürk,Esin Banu Öztürk,Aşkın Öztürk & Esin Banu Öztürk (AURA SONİC OFFİCİAL),9c3773915aa2b44943166f5c75c981444ba58f9e6be10a4d701a8290da445106,Babaconda - Başka.mp3,4:37,2026-07-19,2026-08-08,UNRELEASED
Affedemem,Berk Taşkın,Aşkın Öztürk,Aşkın Öztürk,Esin Banu Öztürk,Aşkın Öztürk & Esin Banu Öztürk (AURA SONİC OFFİCİAL),97a3300c8dbaabf13b207fcf3450f6dee359c58b61dc290fee9ec4f3dc666a2f,Berk Taşkın - Affedemem.mp3,5:23,2026-07-19,2026-08-08,UNRELEASED
Değmez,Berk Taşkın,Aşkın Öztürk,Aşkın Öztürk,Esin Banu Öztürk,Aşkın Öztürk & Esin Banu Öztürk (AURA SONİC OFFİCİAL),5237b29de80734f3a379fd343536c9610ba72bdf645f32ae590ffea925750ba9,Berk Taşkın - Değmez.mp3,5:16,2026-07-19,2026-08-08,UNRELEASED
Kırgınım,Berk Taşkın,Aşkın Öztürk,Aşkın Öztürk,Esin Banu Öztürk,Aşkın Öztürk & Esin Banu Öztürk (AURA SONİC OFFİCİAL),82d0cb6952d380633ec59c37d705a4371748326ec042b615f6e552332448a0f4,Berk Taşkın - Kırgınım.mp3,6:07,2026-07-19,2026-08-08,UNRELEASED
Unutmuşken,Berk Taşkın,Aşkın Öztürk,Aşkın Öztürk,Esin Banu Öztürk,Aşkın Öztürk & Esin Banu Öztürk (AURA SONİC OFFİCİAL),949abe407c917a0bfc5beb93aeb6e9fafda9b03d134aa7e182cb251579ab5509,Berk Taşkın - Unutmuşken.mp3,5:14,2026-07-19,2026-08-08,UNRELEASED
TAKILI KALDIM,Buğra Mert,Aşkın Öztürk,Aşkın Öztürk,Esin Banu Öztürk,Aşkın Öztürk & Esin Banu Öztürk (AURA SONİC OFFİCİAL),de8a28f415f8673d274a4d05e0fa565ea7ffd2561532192c922f4a0c10c6cf59,BUĞRA MERT - TAKILI KALDIM.mp3,4:04,2026-07-18,2026-08-08,UNRELEASED
CHRONOS,CHRONOS,Aşkın Öztürk,Aşkın Öztürk,Esin Banu Öztürk,Aşkın Öztürk & Esin Banu Öztürk (AURA SONİC OFFİCİAL),a2e51168a060f203cb1904563c7a1af325c32c9a61c370d2bb7d8e0ed396e588, clean_CHRONOS.wav,3:48,2026-05-30,2026-08-08,UNRELEASED
Crystal Time,CHRONOS,Aşkın Öztürk,Aşkın Öztürk,Esin Banu Öztürk,Aşkın Öztürk & Esin Banu Öztürk (AURA SONİC OFFİCİAL),bcf01c1a093ff72333fcd127344fc0c65d00878f995b6f87263f4930369caf8d,sarki.wav,3:43,2026-05-30,2026-08-08,UNRELEASED
NO MERCY LEFT,CHRONOS,Aşkın Öztürk,Aşkın Öztürk,Esin Banu Öztürk,Aşkın Öztürk & Esin Banu Öztürk (AURA SONİC OFFİCİAL),0e9b73fb320158dacfc2c7074cad07a46de9489ac3213f0152aa3124ea0b29f0, clean_NO MERCY LEFT.wav,3:37,2026-05-30,2026-08-08,UNRELEASED
RE-SONANCE,CHRONOS,Aşkın Öztürk,Aşkın Öztürk,Esin Banu Öztürk,Aşkın Öztürk & Esin Banu Öztürk (AURA SONİC OFFİCİAL),bcf01c1a093ff72333fcd127344fc0c65d00878f995b6f87263f4930369caf8d,sarki.wav,3:43,2026-05-30,2026-08-08,UNRELEASED
anadolurock tr,CHRONOS,Aşkın Öztürk,Aşkın Öztürk,Esin Banu Öztürk,Aşkın Öztürk & Esin Banu Öztürk (AURA SONİC OFFİCİAL),23c03d991ab5c745e18508a6028eb6acbf200032a7e13e0924ec2e939ae25d5d,anadolurock_tr_.mp3,4:16,2026-03-13,2026-08-08,UNRELEASED
I WOULDNT ERASE US,Chris Marlo,Aşkın Öztürk,Aşkın Öztürk,Esin Banu Öztürk,Aşkın Öztürk & Esin Banu Öztürk (AURA SONİC OFFİCİAL),5cb6a3b1adc854a3168bc4a22fb6fac9633889dcc3e2d194678111c36e323c5d,Chris Marlo-I WOULDNT ERASE US.wav,3:13,2026-08-11,2026-08-31,UNRELEASED
Shoes,Chris Marlo,Aşkın Öztürk,Aşkın Öztürk,Esin Banu Öztürk,Aşkın Öztürk & Esin Banu Öztürk (AURA SONİC OFFİCİAL),ba689ee5083dc08841016b307da4644084168f7a25f43dfc1300c3f0f3e8d69c,Chris Marlo - Clean Shoes.mp3,4:04,2026-07-11,2026-08-08,UNRELEASED
DON’T SAY MAÑANA,Ciro Valden,Aşkın Öztürk,Aşkın Öztürk,Esin Banu Öztürk,Aşkın Öztürk & Esin Banu Öztürk (AURA SONİC OFFİCİAL),2289ca68e118d98c552495c9af82e16ec3bc170a81f904457f26310b26ac52be,Ciro Valden-DON’T SAY MAÑANA.wav,3:24,2026-08-11,2026-08-31,UNRELEASED
YOUR PERFUME KNOWS MY ADDRESS,Dartagnan,Aşkın Öztürk,Aşkın Öztürk,Esin Banu Öztürk,Aşkın Öztürk & Esin Banu Öztürk (AURA SONİC OFFİCİAL),cd9ddd3d1179e1e20a405bd9e11e0d453989cbe42f38d89ee2ec6bac03d56a93,DARTAGNAN YOUR PERFUME KNOWS MY ADDRESS.mp3,2:48,2026-07-12,2026-08-08,UNRELEASED
BELLİ,Ezgi Meram,Aşkın Öztürk,Aşkın Öztürk,Esin Banu Öztürk,Aşkın Öztürk & Esin Banu Öztürk (AURA SONİC OFFİCİAL),ceb7572d6d091c867b50cc52ce8aaab18ee25263aee4394ddaa0d94b117a0f5a,EZGİ MERAM-BELLİ.mp3,3:29,2026-08-02,2026-08-08,UNRELEASED
Jaxon Mon-Somebody See Me,Jaxen Moon,Aşkın Öztürk,Aşkın Öztürk,Esin Banu Öztürk,Aşkın Öztürk & Esin Banu Öztürk (AURA SONİC OFFİCİAL),9996835f2488eb3e401778a76220292891b7c164b982cfe7725ed8da1a527ec6,Jaxon Mon-Somebody See Me.wav,3:24,2026-07-05,2026-08-08,UNRELEASED
MOON — CARRY ME HOME,Jaxen Moon,Aşkın Öztürk,Aşkın Öztürk,Esin Banu Öztürk,Aşkın Öztürk & Esin Banu Öztürk (AURA SONİC OFFİCİAL),72c23c17f7406ace8d81366fe58c45c876a0618c85f510f7e989f77b6578845e,JAXEN MOON — CARRY ME HOME.wav,3:44,2026-08-13,2026-08-08,UNRELEASED
Moon-jaxen 01 route 17 A,Jaxen Moon,Aşkın Öztürk,Aşkın Öztürk,Esin Banu Öztürk,Aşkın Öztürk & Esin Banu Öztürk (AURA SONİC OFFİCİAL),5faf8e1680eefeca90bc3ec2d0bb637575d533bad5573deb4e4b915d2f74317b,Jaxen Moon-jaxen_01_route_17_A.wav,3:59,2026-08-13,2026-08-31,UNRELEASED
Moon-jaxen 01 route 17 A1,Jaxen Moon,Aşkın Öztürk,Aşkın Öztürk,Esin Banu Öztürk,Aşkın Öztürk & Esin Banu Öztürk (AURA SONİC OFFİCİAL),09330ba06fb809094a4617ae5953de11242150a901e72779994d2b7ab12cf20e,Jaxen Moon-jaxen_01_route_17_A1.wav,4:00,2026-08-13,2026-08-31,UNRELEASED
Moon-jaxen 02 mamas freezer A,Jaxen Moon,Aşkın Öztürk,Aşkın Öztürk,Esin Banu Öztürk,Aşkın Öztürk & Esin Banu Öztürk (AURA SONİC OFFİCİAL),532accf645ff4ce901ddb063815bc86b1f2a082a20c137b57f95974e5874a915,Jaxen Moon-jaxen_02_mamas_freezer_A.wav,3:19,2026-08-13,2026-08-31,UNRELEASED
Moon-jaxen 02 mamas freezer B,Jaxen Moon,Aşkın Öztürk,Aşkın Öztürk,Esin Banu Öztürk,Aşkın Öztürk & Esin Banu Öztürk (AURA SONİC OFFİCİAL),f3dc57a389d32c762aadbde8edb54266722e35c93f09897546ff49a5da33d0c7,Jaxen Moon-jaxen_02_mamas_freezer_B.wav,3:24,2026-08-13,2026-08-31,UNRELEASED
Moon-jaxen 03 red clay A,Jaxen Moon,Aşkın Öztürk,Aşkın Öztürk,Esin Banu Öztürk,Aşkın Öztürk & Esin Banu Öztürk (AURA SONİC OFFİCİAL),55f2f221217aa5bb5355900346a7a2cbd0f00494961ba28b5045962f53182a90,Jaxen Moon-jaxen_03_red_clay_A.wav,3:58,2026-08-13,2026-08-31,UNRELEASED
Moon-jaxen 03 red clay B,Jaxen Moon,Aşkın Öztürk,Aşkın Öztürk,Esin Banu Öztürk,Aşkın Öztürk & Esin Banu Öztürk (AURA SONİC OFFİCİAL),b78d39c9446838e39ea07ec4678f7ad4e3dd8be458fe5128a32a064de4554d60,Jaxen Moon-jaxen_03_red_clay_B.wav,3:51,2026-08-13,2026-08-31,UNRELEASED
Moon-jaxen 04 pine box radio A,Jaxen Moon,Aşkın Öztürk,Aşkın Öztürk,Esin Banu Öztürk,Aşkın Öztürk & Esin Banu Öztürk (AURA SONİC OFFİCİAL),95151f329438671b406fa0a5cccc9c0c01e1b23659108c7548711935cd92f8f0,Jaxen Moon-jaxen_04_pine_box_radio_A.wav,4:00,2026-08-13,2026-08-31,UNRELEASED
Moon-jaxen 04 pine box radio B,Jaxen Moon,Aşkın Öztürk,Aşkın Öztürk,Esin Banu Öztürk,Aşkın Öztürk & Esin Banu Öztürk (AURA SONİC OFFİCİAL),d78800d260c74db7c52c8df6378b20e77e63136f1ca26be7b0aad70104d868b3,Jaxen Moon-jaxen_04_pine_box_radio_B.wav,3:03,2026-08-13,2026-08-31,UNRELEASED
Moon-jaxen 05 six chairs A,Jaxen Moon,Aşkın Öztürk,Aşkın Öztürk,Esin Banu Öztürk,Aşkın Öztürk & Esin Banu Öztürk (AURA SONİC OFFİCİAL),27feee043cb914e52a03863b1685e727fd29737fcc8008f31a8686b09e5bac4f,Jaxen Moon-jaxen_05_six_chairs_A.wav,3:59,2026-08-13,2026-08-31,UNRELEASED
NO MAP FOR THE NIGHT,Jaxen Moon,Aşkın Öztürk,Aşkın Öztürk,Esin Banu Öztürk,Aşkın Öztürk & Esin Banu Öztürk (AURA SONİC OFFİCİAL),d9358f524d3c87ddf037cb77e42b20628bece1d52eec5cca0b7c4b283ebb07eb, clean_NO MAP FOR THE NIGHT.wav,3:34,2026-05-30,2026-08-08,UNRELEASED
RUN WITH THE WEATHER,Jaxen Moon,Aşkın Öztürk,Aşkın Öztürk,Esin Banu Öztürk,Aşkın Öztürk & Esin Banu Öztürk (AURA SONİC OFFİCİAL),e7cac74530a5df48b9a5c63fa06a270841ae84a851985e9f7ab2992165e4cdc2, clean_RUN WITH THE WEATHER.wav,3:27,2026-05-30,2026-08-08,UNRELEASED
SALT & SMOKE-JAXEN MOON,Jaxen Moon,Aşkın Öztürk,Aşkın Öztürk,Esin Banu Öztürk,Aşkın Öztürk & Esin Banu Öztürk (AURA SONİC OFFİCİAL),99c30b544377d6c2f211c53096f5599214168db7111e3a8a343be1b9e91603b3, clean_SALT & SMOKE-JAXEN MOON.wav,3:16,2026-05-30,2026-08-08,UNRELEASED
SALT SMOKE,Jaxen Moon,Aşkın Öztürk,Aşkın Öztürk,Esin Banu Öztürk,Aşkın Öztürk & Esin Banu Öztürk (AURA SONİC OFFİCİAL),99c30b544377d6c2f211c53096f5599214168db7111e3a8a343be1b9e91603b3,sarki.wav,3:16,2026-05-30,2026-08-08,UNRELEASED
STAY UNTIL THE TIDE,Jaxen Moon,Aşkın Öztürk,Aşkın Öztürk,Esin Banu Öztürk,Aşkın Öztürk & Esin Banu Öztürk (AURA SONİC OFFİCİAL),c80ed6160e43328ec5a036058d6d97289eee560133fbdfb0fc1a1e4d66dfc0c6, clean_STAY UNTIL THE TIDE.wav,3:47,2026-05-30,2026-08-08,UNRELEASED
"WILD THING, SLOW FIRE",Jaxen Moon,Aşkın Öztürk,Aşkın Öztürk,Esin Banu Öztürk,Aşkın Öztürk & Esin Banu Öztürk (AURA SONİC OFFİCİAL),86e6722a72feabd14df95de2886594ebc4fc9a2e96b2d0ea14ca0e531b87eb2e," clean_WILD THING, SLOW FIRE.wav",3:48,2026-05-30,2026-08-08,UNRELEASED
"0 Rock elektro gitar solo , satriani style,şsrkının devamı gibi devam et",Kael Voss,Aşkın Öztürk,Aşkın Öztürk,Esin Banu Öztürk,Aşkın Öztürk & Esin Banu Öztürk (AURA SONİC OFFİCİAL),66cf443c69264f7d57a90921b6e98d20b8d37cb0628715a19211a60b5aff60f7," clean_0 Rock elektro gitar solo , satriani  style,şsrkının devamı gibi devam et.wav",0:32,2026-05-30,2026-08-08,UNRELEASED
0 So Hollow Let Babylon Burn (Add Instrumental),Kael Voss,Aşkın Öztürk,Aşkın Öztürk,Esin Banu Öztürk,Aşkın Öztürk & Esin Banu Öztürk (AURA SONİC OFFİCİAL),2e2ee1e69cd9c4ebb45edc93405a26eb915471b6e015d31576ee6d4c84793b56, clean_0 So Hollow  Let Babylon Burn (Add Instrumental).wav,4:41,2026-05-30,2026-08-08,UNRELEASED
Dust of Babylon4,Kael Voss,Aşkın Öztürk,Aşkın Öztürk,Esin Banu Öztürk,Aşkın Öztürk & Esin Banu Öztürk (AURA SONİC OFFİCİAL),bf595f2a058565441c9c19212d326d89e5713d4f7219c4702d7d97f4cc81c90b, clean_Dust of Babylon4.wav,5:16,2026-05-30,2026-08-08,UNRELEASED
ECHO OF YOU,Kael Voss,Aşkın Öztürk,Aşkın Öztürk,Esin Banu Öztürk,Aşkın Öztürk & Esin Banu Öztürk (AURA SONİC OFFİCİAL),e1698063abef9b283592fd69173e8d322a3ea2080cb824bc8a6369175b7832ab, clean_ECHO OF YOU.wav,3:57,2026-05-30,2026-08-08,UNRELEASED
Ghost Lane,Kael Voss,Aşkın Öztürk,Aşkın Öztürk,Esin Banu Öztürk,Aşkın Öztürk & Esin Banu Öztürk (AURA SONİC OFFİCİAL),a033f3949fc1e0c131181b2ea30f52d3010cbdd5b3dd5f2edc1a0a904e31ab5a,Ghost Lane__.wav,4:59,2026-05-30,2026-08-08,UNRELEASED
KAEL VOSS — DEAD AIR HEARTS,Kael Voss,Aşkın Öztürk,Aşkın Öztürk,Esin Banu Öztürk,Aşkın Öztürk & Esin Banu Öztürk (AURA SONİC OFFİCİAL),819e5498a965f28a27a30c3a353f2c7a1b015dacdca1cfba1717f465157d229c,clean_KAEL VOSS — DEAD AIR HEARTS.mp3,4:19,2026-06-21,2026-08-08,UNRELEASED
No Kingdom,Kael Voss,Aşkın Öztürk,Aşkın Öztürk,Esin Banu Öztürk,Aşkın Öztürk & Esin Banu Öztürk (AURA SONİC OFFİCİAL),1e28116e350ee75992624ed3fbfa84e48c92a5e879664a1dfdc5a34da632ac1f,No Kingdom__.wav,4:59,2026-05-30,2026-08-08,UNRELEASED
THE OTHER SIDE,Kael Voss,Aşkın Öztürk,Aşkın Öztürk,Esin Banu Öztürk,Aşkın Öztürk & Esin Banu Öztürk (AURA SONİC OFFİCİAL),66a36dfc97244d864d53908be12395d55cdebbd2f0227000db7abf20cdd7805e, clean_THE OTHER SIDE_.wav,3:45,2026-05-30,2026-08-08,UNRELEASED
VOSS — DEAD AIR HEARTS,Kael Voss,Aşkın Öztürk,Aşkın Öztürk,Esin Banu Öztürk,Aşkın Öztürk & Esin Banu Öztürk (AURA SONİC OFFİCİAL),eabdea278cfd47185bcbc8192817516cabee96f6af90bb0840d865cd7c479484,KAEL VOSS — DEAD AIR HEARTS.wav,4:19,2026-08-13,2026-08-08,UNRELEASED
VOSS — IF I DON'T TURN BACK,Kael Voss,Aşkın Öztürk,Aşkın Öztürk,Esin Banu Öztürk,Aşkın Öztürk & Esin Banu Öztürk (AURA SONİC OFFİCİAL),c120c6df93d6310e6c9686d07e31f3059d344dd451feac5a468f8260ea83a36b,KAEL VOSS — IF I DON'T TURN BACK.wav,4:29,2026-07-05,2026-08-08,UNRELEASED
VOSS — WE WERE NEVER COMING HOME,Kael Voss,Aşkın Öztürk,Aşkın Öztürk,Esin Banu Öztürk,Aşkın Öztürk & Esin Banu Öztürk (AURA SONİC OFFİCİAL),8c03fcd64bb35a539b8e355967b087795d29fb94417a738bb837b5a639877362,KAEL VOSS — WE WERE NEVER COMING HOME.wav,4:04,2026-07-05,2026-08-08,UNRELEASED
VOSS-Cray Or Love,Kael Voss,Aşkın Öztürk,Aşkın Öztürk,Esin Banu Öztürk,Aşkın Öztürk & Esin Banu Öztürk (AURA SONİC OFFİCİAL),28b791c9b0a6cf6b1053e6c2f0d86e68b6280699b212b55edb741b79f1626f42,KAEL VOSS-Cray Or Love.wav,4:39,2026-08-11,2026-08-31,UNRELEASED
cray or love,Kael Voss,Aşkın Öztürk,Aşkın Öztürk,Esin Banu Öztürk,Aşkın Öztürk & Esin Banu Öztürk (AURA SONİC OFFİCİAL),3299fd9aa4a4893a060004433d89d8073af8e004d4621c49f9ffddfe8bba91db,cray or love.wav,4:39,2026-06-13,2026-08-08,UNRELEASED
denemeler25,Kael Voss,Aşkın Öztürk,Aşkın Öztürk,Esin Banu Öztürk,Aşkın Öztürk & Esin Banu Öztürk (AURA SONİC OFFİCİAL),67fb15be982dc68daa4e6fafe08fab9b7a1ede6fd22ddb56fb5aa78563cb1710, clean_denemeler25.wav,3:48,2026-06-02,2026-08-08,UNRELEASED
stranded,Kael Voss,Aşkın Öztürk,Aşkın Öztürk,Esin Banu Öztürk,Aşkın Öztürk & Esin Banu Öztürk (AURA SONİC OFFİCİAL),6de3a6786aa9c9b1bcf482e7d532873574a8ea400b79f1c665266346f13cbb0d, clean_stranded.wav,4:15,2026-05-30,2026-08-08,UNRELEASED
CONCRETE DOESNT PRAY,Kairo Venn,Aşkın Öztürk,Aşkın Öztürk,Esin Banu Öztürk,Aşkın Öztürk & Esin Banu Öztürk (AURA SONİC OFFİCİAL),30fe7889ca699aff248f3e1bf926f228ffe5c187a6faa8a75b73a3443d8941f0, clean_24-07-26-Kairo Venn- CONCRETE DOESNT PRAY.mp3,4:59,2026-07-24,2026-08-08,UNRELEASED
DAWN KEPT MY NAME,Kairo Venn,Aşkın Öztürk,Aşkın Öztürk,Esin Banu Öztürk,Aşkın Öztürk & Esin Banu Öztürk (AURA SONİC OFFİCİAL),5db25c073a8ce8d181948a0dd6944b2ef92bb28b4372a0d22f276ed671d14c2c, clean_24-07-26-Kairo Venn- DAWN KEPT MY NAME.mp3,4:20,2026-07-24,2026-08-08,UNRELEASED
ELEVATOR TO NOWHERE,Kairo Venn,Aşkın Öztürk,Aşkın Öztürk,Esin Banu Öztürk,Aşkın Öztürk & Esin Banu Öztürk (AURA SONİC OFFİCİAL),0363630b224ae36b240cceaad116dc6d6e982ddfac3582793c349dd0ee5328c7, clean_24-07-26-Kairo Venn- ELEVATOR TO NOWHERE.mp3,4:09,2026-07-24,2026-08-08,UNRELEASED
NO WITNESS BUT THE RAIN,Kairo Venn,Aşkın Öztürk,Aşkın Öztürk,Esin Banu Öztürk,Aşkın Öztürk & Esin Banu Öztürk (AURA SONİC OFFİCİAL),39826968e3fa81ee127fbd9f85bc1a18e7eeb50119c4929112d4a5fcc32e73e5, clean_24-07-26-Kairo Venn- NO WITNESS BUT THE RAIN.mp3,4:09,2026-07-24,2026-08-08,UNRELEASED
QUIET MONEY,Kairo Venn,Aşkın Öztürk,Aşkın Öztürk,Esin Banu Öztürk,Aşkın Öztürk & Esin Banu Öztürk (AURA SONİC OFFİCİAL),c85883017f3b340326a44c0a8506d3ae68e41c99c235b23cd8d42e3d4e3d7b14, clean_24-07-26-Kairo Venn- QUIET MONEY.mp3,4:09,2026-07-24,2026-08-08,UNRELEASED
RED LIGHT RENT,Kairo Venn,Aşkın Öztürk,Aşkın Öztürk,Esin Banu Öztürk,Aşkın Öztürk & Esin Banu Öztürk (AURA SONİC OFFİCİAL),bd532c4bceb533b956b79f33bdb5b9ed70c0f2b3edfd7e547a3d81518ed29acf, clean_24-07-26-Kairo Venn-RED LIGHT RENT.mp3,4:09,2026-07-24,2026-08-08,UNRELEASED
THE CITY OWES ME SLEEP,Kairo Venn,Aşkın Öztürk,Aşkın Öztürk,Esin Banu Öztürk,Aşkın Öztürk & Esin Banu Öztürk (AURA SONİC OFFİCİAL),78e87a4706e268df4fa50807ada863f5ed7d3b295bb8583e2658de6e7256a92a, clean_24-07-26-Kairo Venn-THE CITY OWES ME SLEEP.mp3,4:24,2026-07-24,2026-08-08,UNRELEASED
YOUR JACKET STILL FITS,Kairo Venn,Aşkın Öztürk,Aşkın Öztürk,Esin Banu Öztürk,Aşkın Öztürk & Esin Banu Öztürk (AURA SONİC OFFİCİAL),1ed777bd55078be18ac5247a9404b9a9e0a8d0062da52954a4a3fd111e0d3df0, clean_24-07-26-Kairo Venn- YOUR JACKET STILL FITS.mp3,4:09,2026-07-24,2026-08-08,UNRELEASED
kane 01 deadbolt A,Kane Marten,Aşkın Öztürk,Aşkın Öztürk,Esin Banu Öztürk,Aşkın Öztürk & Esin Banu Öztürk (AURA SONİC OFFİCİAL),e820423806446e98ba1629ccd0e0d773ae27832bed95e86c427fb7bc1612b7ca,Kane Marten-kane_01_deadbolt_A.wav,3:54,2026-08-13,2026-08-31,UNRELEASED
kane 01 deadbolt B,Kane Marten,Aşkın Öztürk,Aşkın Öztürk,Esin Banu Öztürk,Aşkın Öztürk & Esin Banu Öztürk (AURA SONİC OFFİCİAL),cc47ce35e625356e68000b7336a492b37f40b92b4ecbb6f4551a82978929f495,Kane Marten-kane_01_deadbolt_B.wav,3:29,2026-08-13,2026-08-31,UNRELEASED
kane 02 empty chair A,Kane Marten,Aşkın Öztürk,Aşkın Öztürk,Esin Banu Öztürk,Aşkın Öztürk & Esin Banu Öztürk (AURA SONİC OFFİCİAL),b0d30bf1ab3d75420606c3ed592c1b0245e38df4818afd91696a0a813a6f7618,Kane Marten-kane_02_empty_chair_A.wav,3:59,2026-08-13,2026-08-31,UNRELEASED
kane 02 empty chair B,Kane Marten,Aşkın Öztürk,Aşkın Öztürk,Esin Banu Öztürk,Aşkın Öztürk & Esin Banu Öztürk (AURA SONİC OFFİCİAL),cce2e0f1766ed1598b36fe686051f373f10d2fff68dca51bc6e3e5bf087c667c,Kane Marten-kane_02_empty_chair_B.wav,3:59,2026-08-13,2026-08-31,UNRELEASED
kane 03 receipt A burn.txt,Kane Marten,Aşkın Öztürk,Aşkın Öztürk,Esin Banu Öztürk,Aşkın Öztürk & Esin Banu Öztürk (AURA SONİC OFFİCİAL),0aa043fc0dc1606bd4a00f294310a9b2511fd7c37caeb983ea1191e854abfbd2,Kane Marten-kane_03_receipt_A_burn.txt.wav,4:00,2026-08-13,2026-08-31,UNRELEASED
kane 03 receipt burn A,Kane Marten,Aşkın Öztürk,Aşkın Öztürk,Esin Banu Öztürk,Aşkın Öztürk & Esin Banu Öztürk (AURA SONİC OFFİCİAL),0aa043fc0dc1606bd4a00f294310a9b2511fd7c37caeb983ea1191e854abfbd2,Kane Marten-kane_03_receipt_burn_A.wav,4:00,2026-08-13,2026-08-31,UNRELEASED
kane 03 receipt burn B,Kane Marten,Aşkın Öztürk,Aşkın Öztürk,Esin Banu Öztürk,Aşkın Öztürk & Esin Banu Öztürk (AURA SONİC OFFİCİAL),888249f61c0ab00c5d0bd979a9af5b550820ba6bb4b1e742cb04738b0ae71a96,Kane Marten-kane_03_receipt_burn_B.wav,4:00,2026-08-13,2026-08-31,UNRELEASED
kane 04 black coffee A,Kane Marten,Aşkın Öztürk,Aşkın Öztürk,Esin Banu Öztürk,Aşkın Öztürk & Esin Banu Öztürk (AURA SONİC OFFİCİAL),f633e5cc279fc03f1d79222a1b293cea73b20290a10a23cd346f953a74a562a7,Kane Marten-kane_04_black_coffee_A.wav,3:14,2026-08-13,2026-08-31,UNRELEASED
kane 04 black coffee B,Kane Marten,Aşkın Öztürk,Aşkın Öztürk,Esin Banu Öztürk,Aşkın Öztürk & Esin Banu Öztürk (AURA SONİC OFFİCİAL),0bc4021f5c8b94f6d9129dcfedd93d720852fa1ce6e6026697ac577b67364218,Kane Marten-kane_04_black_coffee_B.wav,4:00,2026-08-13,2026-08-31,UNRELEASED
kane 05 good plate A,Kane Marten,Aşkın Öztürk,Aşkın Öztürk,Esin Banu Öztürk,Aşkın Öztürk & Esin Banu Öztürk (AURA SONİC OFFİCİAL),ac57595b31c9690dee839c99211b17c7f2a06e08a5c25fc5e9171154512db7b2,Kane Marten-kane_05_good_plate_A.wav,4:00,2026-08-13,2026-08-31,UNRELEASED
kane 05 good plate B,Kane Marten,Aşkın Öztürk,Aşkın Öztürk,Esin Banu Öztürk,Aşkın Öztürk & Esin Banu Öztürk (AURA SONİC OFFİCİAL),4bc3d9a5aec188d6a180834a0aaa0e08f3b068eeaf69d7f288380dd0274cd0b1,Kane Marten-kane_05_good_plate_B.wav,3:07,2026-08-13,2026-08-31,UNRELEASED
kane 06 last train A,Kane Marten,Aşkın Öztürk,Aşkın Öztürk,Esin Banu Öztürk,Aşkın Öztürk & Esin Banu Öztürk (AURA SONİC OFFİCİAL),4ce9f868a2870400852e61a6ea775d959da84c8c470469b4ff85a7eede304768,Kane Marten-kane_06_last_train_A.wav,3:29,2026-08-13,2026-08-31,UNRELEASED
kane 06 last train B,Kane Marten,Aşkın Öztürk,Aşkın Öztürk,Esin Banu Öztürk,Aşkın Öztürk & Esin Banu Öztürk (AURA SONİC OFFİCİAL),64cac609746f5b1c28b0eafcfb5416cfb8517e5d824f7ad168ce8b4d9ae92931,Kane Marten-kane_06_last_train_B.wav,3:29,2026-08-13,2026-08-31,UNRELEASED
kane 07 break A,Kane Marten,Aşkın Öztürk,Aşkın Öztürk,Esin Banu Öztürk,Aşkın Öztürk & Esin Banu Öztürk (AURA SONİC OFFİCİAL),c05458e1a1621c286cd647f63bb3f4af4082c4adeba1fd82ae7cd6ad9b79e3d6,Kane Marten-kane_07_clean_break_A.wav,4:00,2026-08-13,2026-08-31,UNRELEASED
kane 07 break B,Kane Marten,Aşkın Öztürk,Aşkın Öztürk,Esin Banu Öztürk,Aşkın Öztürk & Esin Banu Öztürk (AURA SONİC OFFİCİAL),8c1a900f1485575315cf4627d09a3e05916a4b5ba77ad2d0e0c7aab558cef4c6,Kane Marten-kane_07_clean_break_B.wav,4:00,2026-08-13,2026-08-31,UNRELEASED
kane 07 break.txt,Kane Marten,Aşkın Öztürk,Aşkın Öztürk,Esin Banu Öztürk,Aşkın Öztürk & Esin Banu Öztürk (AURA SONİC OFFİCİAL),8c1a900f1485575315cf4627d09a3e05916a4b5ba77ad2d0e0c7aab558cef4c6,Kane Marten-kane_07_clean_break.txt.wav,4:00,2026-08-13,2026-08-31,UNRELEASED
kane 08 room 304 A,Kane Marten,Aşkın Öztürk,Aşkın Öztürk,Esin Banu Öztürk,Aşkın Öztürk & Esin Banu Öztürk (AURA SONİC OFFİCİAL),4c4c1bdabfb12217b4342c9d207466bb95909f2db3626c2057c9b8c6a5eb276f,Kane Marten-kane_08_room_304_A.wav,3:59,2026-08-13,2026-08-31,UNRELEASED
kane 08 room 304 B,Kane Marten,Aşkın Öztürk,Aşkın Öztürk,Esin Banu Öztürk,Aşkın Öztürk & Esin Banu Öztürk (AURA SONİC OFFİCİAL),8cdc481f9ea02409378fe30896b364a25105dbb9c446b09ee616804fde1b4d13,Kane Marten-kane_08_room_304_B.wav,4:00,2026-08-13,2026-08-31,UNRELEASED
Boğuyor Sevdiklerimiz,Lara,Aşkın Öztürk,Aşkın Öztürk,Esin Banu Öztürk,Aşkın Öztürk & Esin Banu Öztürk (AURA SONİC OFFİCİAL),52fc7c30d73e821ceb2413e2c62174cb138faa6370c4a403bc35665d33ec51eb,sarki.wav,3:57,2026-05-30,2026-08-08,UNRELEASED
Elveda,Lara,Aşkın Öztürk,Aşkın Öztürk,Esin Banu Öztürk,Aşkın Öztürk & Esin Banu Öztürk (AURA SONİC OFFİCİAL),56941bf9ff35b9293234b4496afe7d2b85383f7eefb9f2ceaa9e6083bfd8bb18,LARA-Elveda.wav,2:59,2026-08-14,2026-08-31,UNRELEASED
Eveda,Lara,Aşkın Öztürk,Aşkın Öztürk,Esin Banu Öztürk,Aşkın Öztürk & Esin Banu Öztürk (AURA SONİC OFFİCİAL),aaf800ec803b433c70c049126a36367deedf0cb1be569e49c9203a3f52c31476,LARA-Eveda.mp3,2:59,2026-06-27,2026-08-08,UNRELEASED
KÜL OLSUN11,Lara,Aşkın Öztürk,Aşkın Öztürk,Esin Banu Öztürk,Aşkın Öztürk & Esin Banu Öztürk (AURA SONİC OFFİCİAL),ca40b57485e2f640f5535c6db24f5dd5c5460944ea66448f812570953dc6b63f,KÜL OLSUN11.wav,4:22,2026-04-14,2026-08-08,UNRELEASED
Seni Affedemem,Lara,Aşkın Öztürk,Aşkın Öztürk,Esin Banu Öztürk,Aşkın Öztürk & Esin Banu Öztürk (AURA SONİC OFFİCİAL),52fc7c30d73e821ceb2413e2c62174cb138faa6370c4a403bc35665d33ec51eb,sarki.wav,3:57,2026-05-30,2026-08-08,UNRELEASED
YAR DEMEDİN,Lara,Aşkın Öztürk,Aşkın Öztürk,Esin Banu Öztürk,Aşkın Öztürk & Esin Banu Öztürk (AURA SONİC OFFİCİAL),c6850b15e282235ab0556b41bf5b13e1c82aa698789373e5aa1ba15f8f7a0700,sarki.wav,7:51,2026-06-12,2026-08-08,UNRELEASED
YARA BENİ,Lara,Aşkın Öztürk,Aşkın Öztürk,Esin Banu Öztürk,Aşkın Öztürk & Esin Banu Öztürk (AURA SONİC OFFİCİAL),397d2e7a6f4b1aed480afac090882116440857dbf4d7a788f89502494eef08a1, clean_YARA BENİ (1).wav,7:51,2026-05-30,2026-08-08,UNRELEASED
YORGUN,Lara,Aşkın Öztürk,Aşkın Öztürk,Esin Banu Öztürk,Aşkın Öztürk & Esin Banu Öztürk (AURA SONİC OFFİCİAL),93a771d3ccbe5373a805f765112bc25eee6f0950885c7b04d84ec73851de0fda,sarki.wav,5:19,2026-06-12,2026-08-08,UNRELEASED
YORGUNum abe,Lara,Aşkın Öztürk,Aşkın Öztürk,Esin Banu Öztürk,Aşkın Öztürk & Esin Banu Öztürk (AURA SONİC OFFİCİAL),9e3151e3af20514208278276bdd7809ab5b3ba387a3ffe0d425def30bffdc03d, clean_YORGUNum abe.wav,5:16,2026-05-30,2026-08-08,UNRELEASED
acılara tutunmak,Lara,Aşkın Öztürk,Aşkın Öztürk,Esin Banu Öztürk,Aşkın Öztürk & Esin Banu Öztürk (AURA SONİC OFFİCİAL),9494eea0646b40b182039fc45ae45388b1ed1a90a5e8190368e784b3fc2beda2, clean_acılara tutunmak.wav,4:31,2026-06-11,2026-08-08,UNRELEASED
vay 2,Lara,Aşkın Öztürk,Aşkın Öztürk,Esin Banu Öztürk,Aşkın Öztürk & Esin Banu Öztürk (AURA SONİC OFFİCİAL),cd6db89812ee7c299747e8d215495aadc05416096ed84406b3293700d32b93ef,sarki.wav,3:57,2026-06-12,2026-08-08,UNRELEASED
— ALEGRIAAAAA!,Lara,Aşkın Öztürk,Aşkın Öztürk,Esin Banu Öztürk,Aşkın Öztürk & Esin Banu Öztürk (AURA SONİC OFFİCİAL),5378ecab6ac50f24f7fb8e66cc74efac295af630f262a11d0e75af797cbf7416,LARA — ALEGRIAAAAA!.wav,3:16,2026-08-13,2026-08-08,UNRELEASED
SAGE-DIMELO OTRA VEZ (DANCE HIT VERSION),Lyra Sage,Aşkın Öztürk,Aşkın Öztürk,Esin Banu Öztürk,Aşkın Öztürk & Esin Banu Öztürk (AURA SONİC OFFİCİAL),36e08d66e2f46d7fb6a27d4114e15d4176505c9b727136177b9a20f173ee87ea,LYRA SAGE-DIMELO OTRA VEZ (DANCE HIT VERSION).wav,3:04,2026-08-13,2026-08-31,UNRELEASED
SAGE-FUEGO Y PALMAS (FESTIVAL DANCE VERSION,Lyra Sage,Aşkın Öztürk,Aşkın Öztürk,Esin Banu Öztürk,Aşkın Öztürk & Esin Banu Öztürk (AURA SONİC OFFİCİAL),8cb9e77727a01a71272a34a0c271857913c08bf69a20def37ff6dcbe6db89721,LYRA SAGE-FUEGO Y PALMAS (FESTIVAL DANCE VERSION.wav,2:37,2026-08-13,2026-08-31,UNRELEASED
MEL DONT CALL IT PARI,Maria Mel,Aşkın Öztürk,Aşkın Öztürk,Esin Banu Öztürk,Aşkın Öztürk & Esin Banu Öztürk (AURA SONİC OFFİCİAL),054755f6721f1baf265edd0b5772cfd4d22dc2c8a635b2a6b010623af905ca85,MARIA MEL DONT CALL IT PARI.mp3,3:49,2026-08-04,2026-08-08,UNRELEASED
MEL — L'ORAGE EN ROUGE,Maria Mel,Aşkın Öztürk,Aşkın Öztürk,Esin Banu Öztürk,Aşkın Öztürk & Esin Banu Öztürk (AURA SONİC OFFİCİAL),bb13e54959fac4579415ded30bd9bcfa19a4bd4ef2961c77fa77589391cdb3d4,MARIA MEL — L'ORAGE EN ROUGE (1).wav,4:19,2026-08-13,2026-08-08,UNRELEASED
MEL — PARIS NE DORT PAS,Maria Mel,Aşkın Öztürk,Aşkın Öztürk,Esin Banu Öztürk,Aşkın Öztürk & Esin Banu Öztürk (AURA SONİC OFFİCİAL),1712d61be9aa4d5fe297e15970549c8dec055aedf5075b6a135336a89bbcac17,MARIA MEL — PARIS NE DORT PAS.wav,3:56,2026-08-14,2026-08-31,UNRELEASED
MEL-MARÉ DE VERÃO,Maria Mel,Aşkın Öztürk,Aşkın Öztürk,Esin Banu Öztürk,Aşkın Öztürk & Esin Banu Öztürk (AURA SONİC OFFİCİAL),d30224e9963b6d5b50e27459bf02cc2e47c5f84a4c03bb7857abdad19b0feba1,MARİA MEL-MARÉ DE VERÃO.wav,4:09,2026-08-11,2026-08-08,UNRELEASED
MEL-SATÉLITE DE AMOR,Maria Mel,Aşkın Öztürk,Aşkın Öztürk,Esin Banu Öztürk,Aşkın Öztürk & Esin Banu Öztürk (AURA SONİC OFFİCİAL),6c022d448814dee7a256bbd5e8e0e366fbf73a9b76267aebb54a53ea4b29298b,MARİA MEL-SATÉLITE DE AMOR.wav,4:40,2026-08-11,2026-08-31,UNRELEASED
MAÇVEN GURİ,Merter Tan,Aşkın Öztürk,Aşkın Öztürk,Esin Banu Öztürk,Aşkın Öztürk & Esin Banu Öztürk (AURA SONİC OFFİCİAL),dc6654390cf6dd9b1581bc57876fe9aca1e4e560127c0234cf6564bfc195ab0d,MERTER TAN - MAÇVEN GURİ.mp3,4:34,2026-07-18,2026-08-08,UNRELEASED
NAVÊ MIN JI TELEFONÊ JÊBIR,Merter Tan,Aşkın Öztürk,Aşkın Öztürk,Esin Banu Öztürk,Aşkın Öztürk & Esin Banu Öztürk (AURA SONİC OFFİCİAL),530a80301f0b55d592966c008708ce2b02495df253675fabe6dd252de6c0b7af,MERTER TAN - NAVÊ MIN JI TELEFONÊ JÊBIR.mp3,4:21,2026-07-18,2026-08-08,UNRELEASED
RÊZÊ QET NEKE,Merter Tan,Aşkın Öztürk,Aşkın Öztürk,Esin Banu Öztürk,Aşkın Öztürk & Esin Banu Öztürk (AURA SONİC OFFİCİAL),91064fc03fd48102a94a886a36cb67145ace17feef63624a3bed65e8ab71ef31,MERTER TAN - RÊZÊ QET NEKE.mp3,4:12,2026-07-18,2026-08-08,UNRELEASED
TU NE HATÎ EZ JÎ NE MAM,Merter Tan,Aşkın Öztürk,Aşkın Öztürk,Esin Banu Öztürk,Aşkın Öztürk & Esin Banu Öztürk (AURA SONİC OFFİCİAL),a055f758145f4cf3a84e91c7eabdc78e6fb6493e6d672a5b9ded34bffaae914f,MERTER TAN - TU NE HATÎ EZ JÎ NE MAM.mp3,4:39,2026-07-18,2026-08-08,UNRELEASED
AUDIO 0 17,Nairo Velan,Aşkın Öztürk,Aşkın Öztürk,Esin Banu Öztürk,Aşkın Öztürk & Esin Banu Öztürk (AURA SONİC OFFİCİAL),c20740b601d2c2938776e37afbcc33fda1e062c410ac762e10f8c6fbd009663b,24-07-26-NAIRO VELAN-AUDIO 0_17.wav,3:09,2026-08-10,2026-08-08,UNRELEASED
MEDIANOCHE AZUL,Naxo Veyra,Aşkın Öztürk,Aşkın Öztürk,Esin Banu Öztürk,Aşkın Öztürk & Esin Banu Öztürk (AURA SONİC OFFİCİAL),74bac1b860402736b8f11a00c2fa8097fb21736887bddc24178be1346e0bdeb0,MEDIANOCHE AZUL (1).wav,3:09,2026-06-11,2026-08-08,UNRELEASED
Pégate Más,Naxo Veyra,Aşkın Öztürk,Aşkın Öztürk,Esin Banu Öztürk,Aşkın Öztürk & Esin Banu Öztürk (AURA SONİC OFFİCİAL),bcee9112248add8c454e1c1aeebcc7aff427815d9d02a9b45d0dba4bc18ba3ab,sarki.wav,3:09,2026-06-12,2026-08-08,UNRELEASED
VEYRA-ISLA MAGNÉTICA,Naxo Veyra,Aşkın Öztürk,Aşkın Öztürk,Esin Banu Öztürk,Aşkın Öztürk & Esin Banu Öztürk (AURA SONİC OFFİCİAL),5a2515d36a6b0516df3e347168ab4296bb533363ac72a1506a646ebf5602a215,NAXO VEYRA-ISLA MAGNÉTICA.wav,7:59,2026-08-11,2026-08-31,UNRELEASED
VEYRA-MEDIANOCHE AZUL,Naxo Veyra,Aşkın Öztürk,Aşkın Öztürk,Esin Banu Öztürk,Aşkın Öztürk & Esin Banu Öztürk (AURA SONİC OFFİCİAL),3734c96e3a4902ca93060dfb4ab7e6247fac9e6599d716b1313ac7643ebbc3c8,NAXO VEYRA-MEDIANOCHE AZUL.wav,3:09,2026-08-11,2026-08-31,UNRELEASED
let-me-move,Naxo Veyra,Aşkın Öztürk,Aşkın Öztürk,Esin Banu Öztürk,Aşkın Öztürk & Esin Banu Öztürk (AURA SONİC OFFİCİAL),98489377ef5e5f21d2e4e9ec520a9dd138ec39c374966808750335e765d8125a,let-me-move.wav,3:34,2026-06-08,2026-08-08,UNRELEASED
DONT KNOCK TWICE,Neil Daren,Aşkın Öztürk,Aşkın Öztürk,Esin Banu Öztürk,Aşkın Öztürk & Esin Banu Öztürk (AURA SONİC OFFİCİAL),846cdf4476bc9a375ef38e3c51ec3ee4d076d12b8d330dee145f31aec3fba13b, clean_30-08-26-Neil Daren-DONT KNOCK TWICE.mp3,4:32,2026-08-30,2026-08-31,UNRELEASED
BOX MARKED WINTER SHOES,Nyra Vex,Aşkın Öztürk,Aşkın Öztürk,Esin Banu Öztürk,Aşkın Öztürk & Esin Banu Öztürk (AURA SONİC OFFİCİAL),83db56046608fd7a22aab695f1fcbe5873a70e925ccc517a1e079b728ee1b8c4, clean_24-07-26-NYRA VEX- BOX MARKED WINTER SHOES.mp3,3:10,2026-07-24,2026-08-08,UNRELEASED
ONE CHAIR LOWER,Nyra Vex,Aşkın Öztürk,Aşkın Öztürk,Esin Banu Öztürk,Aşkın Öztürk & Esin Banu Öztürk (AURA SONİC OFFİCİAL),ad1e96c835ee8fba9ce1f9a8ed5265ea0f9698b0d2b7acb0896e8ebd3a38bb7d, clean_24-07-26-NYRA VEX- ONE CHAIR LOWER.mp3,3:09,2026-07-24,2026-08-08,UNRELEASED
PENS IN YOUR MUG,Nyra Vex,Aşkın Öztürk,Aşkın Öztürk,Esin Banu Öztürk,Aşkın Öztürk & Esin Banu Öztürk (AURA SONİC OFFİCİAL),b2194c4a6b7aff334bec5be860842eb984e4a74fcaca6323ca32ca786086aa80, clean_24-07-26-NYRA VEX- PENS IN YOUR MUG.mp3,3:09,2026-07-24,2026-08-08,UNRELEASED
THE STREET STAYED ON,Nyra Vex,Aşkın Öztürk,Aşkın Öztürk,Esin Banu Öztürk,Aşkın Öztürk & Esin Banu Öztürk (AURA SONİC OFFİCİAL),dc0f846793bd5fe3430189e695237fee1883db41cde6484265c1b72f4ce60f68, clean_24-07-26-NYRA VEX- THE STREET STAYED ON.mp3,3:10,2026-07-24,2026-08-08,UNRELEASED
YOU INVENTED THE HALO,Nyra Vex,Aşkın Öztürk,Aşkın Öztürk,Esin Banu Öztürk,Aşkın Öztürk & Esin Banu Öztürk (AURA SONİC OFFİCİAL),3270810b020cdefebb786453a5dc837645cbb77a70da505c881bb62825b7fd08, clean_24-07-26-NYRA VEX- YOU INVENTED THE HALO.mp3,3:09,2026-07-24,2026-08-08,UNRELEASED
KENDİME RAĞMEN (Lead Vocal),Seray Şanlı,Aşkın Öztürk,Aşkın Öztürk,Esin Banu Öztürk,Aşkın Öztürk & Esin Banu Öztürk (AURA SONİC OFFİCİAL),fcd723fc77cd0e5adba663b15f0da8f602a04d7ebc408d121d1e72f710532706,SERAY ŞANLI-KENDİME RAĞMEN (Lead Vocal).wav,4:12,2026-07-21,2026-08-08,UNRELEASED
YARININ SÖZÜ YOK (Lead Vocal),Seray Şanlı,Aşkın Öztürk,Aşkın Öztürk,Esin Banu Öztürk,Aşkın Öztürk & Esin Banu Öztürk (AURA SONİC OFFİCİAL),26f521ec48b30e46a355f7cdba58d7e9ad884c2b38ef8ed6707352bc0f436d43,SERAY ŞANLI-YARININ SÖZÜ YOK (Lead Vocal).wav,4:54,2026-07-21,2026-08-08,UNRELEASED
— TERSİNE,Seray Şanlı,Aşkın Öztürk,Aşkın Öztürk,Esin Banu Öztürk,Aşkın Öztürk & Esin Banu Öztürk (AURA SONİC OFFİCİAL),8d0f7ad6f35ade9018f2f648f40672efc41836ced217b688d3089986fc499cb3,SERAY ŞANLI — TERSİNE.wav,3:00,2026-09-05,2026-09-06,UNRELEASED
— İÇİMDE KALMADIN,Seray Şanlı,Aşkın Öztürk,Aşkın Öztürk,Esin Banu Öztürk,Aşkın Öztürk & Esin Banu Öztürk (AURA SONİC OFFİCİAL),dc6a827c5b4500e19b9d3fc2d8eea01d2b53980275c236b9b9e7346f057dd468,SERAY ŞANLI — İÇİMDE KALMADIN.wav,2:59,2026-09-05,2026-09-06,UNRELEASED
1 Backing Vocals,Vael Cross,Aşkın Öztürk,Aşkın Öztürk,Esin Banu Öztürk,Aşkın Öztürk & Esin Banu Öztürk (AURA SONİC OFFİCİAL),5c3dbc43d6247fb6f639e9e6eaa9865353785425094c95056ffaff1bb2768eeb,1 Backing Vocals.mp3,4:01,2026-07-09,2026-08-08,UNRELEASED
2 Drums,Vael Cross,Aşkın Öztürk,Aşkın Öztürk,Esin Banu Öztürk,Aşkın Öztürk & Esin Banu Öztürk (AURA SONİC OFFİCİAL),5fa18a71499a07d92186a6739cb2620b0f8cd8a63d4090694a3832e908574a53,2 Drums.mp3,4:01,2026-07-09,2026-08-08,UNRELEASED
3 Bass,Vael Cross,Aşkın Öztürk,Aşkın Öztürk,Esin Banu Öztürk,Aşkın Öztürk & Esin Banu Öztürk (AURA SONİC OFFİCİAL),c0b88244e610800e7c5de84e6ad1b7ace788266264bbca35e8fabcb6e4cac667,3 Bass.mp3,4:01,2026-07-09,2026-08-08,UNRELEASED
4 Guitar,Vael Cross,Aşkın Öztürk,Aşkın Öztürk,Esin Banu Öztürk,Aşkın Öztürk & Esin Banu Öztürk (AURA SONİC OFFİCİAL),0489ccecc138eade71bc7bd2ea49544afc038f082711b43b6e5207b5a1a9f900,4 Guitar.mp3,4:01,2026-07-09,2026-08-08,UNRELEASED
5 Keyboard,Vael Cross,Aşkın Öztürk,Aşkın Öztürk,Esin Banu Öztürk,Aşkın Öztürk & Esin Banu Öztürk (AURA SONİC OFFİCİAL),b87f0235d461764022f605db6b0fbf0bf1ed18076ca609132a66da998403875f,5 Keyboard.mp3,4:01,2026-07-09,2026-08-08,UNRELEASED
7 Synth,Vael Cross,Aşkın Öztürk,Aşkın Öztürk,Esin Banu Öztürk,Aşkın Öztürk & Esin Banu Öztürk (AURA SONİC OFFİCİAL),660106334f77a3632407414da66c441c1fe124bbbbedd99faac7e7c568b04033,7 Synth.mp3,4:01,2026-07-09,2026-08-08,UNRELEASED
8 Other,Vael Cross,Aşkın Öztürk,Aşkın Öztürk,Esin Banu Öztürk,Aşkın Öztürk & Esin Banu Öztürk (AURA SONİC OFFİCİAL),e66f61aec4369fa10c2ff1cd3e8fc6368171b28736a916258263624a5081753c,8 Other.mp3,4:01,2026-07-09,2026-08-08,UNRELEASED
AFTER THE GLORY1,Vael Cross,Aşkın Öztürk,Aşkın Öztürk,Esin Banu Öztürk,Aşkın Öztürk & Esin Banu Öztürk (AURA SONİC OFFİCİAL),e7d513a9b6c6763d55f7a7a5f0c4a11724448681193f7c2892eafb473a7a2b3a, clean_AFTER THE GLORY1.wav,5:07,2026-05-30,2026-08-08,UNRELEASED
AURASONIC SISTEM MASTER,Vael Cross,Aşkın Öztürk,Aşkın Öztürk,Esin Banu Öztürk,Aşkın Öztürk & Esin Banu Öztürk (AURA SONİC OFFİCİAL),15fb4cfbe4f4aee227d671cd41b246d4001d697997078ba2ece431793e5053f4,AURASONIC_SISTEM_MASTER.wav,3:58,2026-07-14,2026-08-08,UNRELEASED
AURASONIC SISTEM MASTER MIDI,Vael Cross,Aşkın Öztürk,Aşkın Öztürk,Esin Banu Öztürk,Aşkın Öztürk & Esin Banu Öztürk (AURA SONİC OFFİCİAL),af54191b221b315902ba2477376b9786dd0c878c477debcad64d9bee25a0b818,AURASONIC_SISTEM_MASTER_CLEAN_MIDI.wav,3:58,2026-07-14,2026-08-08,UNRELEASED
BAND TEK A bizimzincir,Vael Cross,Aşkın Öztürk,Aşkın Öztürk,Esin Banu Öztürk,Aşkın Öztürk & Esin Banu Öztürk (AURA SONİC OFFİCİAL),9c83006110cbe7344872144896b7d241dbe8c579d82ee113d0bda63d72affaa9,BAND_TEK_A_bizimzincir.wav,4:02,2026-07-09,2026-08-08,UNRELEASED
BAND TEK B ham,Vael Cross,Aşkın Öztürk,Aşkın Öztürk,Esin Banu Öztürk,Aşkın Öztürk & Esin Banu Öztürk (AURA SONİC OFFİCİAL),9001093a0a325f376392f5c65c710b0d586f62b9704732acc94e7b80862bc3b1,BAND_TEK_B_ham.wav,4:02,2026-07-09,2026-08-08,UNRELEASED
BAS YENI TEST,Vael Cross,Aşkın Öztürk,Aşkın Öztürk,Esin Banu Öztürk,Aşkın Öztürk & Esin Banu Öztürk (AURA SONİC OFFİCİAL),b6338f5fd4d16cfc09d590184372c18ea1c5dd6ccc58a116d7fb864bb00dbe6f,BAS_YENI_TEST.wav,4:01,2026-07-14,2026-08-08,UNRELEASED
BASS REBUILT,Vael Cross,Aşkın Öztürk,Aşkın Öztürk,Esin Banu Öztürk,Aşkın Öztürk & Esin Banu Öztürk (AURA SONİC OFFİCİAL),eaa1ca9d342da6f3483309c81b5dcca784307449302fbb2aa31490bf9f4abe27,BASS_REBUILT.wav,4:02,2026-07-09,2026-08-08,UNRELEASED
CODEX V1 ILK,Vael Cross,Aşkın Öztürk,Aşkın Öztürk,Esin Banu Öztürk,Aşkın Öztürk & Esin Banu Öztürk (AURA SONİC OFFİCİAL),274375685976c54b52cb52f5b55c505556536578814e27e18f9cadad9212fd7f,CODEX_V1_ILK.wav,4:02,2026-07-08,2026-08-08,UNRELEASED
CROSS - Heaven Looked Better On You (PORSCHE DAGITIM 16bit),Vael Cross,Aşkın Öztürk,Aşkın Öztürk,Esin Banu Öztürk,Aşkın Öztürk & Esin Banu Öztürk (AURA SONİC OFFİCİAL),6446447c122ddcb6ae265034d9ada75889fe70bd330a0181accaaa2fea1d998c,VAEL CROSS - Heaven Looked Better On You (PORSCHE DAGITIM 16bit).wav,4:02,2026-07-08,2026-08-08,UNRELEASED
CROSS - Heaven Looked Better On You (PORSCHE MASTER 24bit),Vael Cross,Aşkın Öztürk,Aşkın Öztürk,Esin Banu Öztürk,Aşkın Öztürk & Esin Banu Öztürk (AURA SONİC OFFİCİAL),57a9b6343e174a220307ad9b22d8c1bf86c666590b2a4fee579a934a98ce9909,VAEL CROSS - Heaven Looked Better On You (PORSCHE MASTER 24bit).wav,4:02,2026-07-08,2026-08-08,UNRELEASED
CROSS-Shattered Inside,Vael Cross,Aşkın Öztürk,Aşkın Öztürk,Esin Banu Öztürk,Aşkın Öztürk & Esin Banu Öztürk (AURA SONİC OFFİCİAL),8f70528e40a407135c6b779ca9018b7c3bd397b0d9608f975d351579b815ff75,VAEL CROSS-Shattered Inside.mp3,3:52,2026-03-21,2026-08-08,UNRELEASED
Cross Riot Heart Master-hhhh,Vael Cross,Aşkın Öztürk,Aşkın Öztürk,Esin Banu Öztürk,Aşkın Öztürk & Esin Banu Öztürk (AURA SONİC OFFİCİAL),e08a253c273094ea5e095897a5391c0688c47584a7827ac5d129909d28fcdef4,Vael_Cross_Riot_Heart_Master-hhhh.wav,4:19,2026-05-26,2026-08-08,UNRELEASED
DAGITIM 16bit REAMP,Vael Cross,Aşkın Öztürk,Aşkın Öztürk,Esin Banu Öztürk,Aşkın Öztürk & Esin Banu Öztürk (AURA SONİC OFFİCİAL),2862ecf9ec5d470bbdd0c5e662da80b67d93d349fd77d3dd9bd8290d99f3086d,DAGITIM_16bit_REAMP.wav,4:01,2026-07-06,2026-08-08,UNRELEASED
DAVUL YENI TEST,Vael Cross,Aşkın Öztürk,Aşkın Öztürk,Esin Banu Öztürk,Aşkın Öztürk & Esin Banu Öztürk (AURA SONİC OFFİCİAL),f4d24de4cd08b85965ff702d4eccea43a10daade98cbbe174406832b60601b9f,DAVUL_YENI_TEST.wav,4:01,2026-07-14,2026-08-08,UNRELEASED
DRUMS REBUILT,Vael Cross,Aşkın Öztürk,Aşkın Öztürk,Esin Banu Öztürk,Aşkın Öztürk & Esin Banu Öztürk (AURA SONİC OFFİCİAL),5a2e5575f7711292ef167271dd539cffef89527c9578d1e28c638c249566ce30,DRUMS_REBUILT.wav,4:02,2026-07-09,2026-08-08,UNRELEASED
GITAR ANA TEST,Vael Cross,Aşkın Öztürk,Aşkın Öztürk,Esin Banu Öztürk,Aşkın Öztürk & Esin Banu Öztürk (AURA SONİC OFFİCİAL),4a59be9c84a6ce178232d71645ed5313175f3b1fbd3898eef3c2cabf4d837622,GITAR_ANA_TEST.wav,4:01,2026-07-09,2026-08-08,UNRELEASED
GITAR RITIM PERFORM TEST,Vael Cross,Aşkın Öztürk,Aşkın Öztürk,Esin Banu Öztürk,Aşkın Öztürk & Esin Banu Öztürk (AURA SONİC OFFİCİAL),f78a10eb823b34b23d18dfc42b6941180b463872dde4a4b07aeb96937776e2e8,GITAR_RITIM_PERFORM_TEST.wav,4:01,2026-07-14,2026-08-08,UNRELEASED
GITAR RITIM TEST,Vael Cross,Aşkın Öztürk,Aşkın Öztürk,Esin Banu Öztürk,Aşkın Öztürk & Esin Banu Öztürk (AURA SONİC OFFİCİAL),c6fb268bf6c4ce6adaf961834b83bdb4ea291eb0d9fe6d346983e498f529eb59,GITAR_RITIM_TEST.wav,4:01,2026-07-09,2026-08-08,UNRELEASED
GITAR SOLO PERFORM TEST,Vael Cross,Aşkın Öztürk,Aşkın Öztürk,Esin Banu Öztürk,Aşkın Öztürk & Esin Banu Öztürk (AURA SONİC OFFİCİAL),85a7d37a3f0fd135fe83b88dd4c20b4609608a726787f7619b10d8031a22d63c,GITAR_SOLO_PERFORM_TEST.wav,4:01,2026-07-14,2026-08-08,UNRELEASED
GITAR SOLO TEST,Vael Cross,Aşkın Öztürk,Aşkın Öztürk,Esin Banu Öztürk,Aşkın Öztürk & Esin Banu Öztürk (AURA SONİC OFFİCİAL),f138cd065d99fe9695f029848a4bf8133182b6955aac3f4fee1097372dcb0297,GITAR_SOLO_TEST.wav,4:01,2026-07-09,2026-08-08,UNRELEASED
GITAR YENI TEST,Vael Cross,Aşkın Öztürk,Aşkın Öztürk,Esin Banu Öztürk,Aşkın Öztürk & Esin Banu Öztürk (AURA SONİC OFFİCİAL),d2fe7e8ae04d4a3b7f78678ba23c74b0366b0822209df18557b005e73c772e59,GITAR_YENI_TEST.wav,4:02,2026-07-09,2026-08-08,UNRELEASED
GLASS BONESyeni sözlerle,Vael Cross,Aşkın Öztürk,Aşkın Öztürk,Esin Banu Öztürk,Aşkın Öztürk & Esin Banu Öztürk (AURA SONİC OFFİCİAL),cb8a8fcc16bb5aa33f4c6b28b87dac96dcf59f3fff354170da99845567831c7a, clean_GLASS BONESyeni sözlerle.wav,4:11,2026-05-30,2026-08-08,UNRELEASED
GUITAR REBUILT,Vael Cross,Aşkın Öztürk,Aşkın Öztürk,Esin Banu Öztürk,Aşkın Öztürk & Esin Banu Öztürk (AURA SONİC OFFİCİAL),e914e3d2c8c9959d3e48f4a82f6f7c563428459887fb54a624172a8b934d59c2,GUITAR_REBUILT.wav,4:02,2026-07-09,2026-08-08,UNRELEASED
HEAVEN ELECTRIC GUITAR DECISION v3,Vael Cross,Aşkın Öztürk,Aşkın Öztürk,Esin Banu Öztürk,Aşkın Öztürk & Esin Banu Öztürk (AURA SONİC OFFİCİAL),7e279bb6789fddffc60be1dd9c2f85cd1fbdf845e91c980b3cb2ee4f9e2062ec,HEAVEN_ELECTRIC_GUITAR_DECISION_v3.wav,4:02,2026-07-08,2026-08-08,UNRELEASED
HEAVEN ELECTRIC GUITAR DECISION v3 POP SAVED,Vael Cross,Aşkın Öztürk,Aşkın Öztürk,Esin Banu Öztürk,Aşkın Öztürk & Esin Banu Öztürk (AURA SONİC OFFİCİAL),a86fb83789b4b53e6ff8d71c08d8cdb9f0b1cba59c11c47ff1dc086abbfdf68a,HEAVEN_ELECTRIC_GUITAR_DECISION_v3_POP_SAVED.wav,4:02,2026-07-08,2026-08-08,UNRELEASED
HEAVEN ELECTRIC GUITAR DECISION v3 POP SAVED raw unmastered,Vael Cross,Aşkın Öztürk,Aşkın Öztürk,Esin Banu Öztürk,Aşkın Öztürk & Esin Banu Öztürk (AURA SONİC OFFİCİAL),189e3fecd8070cbc3f6a5c131ec7a397bb747469eefdab893ca10189bf58b741,HEAVEN_ELECTRIC_GUITAR_DECISION_v3_POP_SAVED_raw_unmastered.wav,4:02,2026-07-08,2026-08-08,UNRELEASED
HEAVEN ELECTRIC GUITAR DECISION v3 raw unmastered,Vael Cross,Aşkın Öztürk,Aşkın Öztürk,Esin Banu Öztürk,Aşkın Öztürk & Esin Banu Öztürk (AURA SONİC OFFİCİAL),d38db99e74c714b785d8f874422b49d02525c16abf783b8c8f1b2377d9ca9465,HEAVEN_ELECTRIC_GUITAR_DECISION_v3_raw_unmastered.wav,4:02,2026-07-08,2026-08-08,UNRELEASED
HEAVEN ELECTRIC GUITAR DECISION v3-001,Vael Cross,Aşkın Öztürk,Aşkın Öztürk,Esin Banu Öztürk,Aşkın Öztürk & Esin Banu Öztürk (AURA SONİC OFFİCİAL),e22727dfd11f376295ac066a3d5dedd863831e8bfbe2a16b2fe7e1429e360930,HEAVEN_ELECTRIC_GUITAR_DECISION_v3-001.wav,4:02,2026-07-08,2026-08-08,UNRELEASED
HEAVEN ELECTRIC GUITAR DECISION v3-002,Vael Cross,Aşkın Öztürk,Aşkın Öztürk,Esin Banu Öztürk,Aşkın Öztürk & Esin Banu Öztürk (AURA SONİC OFFİCİAL),189e3fecd8070cbc3f6a5c131ec7a397bb747469eefdab893ca10189bf58b741,HEAVEN_ELECTRIC_GUITAR_DECISION_v3-002.wav,4:02,2026-07-08,2026-08-08,UNRELEASED
HEAVEN FULL REBUILD MASTER,Vael Cross,Aşkın Öztürk,Aşkın Öztürk,Esin Banu Öztürk,Aşkın Öztürk & Esin Banu Öztürk (AURA SONİC OFFİCİAL),8247a464fe6a6468ef56770d7db55c715123f5e22ed1c51571f5eb5e42f4204d,HEAVEN_FULL_REBUILD_MASTER.wav,4:02,2026-07-09,2026-08-08,UNRELEASED
HEAVEN FULL STEM PERFORMANCE PREVIEW v1,Vael Cross,Aşkın Öztürk,Aşkın Öztürk,Esin Banu Öztürk,Aşkın Öztürk & Esin Banu Öztürk (AURA SONİC OFFİCİAL),1fc2a8a6f27af857f66c923871cac63894997b9386804a50e3417bd21d1b2743,HEAVEN_FULL_STEM_PERFORMANCE_PREVIEW_v1.wav,4:02,2026-07-08,2026-08-08,UNRELEASED
HEAVEN FULL STEM PERFORMANCE PREVIEW v1 raw,Vael Cross,Aşkın Öztürk,Aşkın Öztürk,Esin Banu Öztürk,Aşkın Öztürk & Esin Banu Öztürk (AURA SONİC OFFİCİAL),32c5a014808feb76657c0b6ed7fe9903d382883d2013cffd64e67c23fb81dff2,HEAVEN_FULL_STEM_PERFORMANCE_PREVIEW_v1_raw.wav,4:02,2026-07-08,2026-08-08,UNRELEASED
HEAVEN FULL VOCAL INSTRUMENTS BEST RAW v1,Vael Cross,Aşkın Öztürk,Aşkın Öztürk,Esin Banu Öztürk,Aşkın Öztürk & Esin Banu Öztürk (AURA SONİC OFFİCİAL),29d183399c668ac0fcc219d906f4e90e60aefbbe48ca313f886984843e6f22ae,HEAVEN_FULL_VOCAL_INSTRUMENTS_BEST_RAW_v1.wav,4:02,2026-07-08,2026-08-08,UNRELEASED
HEAVEN FULL VOCAL INSTRUMENTS BEST v1,Vael Cross,Aşkın Öztürk,Aşkın Öztürk,Esin Banu Öztürk,Aşkın Öztürk & Esin Banu Öztürk (AURA SONİC OFFİCİAL),ba892e93cbbc2adb78a31cc7ea6719151047a4e2322173539831fef413754bb3,HEAVEN_FULL_VOCAL_INSTRUMENTS_BEST_v1.wav,4:02,2026-07-08,2026-08-08,UNRELEASED
HEAVEN GUITAR ONLY TEST v1,Vael Cross,Aşkın Öztürk,Aşkın Öztürk,Esin Banu Öztürk,Aşkın Öztürk & Esin Banu Öztürk (AURA SONİC OFFİCİAL),2c82c101ad039dd68f02de1d62d9831255bbdc4e76ee09bd57ae4e64790ae059,HEAVEN_GUITAR_ONLY_TEST_v1.wav,1:06,2026-07-09,2026-08-08,UNRELEASED
HEAVEN GUITAR REBUILD v4,Vael Cross,Aşkın Öztürk,Aşkın Öztürk,Esin Banu Öztürk,Aşkın Öztürk & Esin Banu Öztürk (AURA SONİC OFFİCİAL),a5f948492a94d517cd67a67fd77567498fc3481a0dc76eabb05191101ac32d4f,HEAVEN_GUITAR_REBUILD_v4.wav,4:02,2026-07-08,2026-08-08,UNRELEASED
HEAVEN GUITAR REBUILD v4 raw unmastered,Vael Cross,Aşkın Öztürk,Aşkın Öztürk,Esin Banu Öztürk,Aşkın Öztürk & Esin Banu Öztürk (AURA SONİC OFFİCİAL),a73a350fde9686d63ff533b0ce1d80a0781a9bc3a79b0d19538de4a877da2b92,HEAVEN_GUITAR_REBUILD_v4_raw_unmastered.wav,4:02,2026-07-08,2026-08-08,UNRELEASED
HEAVEN MOON GUITAR DECISION v2,Vael Cross,Aşkın Öztürk,Aşkın Öztürk,Esin Banu Öztürk,Aşkın Öztürk & Esin Banu Öztürk (AURA SONİC OFFİCİAL),7af943e44de52f06715ebdd8278228653643893226d7e43fa1a0e75ee66aa8f1,HEAVEN_MOON_GUITAR_DECISION_v2.wav,4:02,2026-07-08,2026-08-08,UNRELEASED
HEAVEN MOON GUITAR DECISION v2 INTRO,Vael Cross,Aşkın Öztürk,Aşkın Öztürk,Esin Banu Öztürk,Aşkın Öztürk & Esin Banu Öztürk (AURA SONİC OFFİCİAL),1b4132e5d5a53f0ab1a10c7cd40681f2cab9865d4070c78f03203710f898c6c6,HEAVEN_MOON_GUITAR_DECISION_v2_INTRO_CLEAN.wav,4:02,2026-07-08,2026-08-08,UNRELEASED
HEAVEN MOON GUITAR DECISION v2 raw unmastered,Vael Cross,Aşkın Öztürk,Aşkın Öztürk,Esin Banu Öztürk,Aşkın Öztürk & Esin Banu Öztürk (AURA SONİC OFFİCİAL),d7e6b6f13c1d7faa7aab1f4d015be72945ba1f7fbd7ed9d994476bc7416d7d21,HEAVEN_MOON_GUITAR_DECISION_v2_raw_unmastered.wav,4:02,2026-07-08,2026-08-08,UNRELEASED
HEAVEN ORIGINAL FULL SONG FROM STEMS PLAY THIS,Vael Cross,Aşkın Öztürk,Aşkın Öztürk,Esin Banu Öztürk,Aşkın Öztürk & Esin Banu Öztürk (AURA SONİC OFFİCİAL),2f6c7b219c76298feecb91246c59deffc30bd697e9d964fb5f95c420f30d967f,HEAVEN_ORIGINAL_FULL_SONG_FROM_STEMS_PLAY_THIS.wav,4:01,2026-07-08,2026-08-08,UNRELEASED
HEAVEN ORIGINAL FULL SONG FROM STEMS RAW SUM,Vael Cross,Aşkın Öztürk,Aşkın Öztürk,Esin Banu Öztürk,Aşkın Öztürk & Esin Banu Öztürk (AURA SONİC OFFİCİAL),0865b89e5019642ca74b5cb1a30bb6609483960635c646419f15db8216b66bdc,HEAVEN_ORIGINAL_FULL_SONG_FROM_STEMS_RAW_SUM.wav,4:01,2026-07-08,2026-08-08,UNRELEASED
HEAVEN PLAY THIS ORIGINAL RAW EXACT v1,Vael Cross,Aşkın Öztürk,Aşkın Öztürk,Esin Banu Öztürk,Aşkın Öztürk & Esin Banu Öztürk (AURA SONİC OFFİCİAL),29d183399c668ac0fcc219d906f4e90e60aefbbe48ca313f886984843e6f22ae,HEAVEN_PLAY_THIS_ORIGINAL_RAW_EXACT_v1.wav,4:02,2026-07-08,2026-08-08,UNRELEASED
HEAVEN PLAY THIS ORIGINAL RAW FADEONLY 4SEC v1,Vael Cross,Aşkın Öztürk,Aşkın Öztürk,Esin Banu Öztürk,Aşkın Öztürk & Esin Banu Öztürk (AURA SONİC OFFİCİAL),7eafbcfe374d8176b8013bb58f46fda03df2032411f52531e56e8189c4c13809,HEAVEN_PLAY_THIS_ORIGINAL_RAW_FADEONLY_4SEC_v1.wav,4:02,2026-07-08,2026-08-08,UNRELEASED
HEAVEN REAL PERFORMANCE PREVIEW v1,Vael Cross,Aşkın Öztürk,Aşkın Öztürk,Esin Banu Öztürk,Aşkın Öztürk & Esin Banu Öztürk (AURA SONİC OFFİCİAL),ba892e93cbbc2adb78a31cc7ea6719151047a4e2322173539831fef413754bb3,HEAVEN_REAL_PERFORMANCE_PREVIEW_v1.wav,4:02,2026-07-08,2026-08-08,UNRELEASED
HEAVEN REAL PERFORMANCE PREVIEW v1 INTRO,Vael Cross,Aşkın Öztürk,Aşkın Öztürk,Esin Banu Öztürk,Aşkın Öztürk & Esin Banu Öztürk (AURA SONİC OFFİCİAL),41456ec4a882caf1e02c1345a2dc3457dcc29222e418d99938615ca802f7b9db,HEAVEN_REAL_PERFORMANCE_PREVIEW_v1_INTRO_CLEAN.wav,4:02,2026-07-08,2026-08-08,UNRELEASED
HEAVEN REAL PERFORMANCE PREVIEW v1 INTRO 4SEC,Vael Cross,Aşkın Öztürk,Aşkın Öztürk,Esin Banu Öztürk,Aşkın Öztürk & Esin Banu Öztürk (AURA SONİC OFFİCİAL),5df6cbdcf5d3df2f866843d46b3605229c40404e2117761fd90cb4a8a99a40f8,HEAVEN_REAL_PERFORMANCE_PREVIEW_v1_INTRO_CLEAN_4SEC.wav,4:02,2026-07-08,2026-08-08,UNRELEASED
HEAVEN REAL PERFORMANCE PREVIEW v1 raw unmastered,Vael Cross,Aşkın Öztürk,Aşkın Öztürk,Esin Banu Öztürk,Aşkın Öztürk & Esin Banu Öztürk (AURA SONİC OFFİCİAL),29d183399c668ac0fcc219d906f4e90e60aefbbe48ca313f886984843e6f22ae,HEAVEN_REAL_PERFORMANCE_PREVIEW_v1_raw_unmastered.wav,4:02,2026-07-08,2026-08-08,UNRELEASED
HEAVEN REAL PERFORMANCE v1,Vael Cross,Aşkın Öztürk,Aşkın Öztürk,Esin Banu Öztürk,Aşkın Öztürk & Esin Banu Öztürk (AURA SONİC OFFİCİAL),b5c0a3abca0a5139eac67fb9636fdc154fa92dcec28f461dacad05c854830319,HEAVEN_REAL_PERFORMANCE_v1.wav,4:02,2026-07-09,2026-08-08,UNRELEASED
HEAVEN REAL PERFORMANCE v1 WITH VOCAL,Vael Cross,Aşkın Öztürk,Aşkın Öztürk,Esin Banu Öztürk,Aşkın Öztürk & Esin Banu Öztürk (AURA SONİC OFFİCİAL),10ad5830d63bd847b6b2f94eba1eb90280f3db7041c318607d91a1d127c8eeac,HEAVEN_REAL_PERFORMANCE_v1_WITH_VOCAL.wav,4:02,2026-07-09,2026-08-08,UNRELEASED
HEAVEN REAL PERFORMANCE v1 WITH VOCAL GUITARFIX,Vael Cross,Aşkın Öztürk,Aşkın Öztürk,Esin Banu Öztürk,Aşkın Öztürk & Esin Banu Öztürk (AURA SONİC OFFİCİAL),bc319f8025a8eaae3c02b03dc5b2a18a3edbe176b0339cb408120f3c5fcc3ec8,HEAVEN_REAL_PERFORMANCE_v1_WITH_VOCAL_GUITARFIX.wav,4:02,2026-07-09,2026-08-08,UNRELEASED
HEAVEN REAL PERFORMANCE v2 NO GUITAR,Vael Cross,Aşkın Öztürk,Aşkın Öztürk,Esin Banu Öztürk,Aşkın Öztürk & Esin Banu Öztürk (AURA SONİC OFFİCİAL),b0529ed830ca348c8e9b34b67e3594e5307126051a981442b799d22aeeace3e5,HEAVEN_REAL_PERFORMANCE_v2_NO_GUITAR.wav,4:02,2026-07-09,2026-08-08,UNRELEASED
HEAVEN REAL PERFORMANCE v2 WITH VOCAL,Vael Cross,Aşkın Öztürk,Aşkın Öztürk,Esin Banu Öztürk,Aşkın Öztürk & Esin Banu Öztürk (AURA SONİC OFFİCİAL),ba58e5b398a5d7fe015f07cb9b19831cdab2153c3221770f846311d3a3a938d1,HEAVEN_REAL_PERFORMANCE_v2_WITH_VOCAL.wav,4:02,2026-07-09,2026-08-08,UNRELEASED
HEAVEN REAL PREVIEW v1,Vael Cross,Aşkın Öztürk,Aşkın Öztürk,Esin Banu Öztürk,Aşkın Öztürk & Esin Banu Öztürk (AURA SONİC OFFİCİAL),274375685976c54b52cb52f5b55c505556536578814e27e18f9cadad9212fd7f,HEAVEN_REAL_PREVIEW_v1.wav,4:02,2026-07-08,2026-08-08,UNRELEASED
HEAVEN REAL PREVIEW v2,Vael Cross,Aşkın Öztürk,Aşkın Öztürk,Esin Banu Öztürk,Aşkın Öztürk & Esin Banu Öztürk (AURA SONİC OFFİCİAL),e11b8de1327be1037e9729ca6183ccb1106af90bcfc0605e793e74e48e6b0281,HEAVEN_REAL_PREVIEW_v2.wav,4:02,2026-07-08,2026-08-08,UNRELEASED
HEAVEN REAL PREVIEW v3,Vael Cross,Aşkın Öztürk,Aşkın Öztürk,Esin Banu Öztürk,Aşkın Öztürk & Esin Banu Öztürk (AURA SONİC OFFİCİAL),8c876118668afae89cc68e2f63dd0ee3cd286d1b058568fb8e0b79c69da7431a,HEAVEN_REAL_PREVIEW_v3.wav,4:02,2026-07-08,2026-08-08,UNRELEASED
HEAVEN REAL PREVIEW v4,Vael Cross,Aşkın Öztürk,Aşkın Öztürk,Esin Banu Öztürk,Aşkın Öztürk & Esin Banu Öztürk (AURA SONİC OFFİCİAL),15963b66b33cdf95d716b48eaf613a4329064f816cab15cbfe48c16c9b1fc4e8,HEAVEN_REAL_PREVIEW_v4.wav,4:02,2026-07-08,2026-08-08,UNRELEASED
HEAVEN SELECTED KEEPER REFERENCE v1 raw unmastered,Vael Cross,Aşkın Öztürk,Aşkın Öztürk,Esin Banu Öztürk,Aşkın Öztürk & Esin Banu Öztürk (AURA SONİC OFFİCİAL),29d183399c668ac0fcc219d906f4e90e60aefbbe48ca313f886984843e6f22ae,HEAVEN_SELECTED_KEEPER_REFERENCE_v1_raw_unmastered.wav,4:02,2026-07-08,2026-08-08,UNRELEASED
HEAVEN SELECTED MASTER CANDIDATE v1,Vael Cross,Aşkın Öztürk,Aşkın Öztürk,Esin Banu Öztürk,Aşkın Öztürk & Esin Banu Öztürk (AURA SONİC OFFİCİAL),757244d233d6aa52d4cda42fc5cebaeebfea4f70f5739544dd31fe75cc2f5ef6,HEAVEN_SELECTED_MASTER_CANDIDATE_v1.wav,4:02,2026-07-08,2026-08-08,UNRELEASED
HEAVEN STEM RECREATE v5,Vael Cross,Aşkın Öztürk,Aşkın Öztürk,Esin Banu Öztürk,Aşkın Öztürk & Esin Banu Öztürk (AURA SONİC OFFİCİAL),2c2d4bf6a24814b38a2ac46333423d1f0843fb0582e9e843ca565f393fd4029d,HEAVEN_STEM_RECREATE_v5.wav,4:02,2026-07-08,2026-08-08,UNRELEASED
HEAVEN STEM RECREATE v5 raw unmastered,Vael Cross,Aşkın Öztürk,Aşkın Öztürk,Esin Banu Öztürk,Aşkın Öztürk & Esin Banu Öztürk (AURA SONİC OFFİCİAL),8bdfec79e8c5c9880cb93ed9c0d721bc37aac35eea8c1c00096a1790b57a38bd,HEAVEN_STEM_RECREATE_v5_raw_unmastered.wav,4:02,2026-07-08,2026-08-08,UNRELEASED
HOLY DAMAGE1,Vael Cross,Aşkın Öztürk,Aşkın Öztürk,Esin Banu Öztürk,Aşkın Öztürk & Esin Banu Öztürk (AURA SONİC OFFİCİAL),57c9d065cde51f8f89861a79c2373489791f4705e198d0be0ebf4c17754a4c25, clean_HOLY DAMAGE1.wav,4:47,2026-05-30,2026-08-08,UNRELEASED
KONTROL 1 PIYANO,Vael Cross,Aşkın Öztürk,Aşkın Öztürk,Esin Banu Öztürk,Aşkın Öztürk & Esin Banu Öztürk (AURA SONİC OFFİCİAL),6141ab7c6477babfd341892e64c72c4e0a13c8d874153bea2f899e77aef6f02a,KONTROL_1_PIYANO.wav,0:18,2026-07-06,2026-08-08,UNRELEASED
KONTROL 2 YAYLILAR,Vael Cross,Aşkın Öztürk,Aşkın Öztürk,Esin Banu Öztürk,Aşkın Öztürk & Esin Banu Öztürk (AURA SONİC OFFİCİAL),3bb44995cff329279a2de0c7ab6d402354c342fac7ac817e0d2b6a222caa7b32,KONTROL_2_YAYLILAR.wav,0:18,2026-07-06,2026-08-08,UNRELEASED
KONTROL 3 BAS,Vael Cross,Aşkın Öztürk,Aşkın Öztürk,Esin Banu Öztürk,Aşkın Öztürk & Esin Banu Öztürk (AURA SONİC OFFİCİAL),aa4cb005440218e9d98cf57c305756bd8fb9501f5f4026499e99ce7e92011bea,KONTROL_3_BAS.wav,0:18,2026-07-06,2026-08-08,UNRELEASED
KONTROL 4 DAVUL,Vael Cross,Aşkın Öztürk,Aşkın Öztürk,Esin Banu Öztürk,Aşkın Öztürk & Esin Banu Öztürk (AURA SONİC OFFİCİAL),9001ca204905840a8889bdec22ddeaa1e124214a44fe368002ed6830b0dae5f5,KONTROL_4_DAVUL.wav,0:18,2026-07-06,2026-08-08,UNRELEASED
MIDNIGHT CINEMA,Vael Cross,Aşkın Öztürk,Aşkın Öztürk,Esin Banu Öztürk,Aşkın Öztürk & Esin Banu Öztürk (AURA SONİC OFFİCİAL),069e851c2b28c17c013c4777b078649fbe983704d61006c74940dc8458325c58, clean_MIDNIGHT CINEMA.wav,1:25,2026-05-30,2026-08-08,UNRELEASED
ONIZLEME ARANJE,Vael Cross,Aşkın Öztürk,Aşkın Öztürk,Esin Banu Öztürk,Aşkın Öztürk & Esin Banu Öztürk (AURA SONİC OFFİCİAL),81a8b91a9239cb0e6c38a55d442d211de5075a1cc1b24a31de5d528d92ea88b1,ONIZLEME_ARANJE.wav,4:01,2026-07-09,2026-08-08,UNRELEASED
ONIZLEME DEGISIM,Vael Cross,Aşkın Öztürk,Aşkın Öztürk,Esin Banu Öztürk,Aşkın Öztürk & Esin Banu Öztürk (AURA SONİC OFFİCİAL),10e4189bc7d6cb79dcbca8568ad2f09bd084ae463c79f13967b07b50602186c9,ONIZLEME_DEGISIM.wav,4:02,2026-07-08,2026-08-08,UNRELEASED
ONIZLEME FULLMIX 5TRACK,Vael Cross,Aşkın Öztürk,Aşkın Öztürk,Esin Banu Öztürk,Aşkın Öztürk & Esin Banu Öztürk (AURA SONİC OFFİCİAL),09ea94cfafca8ba654b4e4af240a8d890a3fb5acca74d1a1c7143a6469ee5160,ONIZLEME_FULLMIX_5TRACK.wav,4:02,2026-07-06,2026-08-08,UNRELEASED
ONIZLEME HAMFULL,Vael Cross,Aşkın Öztürk,Aşkın Öztürk,Esin Banu Öztürk,Aşkın Öztürk & Esin Banu Öztürk (AURA SONİC OFFİCİAL),4fa6121827b72b833cd5930867b7144601a12e18c8ca784b5c29afb33dd093a0,ONIZLEME_HAMFULL.wav,4:01,2026-07-09,2026-08-08,UNRELEASED
ONIZLEME HIBRIT,Vael Cross,Aşkın Öztürk,Aşkın Öztürk,Esin Banu Öztürk,Aşkın Öztürk & Esin Banu Öztürk (AURA SONİC OFFİCİAL),de17e75133e3841915f8cf60126150aa6e5c7af8f24c52df746b3276fe344985,ONIZLEME_HIBRIT.wav,4:02,2026-07-08,2026-08-08,UNRELEASED
ONIZLEME HUMAN,Vael Cross,Aşkın Öztürk,Aşkın Öztürk,Esin Banu Öztürk,Aşkın Öztürk & Esin Banu Öztürk (AURA SONİC OFFİCİAL),731f0cb4d899d953881b8b8e7870704d754118611d577cf8f974dbc0d35d8c97,ONIZLEME_HUMAN.wav,4:01,2026-07-09,2026-08-08,UNRELEASED
ONIZLEME MATCHED,Vael Cross,Aşkın Öztürk,Aşkın Öztürk,Esin Banu Öztürk,Aşkın Öztürk & Esin Banu Öztürk (AURA SONİC OFFİCİAL),5d08f45128ec7348118d6d9a0d73451fac5194637269341f62439527d7b50bf3,ONIZLEME_MATCHED.wav,4:01,2026-07-09,2026-08-08,UNRELEASED
ONIZLEME PORSCHE,Vael Cross,Aşkın Öztürk,Aşkın Öztürk,Esin Banu Öztürk,Aşkın Öztürk & Esin Banu Öztürk (AURA SONİC OFFİCİAL),aa14ccc33c51dc7493298bbcab0c15f81fc7292217a7b41bb0b09453d0cb4b2d,ONIZLEME_PORSCHE.wav,4:02,2026-07-08,2026-08-08,UNRELEASED
ONIZLEME PORSCHE HAM,Vael Cross,Aşkın Öztürk,Aşkın Öztürk,Esin Banu Öztürk,Aşkın Öztürk & Esin Banu Öztürk (AURA SONİC OFFİCİAL),6f96073e7cfe644945eaec50ef26805829e757370fabff6b179508a80766ff77,ONIZLEME_PORSCHE_HAM.wav,4:02,2026-07-07,2026-08-08,UNRELEASED
ONIZLEME REAMP ORIJINAL,Vael Cross,Aşkın Öztürk,Aşkın Öztürk,Esin Banu Öztürk,Aşkın Öztürk & Esin Banu Öztürk (AURA SONİC OFFİCİAL),0bd6c05ae71f8158a78771106b4e6d5e1eb8e3e1cffb88d3e1d4e754425f0930,ONIZLEME_REAMP_ORIJINAL.wav,4:01,2026-07-06,2026-08-08,UNRELEASED
ONIZLEME YENI,Vael Cross,Aşkın Öztürk,Aşkın Öztürk,Esin Banu Öztürk,Aşkın Öztürk & Esin Banu Öztürk (AURA SONİC OFFİCİAL),484c218babe6703c2f712ea9d4a2be076dd6d6ac54df4ad08a507e1709cb4332,ONIZLEME_YENI.wav,4:01,2026-07-09,2026-08-08,UNRELEASED
PIANO REBUILT,Vael Cross,Aşkın Öztürk,Aşkın Öztürk,Esin Banu Öztürk,Aşkın Öztürk & Esin Banu Öztürk (AURA SONİC OFFİCİAL),a9fbafd2900783b9ecb22e929ddb2e6ebdd14cbb24b83eadfe4c0b9d9c76edd6,PIANO_REBUILT.wav,4:02,2026-07-09,2026-08-08,UNRELEASED
Riot Heart Master 1,Vael Cross,Aşkın Öztürk,Aşkın Öztürk,Esin Banu Öztürk,Aşkın Öztürk & Esin Banu Öztürk (AURA SONİC OFFİCİAL),718bd93aa3e42dc2c8e3235768f79e1cfb2c4940a001089151f90ee68240cded, clean_Riot_Heart_Master_1.wav,0:50,2026-05-30,2026-08-08,UNRELEASED
SOLO 1 PIYANO,Vael Cross,Aşkın Öztürk,Aşkın Öztürk,Esin Banu Öztürk,Aşkın Öztürk & Esin Banu Öztürk (AURA SONİC OFFİCİAL),a6023ed82da905a3a6d9a1584221e3b10ca3043fe7673136722f5664a228a69d,SOLO_1_PIYANO.wav,0:23,2026-07-07,2026-08-08,UNRELEASED
SOLO 2 KEMAN,Vael Cross,Aşkın Öztürk,Aşkın Öztürk,Esin Banu Öztürk,Aşkın Öztürk & Esin Banu Öztürk (AURA SONİC OFFİCİAL),40fcc041c17124267d8686685d0e46d87f80c11e20bbe6bfce8bb92ac84973a7,SOLO_2_KEMAN.wav,0:23,2026-07-07,2026-08-08,UNRELEASED
SOLO 3 DAVUL,Vael Cross,Aşkın Öztürk,Aşkın Öztürk,Esin Banu Öztürk,Aşkın Öztürk & Esin Banu Öztürk (AURA SONİC OFFİCİAL),150a0555f3e58fd741ed0427b7aabb9c044604fe55d3bad293bdab5a82b5172f,SOLO_3_DAVUL.wav,0:23,2026-07-07,2026-08-08,UNRELEASED
SOLO 4 VOKAL,Vael Cross,Aşkın Öztürk,Aşkın Öztürk,Esin Banu Öztürk,Aşkın Öztürk & Esin Banu Öztürk (AURA SONİC OFFİCİAL),76c4a4b5f875076412d1aeb69e8358fcc5fafcabb709dd255661508150cba362,SOLO_4_VOKAL.wav,0:23,2026-07-07,2026-08-08,UNRELEASED
SOLO KONTEKST TEST,Vael Cross,Aşkın Öztürk,Aşkın Öztürk,Esin Banu Öztürk,Aşkın Öztürk & Esin Banu Öztürk (AURA SONİC OFFİCİAL),5de817bc1d8371af184a5843b9fbd98c2fdc04ba52a8217eb58462f76fb7d332,SOLO_KONTEKST_TEST.wav,4:01,2026-07-14,2026-08-08,UNRELEASED
STEM KEYBOARD,Vael Cross,Aşkın Öztürk,Aşkın Öztürk,Esin Banu Öztürk,Aşkın Öztürk & Esin Banu Öztürk (AURA SONİC OFFİCİAL),98d10caf997977880fa0581fe25738f7440358b8d827c83efcb87609d12d014e,STEM_KEYBOARD.wav,4:01,2026-07-14,2026-08-08,UNRELEASED
STRINGS REBUILT,Vael Cross,Aşkın Öztürk,Aşkın Öztürk,Esin Banu Öztürk,Aşkın Öztürk & Esin Banu Öztürk (AURA SONİC OFFİCİAL),463fa46c3fb7c02a29c1bf0d4ae133ab6ff6d4b2d9166edf407128b33f587de2,STRINGS_REBUILT.wav,4:02,2026-07-09,2026-08-08,UNRELEASED
UNDERTOW,Vael Cross,Aşkın Öztürk,Aşkın Öztürk,Esin Banu Öztürk,Aşkın Öztürk & Esin Banu Öztürk (AURA SONİC OFFİCİAL),2e5c558cbaba66dda40366a651310fd2069c70da33bc707f9f16b6487628d829,clean_06-09-26-VAEL CROSS — UNDERTOW.wav,3:22,2026-09-06,2026-09-06,UNRELEASED
VOKAL TEK TEST,Vael Cross,Aşkın Öztürk,Aşkın Öztürk,Esin Banu Öztürk,Aşkın Öztürk & Esin Banu Öztürk (AURA SONİC OFFİCİAL),c59612f8ed6de566b1e9698b2d9fdecf252224a0f4618daac6ee2280346f2ea1,VOKAL_TEK_TEST.wav,4:01,2026-07-09,2026-08-08,UNRELEASED
Vael Cross Riot Heart Master-hhhh,Vael Cross,Aşkın Öztürk,Aşkın Öztürk,Esin Banu Öztürk,Aşkın Öztürk & Esin Banu Öztürk (AURA SONİC OFFİCİAL),f5fe18ccf4f4f41c069d631d59db2050685f8985edea6a0e0ac68486a0f40389, clean_Vael_Cross_Riot_Heart_Master-hhhh.wav,4:19,2026-05-30,2026-08-08,UNRELEASED
bass enhanced,Vael Cross,Aşkın Öztürk,Aşkın Öztürk,Esin Banu Öztürk,Aşkın Öztürk & Esin Banu Öztürk (AURA SONİC OFFİCİAL),4249e0c80522bdafdd81813c3bb0e01a95badfcf043a0e69ba910072df676756,bass_enhanced.wav,4:46,2026-06-03,2026-08-08,UNRELEASED
drums enhanced,Vael Cross,Aşkın Öztürk,Aşkın Öztürk,Esin Banu Öztürk,Aşkın Öztürk & Esin Banu Öztürk (AURA SONİC OFFİCİAL),33b6b981e32030227857f96b8f2a599f827e870dbca78e642f30bcdaf0b6a3b2,drums_enhanced.wav,4:46,2026-06-03,2026-08-08,UNRELEASED
hakan altunTAKILI KALDIM,Vael Cross,Aşkın Öztürk,Aşkın Öztürk,Esin Banu Öztürk,Aşkın Öztürk & Esin Banu Öztürk (AURA SONİC OFFİCİAL),382fc39a2f538000752e5efdf320d04a5759254b98438b3627b0b5929088c7df, clean_hakan altunTAKILI KALDIM.wav,4:04,2026-05-30,2026-08-08,UNRELEASED
no vocals,Vael Cross,Aşkın Öztürk,Aşkın Öztürk,Esin Banu Öztürk,Aşkın Öztürk & Esin Banu Öztürk (AURA SONİC OFFİCİAL),aedb22ebae758ee39a788c9862613a611349da75cde40340e4a69798b293d519,no_vocals.wav,4:01,2026-06-27,2026-08-08,UNRELEASED
other enhanced,Vael Cross,Aşkın Öztürk,Aşkın Öztürk,Esin Banu Öztürk,Aşkın Öztürk & Esin Banu Öztürk (AURA SONİC OFFİCİAL),a26894f0f2a242546f73e0cce3775e3a99e299a7b467cf3707f4f38c648c25b2,other_enhanced.wav,4:46,2026-06-03,2026-08-08,UNRELEASED
probe v2 bass,Vael Cross,Aşkın Öztürk,Aşkın Öztürk,Esin Banu Öztürk,Aşkın Öztürk & Esin Banu Öztürk (AURA SONİC OFFİCİAL),cc89f67f3992499e7edeeee1dadf98f78b4e70ffcfa83ad5127bc19be893479d,_probe_v2_bass.wav,4:02,2026-07-09,2026-08-08,UNRELEASED
probe v2 drums,Vael Cross,Aşkın Öztürk,Aşkın Öztürk,Esin Banu Öztürk,Aşkın Öztürk & Esin Banu Öztürk (AURA SONİC OFFİCİAL),8f8e8974859c1fb8fd08fde0004079b3e2d002ae11c32e95a3011addbc88b534,_probe_v2_drums.wav,4:02,2026-07-09,2026-08-08,UNRELEASED
probe v2 guitar,Vael Cross,Aşkın Öztürk,Aşkın Öztürk,Esin Banu Öztürk,Aşkın Öztürk & Esin Banu Öztürk (AURA SONİC OFFİCİAL),74536a707a6b7f022a4acf84c7c272673589b393c554ddd968aefef032a45faa,_probe_v2_guitar.wav,4:02,2026-07-09,2026-08-08,UNRELEASED
probe v2 piano,Vael Cross,Aşkın Öztürk,Aşkın Öztürk,Esin Banu Öztürk,Aşkın Öztürk & Esin Banu Öztürk (AURA SONİC OFFİCİAL),f15b4dedb65a36fd97054db5597269385e144b64a63486a0da54b320e8326a69,_probe_v2_piano.wav,4:02,2026-07-09,2026-08-08,UNRELEASED
probe v2 strings,Vael Cross,Aşkın Öztürk,Aşkın Öztürk,Esin Banu Öztürk,Aşkın Öztürk & Esin Banu Öztürk (AURA SONİC OFFİCİAL),6d855fdc4bbe7735981e57b1b7be0ccc42e2f971a434cd37c2610cef8aefd6ca,_probe_v2_strings.wav,4:02,2026-07-09,2026-08-08,UNRELEASED
probe v2 vocal,Vael Cross,Aşkın Öztürk,Aşkın Öztürk,Esin Banu Öztürk,Aşkın Öztürk & Esin Banu Öztürk (AURA SONİC OFFİCİAL),d290b88777c79f74ae756563f916c520536ea075bfc0bad24baaa07bb294a713,_probe_v2_vocal.wav,4:02,2026-07-09,2026-08-08,UNRELEASED
qw,Vael Cross,Aşkın Öztürk,Aşkın Öztürk,Esin Banu Öztürk,Aşkın Öztürk & Esin Banu Öztürk (AURA SONİC OFFİCİAL),50abc50a80c95db9541329383e8aacfb9665a20f20c6698921dcbb909201ab3d,qw.wav,4:01,2026-07-09,2026-08-08,UNRELEASED
seslendirecek-dark angel,Vael Cross,Aşkın Öztürk,Aşkın Öztürk,Esin Banu Öztürk,Aşkın Öztürk & Esin Banu Öztürk (AURA SONİC OFFİCİAL),6f09fc80387e025ff8838b2c1f1f6bde2082c06e1db183f0bcbd0d1c33c8bf7f,vael seslendirecek-dark angel.wav,3:28,2026-02-20,2026-08-08,UNRELEASED
sooooma,Vael Cross,Aşkın Öztürk,Aşkın Öztürk,Esin Banu Öztürk,Aşkın Öztürk & Esin Banu Öztürk (AURA SONİC OFFİCİAL),67d1b7954c3ebb24ca4d403c364ef9f0828145b9d1964c7c1454d2cf0a1cfe45,sooooma.wav,4:01,2026-07-09,2026-08-08,UNRELEASED
sooooma MASTER,Vael Cross,Aşkın Öztürk,Aşkın Öztürk,Esin Banu Öztürk,Aşkın Öztürk & Esin Banu Öztürk (AURA SONİC OFFİCİAL),2c1f894e441907da5cde8c81e535ad1b84a9ae230d54c6b971a216b7cecd998e,sooooma_MASTER.wav,4:01,2026-07-09,2026-08-08,UNRELEASED
vocal pitch derobot,Vael Cross,Aşkın Öztürk,Aşkın Öztürk,Esin Banu Öztürk,Aşkın Öztürk & Esin Banu Öztürk (AURA SONİC OFFİCİAL),aeac57b281e4de53fa48bb2d38172af4c6f8ea34d1cef881080e2af542a911af,vocal_pitch_derobot.wav,4:46,2026-06-03,2026-08-08,UNRELEASED
vocal rvc,Vael Cross,Aşkın Öztürk,Aşkın Öztürk,Esin Banu Öztürk,Aşkın Öztürk & Esin Banu Öztürk (AURA SONİC OFFİCİAL),450850c5a3271fead0530ca95361b5d1c5a06ee75eb2a18745bf3baae61db8a7,vocal_rvc.wav,4:46,2026-06-03,2026-08-08,UNRELEASED
vocals,Vael Cross,Aşkın Öztürk,Aşkın Öztürk,Esin Banu Öztürk,Aşkın Öztürk & Esin Banu Öztürk (AURA SONİC OFFİCİAL),91f4644e073e30e6a8ded8e864c470d0cf8d55690ba36a57caafde0e03d007f6,vocals.wav,4:01,2026-06-27,2026-08-08,UNRELEASED
243 SCREEN DOWN,Zayn Ryder,Aşkın Öztürk,Aşkın Öztürk,Esin Banu Öztürk,Aşkın Öztürk & Esin Banu Öztürk (AURA SONİC OFFİCİAL),47ed2f069a174d018c2ba0e53b264e5c3f518de0786e1283071c0ddb773c104d, clean_24-07-26-ZAYN RYDER- 243 SCREEN DOWN.mp3,3:09,2026-07-24,2026-08-08,UNRELEASED
BLUE HOUR SCREEN DARK,Zayn Ryder,Aşkın Öztürk,Aşkın Öztürk,Esin Banu Öztürk,Aşkın Öztürk & Esin Banu Öztürk (AURA SONİC OFFİCİAL),f9cf14338c43985ac941c11d5f1542ff3f7fdc454fd523a622c7ce1314af8bd1, clean_24-07-26-ZAYN RYDER- BLUE HOUR SCREEN DARK.mp3,3:09,2026-07-24,2026-08-08,UNRELEASED
CROPPED OUT BY MORNING,Zayn Ryder,Aşkın Öztürk,Aşkın Öztürk,Esin Banu Öztürk,Aşkın Öztürk & Esin Banu Öztürk (AURA SONİC OFFİCİAL),95d8083808107df1bf1d55a4081f675f011088f4fdab55c96e9161a9cf75ab36, clean_24-07-26-ZAYN RYDER- CROPPED OUT BY MORNING.mp3,3:11,2026-07-24,2026-08-08,UNRELEASED
HOME IS STILL SAVED,Zayn Ryder,Aşkın Öztürk,Aşkın Öztürk,Esin Banu Öztürk,Aşkın Öztürk & Esin Banu Öztürk (AURA SONİC OFFİCİAL),b96cb7a39b41df89633c983280cd69e2e05b2f7707feafb3d00f9eb2e6ddeeb0, clean_24-07-26-ZAYN RYDER- HOME IS STILL SAVED.mp3,3:09,2026-07-24,2026-08-08,UNRELEASED
YOUR KNEE AGAINST THE DASH,Zayn Ryder,Aşkın Öztürk,Aşkın Öztürk,Esin Banu Öztürk,Aşkın Öztürk & Esin Banu Öztürk (AURA SONİC OFFİCİAL),13450016aa7158cbf45cf84ffa79ef0aad66f5450b3117e1c750ba60e4e7017b, clean_24-07-26-ZAYN RYDER- YOUR KNEE AGAINST THE DASH.mp3,3:10,2026-07-24,2026-08-08,UNRELEASED
ADIMIZ BİZİM,İrem Sezin,Aşkın Öztürk,Aşkın Öztürk,Esin Banu Öztürk,Aşkın Öztürk & Esin Banu Öztürk (AURA SONİC OFFİCİAL),2cc395d5a3b26eb0a941bb32588df311d6100cc64a69b2b30bea862dd1924d0a,sarki.wav,2:54,2026-06-12,2026-08-08,UNRELEASED
SEZİN— Yıldızlarda Parlıyor (Lead Vocal),İrem Sezin,Aşkın Öztürk,Aşkın Öztürk,Esin Banu Öztürk,Aşkın Öztürk & Esin Banu Öztürk (AURA SONİC OFFİCİAL),f1d5bf95add26eedce554328282fc802ecc88b9d5172c97b803a6d0c685ac7ce,İREM SEZİN— Yıldızlarda Parlıyor (Lead Vocal).wav,5:29,2026-07-27,2026-08-08,UNRELEASED
VUR KADEHİ MASAYA,İrem Sezin,Aşkın Öztürk,Aşkın Öztürk,Esin Banu Öztürk,Aşkın Öztürk & Esin Banu Öztürk (AURA SONİC OFFİCİAL),15fdaa252b86f5b31d5c6f5d0b29242eb138145c01522126959040ad8027dc4d,sarki.wav,4:34,2026-06-12,2026-08-08,UNRELEASED
